1787583,21212,22457
1787583,22457
1787583,21212
1787583,22457
1787583,21212
1787583,21212,22457
1787583,21212,22457
21212,22457
1787583,21212,22457
1787583,21212,22457
1787583,22457
1787583,22457
1787583,21212,22457
1787583,22457
1787583,21212
1787583,21212,22457
1787583,21212,22457
1787583,21212
1787583,22457
1787583,21212,22457
21212,22457
1787583,21212
1787583,21212,22457
1787583,21212,22457
1787583,22457
21212,22457
1787583,21212,22457
1787583,21212,22457
1787583,22457
1787583,21212,22457
21212,22457
1787583,21212,22457
1787583,21212
1787583,22457
1787583,21212
1787583,22457
1787583,21212
1787583,21212
1787583,22457
1787583,22457
1787583,22457
1787583,22457
1787583,22457
1787583,21212,22457
1787583,21212,22457
1787583,21212,22457
1787583,21212,22457
1787583,22457
21212,22457
1787583,21212,22457
21212,22457
1787583,21212
1787583,21212,22457
1787583,21212
1787583,22457
1787583,22457
1787583,21212
1787583,22457
1787583,22457
1787583,22457
1787583,21212,22457
1787583,21212
21212,22457
1787583,22457
1787583,21212
21212,22457
1787583,22457
1787583,22457
1787583,22457
1787583,21212
21212,22457
1787583,22457
21212,22457
1787583,22457
1787583,22457
1787583,22457
1787583,21212,22457
1787583,21212,22457
1787583,21212
1787583,22457
1787583,22457
1787583,21212,22457
1787583,21212
1787583,22457
1787583,22457
21212,22457
1787583,21212
1787583,22457
1787583,22457
1787583,22457
21212,22457
1787583,22457
1787583,22457
21212,22457
1787583,21212
1787583,21212,22457
21212,22457
1787583,21212
1787583,22457
1787583,21212,22457
1787583,22457
21212,22457
21212,22457
1787583,21212
1787583,22457
1787583,21212
1787583,22457
1787583,22457
1787583,22457
1787583,21212
1787583,22457
1787583,21212,22457
21212,22457
21212,22457
21212,22457
1787583,21212,22457
1787583,22457
1787583,22457
21212,22457
1787583,22457
21212,22457
1787583,22457
1787583,22457
1787583,21212
1787583,22457
1787583,22457
21212,22457
1787583,22457
21212,22457
1787583,22457
1787583,21212,22457
1787583,22457
1787583,21212,22457
1787583,22457
1787583,22457
1787583,21212
1787583,21212,22457
1787583,21212,22457
21212,22457
1787583,21212
1787583,22457
1787583,21212
1787583,21212,22457
1787583,21212,22457
1787583,22457
1787583,22457
1787583,22457
1787583,21212
1787583,21212,22457
1787583,21212
1787583,22457
1787583,22457
1787583,21212
1787583,22457
1787583,22457
1787583,22457
1787583,22457
1787583,21212
1787583,21212
1787583,21212,22457
1787583,21212
21212,22457
1787583,21212
1787583,21212,22457
1787583,22457
1787583,21212
1787583,22457
1787583,22457
21212,22457
21212,22457
1787583,22457
21212,22457
1787583,21212
1787583,21212
1787583,22457
1787583,22457
21212,22457
1787583,22457
1787583,21212
1787583,21212
21212,22457
1787583,22457
1787583,22457
1787583,22457
1787583,21212
1787583,22457
1787583,21212
1787583,21212,22457
1787583,21212
1787583,22457
1787583,22457
1787583,21212
1787583,22457
1787583,21212
1787583,22457
21212,22457
1787583,22457
21212,22457
1787583,22457
21212,22457
1787583,22457
1787583,22457
1787583,21212
1787583,22457
1787583,21212
21212,22457
1787583,21212
1787583,21212,22457
1787583,22457
1787583,22457
1787583,21212,22457
1787583,22457
1787583,21212
1787583,21212,22457
1787583,21212
1787583,21212
1787583,22457
1787583,22457
1787583,21212,22457
1787583,22457
1787583,22457
1787583,22457
1787583,22457
1787583,21212,22457
21212,22457
1787583,22457
1787583,22457
1787583,21212,22457
1787583,22457
1787583,22457
1787583,22457
1787583,21212
21212,22457
1787583,21212
1787583,22457
1787583,21212
1787583,21212,22457
1787583,21212
1787583,21212
1787583,21212,22457
1787583,22457
1787583,21212
21212,22457
21212,22457
1787583,22457
1787583,21212
1787583,22457
1787583,21212,22457
1787583,22457
1787583,21212
1787583,22457
1787583,21212
21212,22457
1787583,22457
21212,22457
21212,22457
21212,22457
1787583,22457
1787583,21212
1787583,21212,22457
1787583,21212,22457
1787583,21212,22457
1787583,21212,22457
1787583,21212,22457
1787583,21212,22457
1787583,21212
1787583,21212,22457
1787583,21212
21212,22457
1787583,21212,22457
1787583,22457
1787583,22457
1787583,21212,22457
1787583,22457
1787583,21212
1787583,22457
1787583,22457
1787583,21212
1787583,21212
1787583,22457
1787583,21212,22457
1787583,21212
1787583,21212,22457
1787583,22457
1787583,22457
1787583,21212
1787583,21212
21212,22457
1787583,21212
1787583,21212
1787583,22457
1787583,21212
1787583,21212,22457
1787583,22457
1787583,21212,22457
21212,22457
1787583,21212
1787583,22457
1787583,21212
21212,22457
1787583,22457
1787583,22457
21212,22457
1787583,21212
21212,22457
1787583,22457
1787583,21212
21212,22457
21212,22457
1787583,21212,22457
1787583,21212
1787583,21212
1787583,21212
1787583,22457
1787583,22457
1787583,21212
1787583,22457
1787583,22457
21212,22457
1787583,21212,22457
21212,22457
1787583,22457
21212,22457
1787583,22457
1787583,22457
1787583,21212
1787583,22457
1787583,21212,22457
1787583,21212
1787583,22457
1787583,21212
1787583,21212,22457
1787583,22457
1787583,22457
1787583,21212,22457
1787583,22457
1787583,22457
21212,22457
1787583,22457
1787583,21212,22457
21212,22457
21212,22457
1787583,22457
1787583,21212,22457
1787583,22457
1787583,22457
1787583,22457
1787583,21212
1787583,22457
1787583,21212
1787583,21212,22457
1787583,22457
21212,22457
1787583,21212,22457
21212,22457
1787583,22457
1787583,22457
1787583,22457
1787583,21212
1787583,21212
1787583,22457
1787583,21212,22457
1787583,21212
21212,22457
1787583,21212,22457
1787583,21212
1787583,21212
1787583,22457
1787583,22457
1787583,21212,22457
1787583,22457
21212,22457
21212,22457
21212,22457
1787583,21212
1787583,21212,22457
1787583,21212
1787583,21212,22457
1787583,22457
1787583,21212
1787583,22457
1787583,22457
1787583,22457
21212,22457
21212,22457
1787583,22457
1787583,21212
21212,22457
21212,22457
1787583,22457
1787583,21212
1787583,21212
1787583,22457
1787583,21212,22457
1787583,22457
21212,22457
1787583,22457
1787583,21212
1787583,22457
21212,22457
1787583,21212
21212,22457
1787583,21212
1787583,21212
21212,22457
1787583,21212,22457
1787583,22457
1787583,21212
1787583,21212
1787583,22457
1787583,21212
1787583,22457
1787583,21212,22457
1787583,21212,22457
21212,22457
1787583,21212
1787583,22457
1787583,21212
1787583,21212
1787583,21212,22457
1787583,21212,22457
1787583,22457
1787583,21212,22457
1787583,22457
1787583,21212
1787583,22457
1787583,22457
1787583,21212
1787583,21212,22457
1787583,21212
1787583,22457
1787583,21212,22457
21212,22457
1787583,22457
21212,22457
1787583,22457
1787583,22457
1787583,21212,22457
1787583,22457
1787583,21212
1787583,21212
21212,22457
1787583,22457
1787583,22457
1787583,22457
1787583,21212
21212,22457
1787583,22457
1787583,22457
1787583,22457
1787583,22457
1787583,21212
1787583,22457
1787583,21212,22457
21212,22457
1787583,22457
1787583,22457
21212,22457
1787583,22457
21212,22457
1787583,21212
21212,22457
1787583,22457
1787583,22457
1787583,21212
21212,22457
1787583,21212
1787583,21212,22457
1787583,22457
1787583,22457
1787583,22457
21212,22457
1787583,21212
21212,22457
1787583,21212
1787583,21212
21212,22457
1787583,22457
1787583,21212
21212,22457
1787583,21212,22457
21212,22457
1787583,22457
1787583,21212
1787583,22457
1787583,21212,22457
1787583,22457
21212,22457
1787583,21212
1787583,22457
1787583,21212
1787583,22457
21212,22457
1787583,22457
1787583,21212
1787583,22457
21212,22457
1787583,22457
1787583,21212
1787583,21212,22457
21212,22457
1787583,21212
1787583,21212
1787583,22457
1787583,22457
1787583,21212
1787583,21212
1787583,21212,22457
1787583,21212
21212,22457
1787583,21212
1787583,22457
1787583,21212
1787583,22457
1787583,21212
1787583,21212,22457
1787583,21212
1787583,22457
1787583,22457
1787583,22457
1787583,21212
1787583,22457
21212,22457
1787583,21212
21212,22457
1787583,21212
1787583,21212
1787583,21212
1787583,21212,22457
1787583,21212
1787583,21212
21212,22457
1787583,21212
1787583,21212,22457
1787583,21212,22457
1787583,21212
21212,22457
1787583,21212
1787583,22457
1787583,21212,22457
1787583,22457
1787583,21212
1787583,22457
21212,22457
1787583,22457
1787583,22457
1787583,22457
1787583,21212
21212,22457
1787583,21212,22457
1787583,22457
1787583,22457
1787583,22457
1787583,21212
1787583,22457
1787583,21212
1787583,21212,22457
1787583,22457
21212,22457
1787583,21212
21212,22457
1787583,21212
1787583,22457
1787583,22457
1787583,22457
21212,22457
1787583,22457
1787583,21212
1787583,22457
1787583,21212
1787583,22457
21212,22457
1787583,21212,22457
21212,22457
1787583,21212
1787583,22457
1787583,21212
21212,22457
1787583,22457
1787583,22457
1787583,21212,22457
1787583,22457
1787583,21212,22457
1787583,22457
1787583,22457
1787583,21212
1787583,21212
1787583,22457
21212,22457
1787583,22457
1787583,21212,22457
1787583,22457
1787583,21212
1787583,22457
1787583,21212,22457
1787583,21212
1787583,21212
1787583,21212,22457
1787583,22457
1787583,22457
1787583,21212,22457
1787583,21212,22457
1787583,21212
1787583,22457
1787583,21212
1787583,21212
1787583,22457
1787583,22457
1787583,22457
1787583,21212
21212,22457
1787583,22457
1787583,22457
1787583,21212,22457
1787583,22457
1787583,21212
1787583,21212
1787583,21212,22457
1787583,21212,22457
1787583,22457
1787583,22457
1787583,22457
1787583,22457
1787583,21212,22457
1787583,21212,22457
1787583,22457
21212,22457
1787583,22457
1787583,21212,22457
21212,22457
1787583,22457
1787583,22457
1787583,21212
1787583,21212,22457
1787583,21212
21212,22457
21212,22457
1787583,21212,22457
1787583,22457
1787583,21212,22457
1787583,21212
21212,22457
1787583,21212
1787583,21212
1787583,21212,22457
1787583,21212,22457
1787583,21212
1787583,21212,22457
1787583,22457
1787583,22457
1787583,22457
1787583,22457
1787583,21212,22457
1787583,21212
1787583,21212,22457
1787583,22457
1787583,22457
1787583,22457
1787583,22457
1787583,21212
1787583,21212,22457
1787583,22457
1787583,21212
1787583,21212,22457
21212,22457
1787583,22457
1787583,21212,22457
1787583,22457
1787583,21212
1787583,21212,22457
1787583,21212
21212,22457
1787583,21212,22457
1787583,21212,22457
1787583,21212,22457
21212,22457
21212,22457
1787583,21212
1787583,22457
1787583,21212
1787583,21212
1787583,21212,22457
1787583,21212,22457
1787583,21212,22457
1787583,21212,22457
21212,1784937,460551,470106,1787079,435225
463806,470631
22457,471849
1786029,482160
1787583,1787079,466137,482160
1782459,21212
1787583,1786029,435225,470022
1786029,21212,471849,470043,435267,466137,435288
1782459,21212,1784937
460551,1787079,466137
1786029,470043,435267,466137,470022,463806,435225,435288
1786029,463806,21212,471849
21212,482160,1782459,466137,470106,463806,1787079
470883,470631
1782459,1787583,470883
1787583,471849,1776516,466137
460551,1787079,1784937
1787079,470631
1786029,470883,470631,482160
470883,470631
21212,466137
463806,471849,22457
1787583,470043,435267,470022,460551,470106,1787079,470631
1786029,21212,1787583,22457,471849,470883,482160,470043,466137,463806,1787079,435225
1787583,1787079
435267,1787583,1787079
1784937,482160
1787583,22457
470631,1787583,21212,1786029,471849,470883,1776516,1782459,435267,460551,466137,470106,998886,463806,1787079,435225,435288
463806,466137
1787583,470631
1787583,470631
1787583,22457,470883,1782459,470106,1787079
1787583,470631
1787583,470631
1786029,21212
1787583,470631
1787583,470631
460551,470106,1787079
463806,482160
435267,22457
21212,466137,482160
998886,471849
1787079,1784937
463806,470883
1782459,470883
1787583,470631
1787583,470631
22457,470022
1786029,21212,470883,1784937,463806
1782459,1786029,22457
460551,463806,21212,471849
1782459,1787583,21212
1787583,470631
1787583,470631
470043,435267,466137
463806,466137
21212,435267,470022,463806,435225
471849,466137
1782459,470883
1787583,463806
1782459,435288
460551,470106,1787079
1782459,470883
1786029,463806
1787583,1786029
1782459,471849
435267,435225,1784937
471849,470883,435288,470022
470883,482160
1786029,1787583
1787583,463806
22457,471849,470883,466137,998886,470106,1787079,435225
1787583,482160,470043,435267,470022,435225
998886,1787079,435225
22457,471849,1776516,482160,470043,466137,998886,470106,1787079,435225
1786029,1787079,482160
1787583,21212,22457,1786029,471849,470883,482160,1782459,435267,460551,466137,470022,998886,463806,1787079,435225
460551,470106,1787079,1784937
1782459,463806,471849
470043,435267,435225,435288
1784937,471849,470631
1782459,1786029,21212,463806
21212,470883
998886,470883
471849,22457
463806,470883
1787583,1787079,470631
470631,1787583,1786029,21212,471849,470883,1784937,435267,460551,463806,1787079,435288
1786029,463806,470631
470043,435288
470043,435288,470022
21212,1787079
466137,1784937
1782459,1786029
463806,470883
471849,470883
1787583,471849
463806,470043,435225
470043,470022
1787583,471849
1787583,471849,435288
1782459,1787583
22457,1784937,470043,466137,470022,463806,1787079
470883,1784937,998886,435225,435288
1787079,470022
1787583,21212,22457,463806,460551,470106,1787079,1776516
998886,463806
1782459,1786029,463806
1786029,21212,22457,470883,1784937,463806,470043,470022,460551,470106,1787079,435225,435288
22457,471849,1782459,470043,435267,1787079,435225,435288
1787583,463806
998886,471849
1787583,471849,998886,466137,460551,463806,1787079,1776516
463806,1787079
1782459,998886,21212
21212,466137
1786029,470883,482160
1786029,1787079
1782459,471849
1782459,1787583,1776516,435288
470043,22457,435225,471849
470106,1787079,466137,482160
998886,466137
463806,21212,470883
463806,435267,470883,435288
1787583,463806
1786029,463806
470043,21212,1787079
1786029,1787583,22457,21212,471849,470883,1776516,482160,1782459,470043,435267,466137,470022,463806,1787079,435225,470631
1787079,471849
1782459,1787583
470631,1786029,21212,22457,1787583,471849,470883,1784937,482160,435267,466137,470022,470106,460551,463806,1787079,435225,435288
470631,460551,435288
1784937,466137,470022,460551,1787079,470631
466137,482160
1787583,471849,470883,22457
1787583,463806
463806,470631
1782459,482160
22457,1776516
435267,470022,1787079,435225,435288
460551,470106,1787079,470883
460551,1787079,470631
460551,470106,1787079
1786029,470043,466137
21212,463806,1784937
1787583,22457,471849,470043,435267,470022,435225,435288
463806,466137
463806,22457,470883,466137
471849,470043,435267,470022,460551,1787079,435225,435288
1782459,1787583
1787583,463806
1782459,1786029,470883
460551,1787079
1787583,463806,470883
463806,1784937
998886,482160
1782459,1786029,470883
1782459,463806
1787583,21212,22457,1786029,471849,470883,1784937,1776516,998886,482160,466137,470022,460551,463806,435225,435288
463806,470883
1782459,1787583
435288,435267,1784937
1782459,1786029
470043,435267,470022
1786029,471849
470043,435225,470022
1787583,463806,22457,471849
466137,482160
435267,470631,1787079
1787583,1787079,470883,466137
1782459,1787583,21212
1787583,470883
1787583,463806,471849
1787583,470106,1787079
22457,470883,1784937,1782459,463806
1787583,471849
460551,463806,1787079,470631
21212,470883
1786029,463806
1782459,21212
1786029,21212,22457,1787583,471849,470883,1784937,998886,482160,1776516,435267,466137,460551,463806,1787079,435225
470631,1786029,21212,1787583,470883,1784937,435267,460551,463806,1787079,435288
22457,471849,998886,470106,1787079,435225
22457,470043,466137,435225,998886,1787079,1776516
22457,471849,1776516,470043,466137,470106,1787079,435225
471849,466137,435225,470106,1787079,1776516
21212,470883,482160,470043,463806
1787079,466137
1787583,1787079,482160
435267,1787079,470631
1787583,21212,22457,1786029,471849,470883,463806,998886,482160,470043,435267,466137,460551,470106,1787079,435225
1787583,21212
435288,21212,435225,1784937
1782459,998886,471849
21212,1776516,470883
998886,463806,1786029
1787079,470883,470631
1787583,1787079
463806,1787079,482160
1787583,471849,482160,1782459,470106,1776516
463806,21212
1787583,22457,471849,482160,435267,470022,470106,435225,470631
21212,1782459,470043,463806,1787079
470043,435267,470022,460551,470106,1787079,435225,470631
471849,470883
22457,470883
21212,466137
466137,1784937
1786029,1787583,22457,21212,471849,470883,463806,1784937,482160,1782459,460551,466137,998886,470106,1787079,435225,470631
471849,466137
1782459,1787583
1786029,21212,470883,463806,1787079
435267,463806,471849,470883
1786029,1787583
470106,1787079,470883
1782459,1787583
463806,482160
470043,435267,470022,435225,435288
1782459,466137,22457,1784937
1782459,1787079,435225,482160
21212,466137
1786029,470883
1782459,435267,470022,463806,435225
471849,470883
1787583,470883,1784937,435267,470022,435225
21212,470883,466137
21212,22457
998886,1787583
1787583,21212,1786029,471849,482160,435288,1787079,470631
470106,1787079
1787583,463806,1776516
1787583,471849
463806,471849
1786029,21212,1787583,22457,471849,470883,1784937,1776516,463806,470043,466137,470022,998886,470106,1787079,435225,470631
21212,463806,1784937
21212,466137
1782459,463806
1782459,1787583,463806,998886
470043,466137,470022,470106,435225
1787583,471849,998886
460551,463806,1787079,466137
1787583,471849,470883
22457,471849,470883,482160,470043,466137,998886,435225
22457,471849,470883,1776516,470043,466137,998886,470106,1787079,435225
471849,470883,466137,435225,998886,470106,1787079,1776516
998886,470106,1787079,466137
1787583,1786029,466137
435267,463806,470043,435288
1786029,463806,21212
1782459,463806,466137
21212,470883
1787583,21212,1786029,22457,471849,470883,463806,1776516,482160,1782459,470043,466137,470022,460551,470106,1787079,435225,435288
1787583,471849
463806,466137,482160
1787583,471849
21212,470883
1782459,435225
1786029,1787583,22457
1786029,463806
470043,435288,470022
1776516,466137
1786029,463806,471849
21212,22457
463806,470883
1787583,471849
470883,470631,435225
1782459,1787583,435225
463806,470883
21212,435267
470631,470043,460551,1787079,435225,435288
1787583,463806
463806,482160
1786029,21212,22457,1787583,471849,470883,998886,482160,1776516,435267,466137,460551,463806,1787079,435225,435288
435267,1787583,1787079,435225
470631,1787583,21212,1786029,470883,1784937,435267,460551,463806,1787079,435288
21212,1787079,1776516
21212,1787079,482160
463806,1787079,466137,22457
471849,1784937
435267,435225
1786029,466137,1784937
1787583,435267,466137,482160
1787583,471849,482160,470043,435267,466137,470022,460551,470106,1787079,435225,435288
1786029,1787583,471849,1784937,482160
1787583,463806
435225,435288
1786029,463806,21212
463806,22457
463806,1784937
1787583,1787079,471849
1787583,466137
460551,1787079,470631,471849
435267,460551,470043,1787583
471849,22457
1786029,1787583,471849,470883,466137,1787079
470106,463806
1782459,463806,1787079,470883
1787583,463806
21212,466137
1787583,1786029,471849,998886,1782459,460551,463806
460551,470106
1786029,21212,1787583,22457,471849,470883,1784937,998886,482160,1782459,435267,466137,470022,460551,463806,1787079,435225,470631
1787583,22457,998886,471849
1787583,470883
1787583,466137
1787583,21212,22457,1786029,471849,470883,1784937,482160,1782459,435267,466137,463806,1787079,1776516,470631
463806,1787079,470631
1782459,22457
470631,22457,435288,470022
1787583,463806
470106,1787079,22457
21212,22457
1786029,1787583
1787583,21212,22457,471849,466137,470631
471849,470883
463806,482160
1782459,1786029
1786029,1784937,470043,470022,460551,435225
1787583,21212,1786029,470883,470022,460551,463806
1782459,1786029
1782459,1784937
463806,470883,470631
1787079,471849
435267,435225
1787583,463806,471849
1787583,1787079,471849
477120,1787079,470631
463806,471849
1787583,22457
1786029,1784937
1787583,463806,471849
1784937,482160
21212,435267,466137,463806,435225
477120,482160
1787583,21212,1784937,477120,460551,1787079,470631
1787583,1787079,471849
1787079,466137
435288,470043,435267,470022,460551,470106,1787079,435225,470631
1782459,998886,1787583
477120,482160
1782459,1787583
470043,435288
1782459,466137,1784937
435267,435225,466137
1784937,466137
1787583,22457,1784937,460551,1787079,470631
1787583,21212
1787583,477120
477120,482160
477120,470883
1787079,470631
466137,482160
470631,1786029,1787583,21212,470883,1784937,435267,460551,463806,1787079,435288
470043,466137
1787079,482160
22457,1776516,466137,998886,1787079,435225
1782459,21212,1787079,470631
435267,470883,470022
1782459,22457,470883
460551,470043,1787583,435288
471849,470883,466137,1787079
1787583,470883,470043,435267,470022,435288
21212,435267,435225,470022
1787583,21212,435288,466137,463806,470631
1782459,463806,1784937,482160
1782459,1787583,22457,466137
463806,470883
460551,470883
477120,22457
1787583,477120
1787583,471849,470043,470022,1787079
1787583,471849,482160
1787583,471849,22457
1787583,463806,435267,435225
470883,482160
471849,1782459,477120,470043,470022,435225
460551,1787079
470043,435225,435288,470022
21212,471849,470043,477120,466137
1786029,463806,21212
470043,470106,1787079,435225,470631
1786029,477120,471849
477120,21212
463806,1787079
1787079,482160
1787583,470043,463806,435225,435288
460551,1787583,1784937,22457
1786029,435225,435288
1782459,1787583
1787583,463806
1786029,435225
477120,470022,482160
1782459,1787583
1787583,470883
470106,1787079
460551,470106,435288,470022
1787583,22457,470883,482160,1782459
1786029,477120,471849,463806
460551,470106,1787079,470631
1787583,477120
1787583,1787079,470631
1782459,460551,466137
477120,470022
470106,1787079
477120,22457
1787583,22457
1787583,1787079,470631
460551,470043,435267
460551,463806,1787079
1787583,477120
1782459,477120
477120,482160
477120,482160
21212,477120
470106,1787079
1787583,482160
477120,482160
470883,482160
1787079,435225
470883,482160
470106,1787079,470631
1786029,21212,22457,1787583,471849,470883,482160,1782459,466137,470022,998886,463806,1787079,470631
1787583,21212,22457,471849,470883,1784937,482160,1782459,470043,466137,435225,460551,463806,1787079,1776516,470631
1786029,21212,22457,1787583,471849,470883,998886,482160,477120,435267,470043,466137,470106,460551,463806,1787079,1776516
1782459,1787583
477120,471849,470883
1786029,470883
1787583,463806
1787583,21212,22457,1786029,471849,470883,1784937,482160,1782459,477120,466137,470022,998886,463806,1787079,435225,470631
1787583,22457,471849,470883,1784937,463806,477120,435267,466137,470022,435225,460551,470106,1787079,1776516
470106,1787079,1784937
1782459,1787583
1786029,1787583
1786029,470883
1784937,470043,466137,470022,435225
998886,1787583
1787583,1786029,470631
477120,1784937
460551,477120,482160
1786029,22457,471849,470883,998886,482160,477120,466137,460551,463806,1787079
435267,471849
460551,1787079,435225
1786029,477120
477120,470883
1787583,470883,466137
1787583,1787079
1787583,477120,471849
998886,21212,22457,470883
1787583,21212,22457,471849,470883,482160,477120,466137,463806,1787079,435225,435288
21212,1784937,466137
477120,470883
471849,470883,1787079
1786029,21212,22457,470883,482160,477120,466137,460551,463806,1787079,435225
1786029,1787079,470883
22457,470883
471849,435225,470022
1787583,21212,482160,477120,463806,435288
463806,22457
1786029,1787583,22457,21212,471849,470883,477120,998886,435225
1782459,22457
1787583,21212,470883,482160,477120,466137,1787079
1786029,463806
1787583,471849,470631
21212,470043,1784937,470022
470106,998886,470043,466137
22457,482160,470043,466137,998886,1776516
1787079,1776516,466137
471849,470043,466137,998886,470106
22457,471849,482160,470043,466137,470106,1787079
470043,470106,1787079,22457
998886,470106,22457
998886,471849,1776516
998886,482160
471849,482160
998886,470043
470631,1786029,1787583,21212,470883,1784937,435267,460551,463806,1787079,435288
477120,470883
1786029,470883,998886
477120,482160
1787583,477120
1786029,22457,470883
1787583,471849,435225,435288
1787583,477120,998886
1787583,1787079
1787583,1786029
21212,482160
477120,1787079
21212,470883,435288,460551,1787079,470631
1782459,21212,470883,477120
1786029,22457,471849,470883,482160,470043,435267,477120,466137,435225,463806,1787079,1776516
1787079,470631
1787583,22457,466137
1787583,470106,1787079
477120,22457
1786029,1787583,470883
21212,482160,1782459,477120,435225
1786029,998886
470631,477120,1787079,1784937
22457,470883,471849
21212,470883,1784937,470022,998886,470106,1787079,470631
1786029,1787583,22457,471849,482160,477120,998886,463806,1776516,435288
1782459,471849
1787583,1784937
1782459,460551,1787583,471849
1782459,477120,22457
471849,22457
470883,466137
1787583,21212,471849,470043,435267,470022
1787079,435225,470883
1782459,1787583,477120
1782459,1787583,482160
460551,21212,1787079,1784937
1787583,998886
1786029,22457,470883,463806,1787079,1776516
1787079,1784937
1787583,471849
470043,1787079,471849
1787583,471849
1784937,477120,470022,460551,470106,1787079,435225
471849,482160
1782459,470883
1787583,471849
1786029,1776516
1782459,1787583
1787583,22457,471849,1782459,477120,470043,466137,470022,435288
1787079,470631
1786029,22457,1787079,1776516,470631
998886,1787583,22457
1787583,477120,482160
22457,471849
477120,482160
1787583,22457,1782459,466137,1787079,435225,435288
435225,466137
1784937,435267,466137,998886,470106,1787079,435225,435288
1784937,435267,466137,998886,470106,1787079,435225,435288
1787583,1787079,435225
1787583,21212,22457,1782459,435267,470022,460551,470106,1787079,435225,435288
1787583,477120,470883
477120,470883
1787583,21212,470883,1782459,470043,460551,1787079
21212,22457,470043,435267,477120,460551,470106,1787079
21212,435225
1786029,470883,477120,466137,435225,463806,1787079,1776516
22457,1784937,482160,435288,477120,435267,470043,466137,460551,1787079,470631
1786029,470883,1784937,435288,435267,470022,460551,463806,1787079,470631
470883,435288,460551,1787079,470631
470043,466137,470022,435225,435288
435267,1787079,1784937
1787583,477120,470883
1787583,22457
1787583,21212,470883,1784937,482160,477120,435267,470043,470022,998886,435225,435288
21212,22457,435225,477120
1782459,466137,470022
435267,435225,435288,470022
477120,482160
470106,1787079,1784937
477120,471849
22457,471849,470883,1784937,477120,998886,470106
21212,470883
1784937,435267,466137,998886,470106,1787079,435225,435288
1786029,1776516,470631,435225
477120,482160
460551,470106,1787079
21212,1784937,1776516,435267,435225
1787583,470883
1787583,22457,471849
1786029,463806,435267,998886,470106,1787079,1776516
1787583,470883,435267,466137,470022,998886,435225,435288
21212,471849,1784937
470043,470022
470106,1787079
460551,477120
998886,1787583,471849
1787583,471849
477120,482160
477120,1787079,470631
470883,482160
1782459,477120
1787583,22457,471849
470043,435225
460551,477120,1787079,470631
470043,435267
1786029,1787583,477120,22457
1787583,470043,460551,1787079,470631
470043,460551,470106,1787079,470631
1787583,470106,1787079,470631
1787583,471849
460551,470106,1787079,471849
1782459,1787583,21212,470883
1786029,471849
471849,470043,477120,466137,470022,435225
477120,22457,482160
998886,477120,470883,482160
1786029,21212,22457,482160,1782459,477120,435267,470043,466137,1787079,1776516
1787583,470106,22457,471849
460551,477120
470043,435225,435288
470883,460551,470022,998886,470106,1787079,470631
1786029,471849
1782459,470883
1786029,1787079,470883,998886
1787079,435225,435288
1786029,21212,22457,471849,477120,1776516
1787583,22457,471849,1782459,477120,466137
1782459,470883
477120,470883,470631
477120,21212,1784937,482160
460551,1784937
1786029,21212,471849,466137,463806,1787079,1776516
1782459,1786029
1787583,471849
1784937,470043,435267,470022,435288
1782459,1787583
1782459,1787583
470106,470043,435288,482160
477120,22457
1782459,1786029,21212,470883
1786029,477120,482160
1787583,471849,998886,470022
435225,470022
1786029,22457,482160,1782459,477120,466137,435225,1787079,1776516,470631
1782459,471849
1787079,470883,435288
1786029,21212,470883,435288,435267,470022,460551,1787079,470631
1787583,22457,471849,477120,998886
470043,435225,470022
435267,482160
1787583,22457,470883,482160,1782459
1782459,477120
470631,1787583,1786029,22457,21212,471849,463806,466137,460551,470106,1787079,1776516,435288
477120,21212,470883,482160
1787583,470883,1784937,482160,477120,470022,435288
477120,470883
998886,477120,470883
1787583,21212,22457,471849,1784937,435267
1787583,998886
21212,1784937,435267,1787079,435225,435288
477120,466137
1786029,21212,1787583,470883,1784937,435267,466137,470106,460551,463806,1787079,1776516
1787583,477120,471849
1787583,22457,482160,1782459,477120
1787583,477120,22457
1786029,22457,998886
21212,470883
21212,435225,435288,470883
1787583,1786029,21212,22457,1784937,998886,1782459,470043,466137,435225,460551,1787079,1776516,435288
470106,1787079
470043,435225
471849,470022,460551,1787079,470631
22457,1787079
1782459,998886,22457,470883
21212,1784937,470043,435267,466137,470022
1782459,1786029
998886,1784937
482160,470043,470022,1787079,435288
435288,470106,1784937
22457,470022,471849
21212,435225,435288,477120
1786029,1787583,471849,1776516,998886,482160,477120,466137,470022,460551,1787079,435225,470631
470106,1787079
1787079,435225
470043,22457
998886,470106,1787079
471849,466137,998886,470106,1787079
470106,1787079,466137,482160
470106,470043,466137,1787079
998886,470106,1787079,22457
1787583,21212,1784937,460551,470106,1787079,470631
460551,1787079,435225,1784937
21212,1787079,435225,470022
1782459,470883
1784937,466137,460551,470106,1787079,470631
1787583,22457
21212,1784937,482160,460551,435225
22457,470883,1784937,1782459,477120
1787583,22457,471849,470043,435267,470022,460551,470106,1787079,435225,435288
21212,435267
1786029,21212,22457,471849,435267,466137,435225,460551,1787079,1776516,470631
1786029,470883,482160,470043,477120,435225,435288
470631,470883,435267,470022,460551,435288
1787583,21212,1784937
435225,466137
21212,471849
1782459,1787583
1787079,482160
22457,470043,470022,460551,470106,1787079,435225,435288
1786029,1787079,470883,471849
435267,435225,470883
477120,471849
435267,1787583,471849,435225
21212,477120,482160
470106,22457,477120
471849,470043,435267,470022,460551,1787079
470631,466137
1782459,1787583,477120,22457
998886,477120,482160
477120,482160
1782459,998886,1784937
1787079,466137
998886,477120,1787583,22457
477120,470883
460551,470106,1787079,471849
1787583,471849
1784937,1787079,435225,470631
1787583,471849
1787583,470883
470043,21212,435267,470106
22457,466137
998886,1784937
998886,477120
1787583,22457,471849
477120,482160
1786029,21212,471849,1784937,1776516,435267,466137,470022,1787079,435225,470631
1786029,21212,22457,471849,482160,470043,435267,466137,998886,463806,1787079,1776516
1786029,1787583,470883,1784937,463806,482160,470043,477120,435267,466137,470022,998886,470106,1787079,1776516,470631
1787583,1786029,22457,471849,482160,1782459,470043,435267,460551,466137,470022,435225,998886,1787079,1776516
1787583,1787079,471849
21212,470883
1787583,471849
22457,471849,435267,470022,998886,1787079
470631,470883,435267,460551,435288
470106,470043,1787079
470106,1787079,22457
1786029,470883,482160,466137,460551,1787079,1776516,470631
1787583,470106,1787079,435225,470631
1782459,470043,1787079,471849
482160,470043,998886,470106,1787079
1787583,477120,471849
1787583,22457,470883
998886,477120
1786029,21212,22457,471849,482160,477120,460551,470043,466137,998886,470106,1776516
470631,1786029,21212,1787079,435288
435267,1787079,435288
998886,482160
470043,1787079,435225,470631
1787583,470106,1787079
1786029,1787583,21212,435267,1787079
1787079,435225,1784937
998886,471849,466137,1787079
1782459,1787583,21212,22457
435267,471849,435225
1786029,21212,22457,471849,482160,477120,435267,466137,470106,1776516,470631
1787583,21212,471849
1786029,470883
470043,470022
1787583,482160
21212,470043,466137,470022,1787079,435225,470631
998886,22457,471849
1787583,471849,1784937,22457
477120,482160
1787583,470883,470043,435267,470022,435288
1787583,470883,482160
22457,470043,477120,435267,470022,435225
477120,470022
1786029,470883,470043,470022,998886,470106,1787079,1776516,435288
1787583,1786029,22457,21212,471849,470883,477120,466137,435225,460551,470106,1787079,1776516
470631,470043,435267,460551,1787079,435225,435288
21212,1784937,482160,470043,477120,470022,1787079
1786029,477120
470883,466137
477120,471849
1787583,477120,471849
470883,482160,477120,470043,460551
1784937,470022,460551,470106,470631
477120,471849,466137,482160
470631,482160
470631,466137,1784937
470631,1786029,21212,1787583,470883,1784937,435267,470022,460551,435288
998886,470043,460551,470106,1787079
21212,1784937,460551,998886,470106,1787079
1787583,470883
1787583,22457,471849,460551,1787079
1786029,21212,22457,471849,482160,477120,466137,470106,1787079,1776516,470631
1786029,21212,22457,470883,482160,477120,998886,1787079,1776516
998886,470106,1787583,1787079
1782459,477120
1786029,471849,482160
1782459,1787583,477120,435288
1786029,477120,998886
22457,471849,482160,460551,1787079
477120,471849,482160
477120,21212,471849
435267,21212,471849,435288
1787583,21212,470883
471849,470883
471849,1784937,460551,470106,1787079,435288
1787583,22457,471849
1787583,477120,482160
435267,435225,1787079
1787079,471849
470631,471849,466137,470022,998886,1787079,435225,435288
1787583,21212,470883,482160,477120,460551,1787079,1776516,470631
21212,470883,482160,477120,470022,1787079,435288
21212,477120
1782459,470883
471849,482160,477120,998886,1787079
471849,470043,466137,460551,1787079,435225
470106,1787079
21212,435267,435225
460551,477120,1787079
22457,471849
477120,471849,470883
1782459,477120,470883
998886,470883
1782459,471849
477120,435267,1784937
477120,466137
1787583,22457,470883,466137,998886
21212,471849,482160
435225,1784937,470022
470883,460551,470106,1787079,470631
1787583,477120
1787583,22457
1787079,1784937
460551,470043,471849
998886,471849,22457
477120,1784937,482160
1787583,22457,471849,470043,470106,1787079,435225
1787583,471849,22457
22457,471849,470043,435267,466137,460551,470106,1787079,435225,435288
21212,471849,470022,998886,435225
460551,470106,1787079,470631
1787079,1784937
470106,1787079,435225
998886,1787079,470631
470043,435225,482160
435225,435288
1784937,482160,477120,470106,1787079,470631
1784937,435267,998886,470106,435288
1782459,21212,470883
435267,460551,1787079,435225
1787079,466137
1787583,21212,482160,466137,1787079
471849,470883,482160
1787583,22457,470883,471849
1787583,21212,22457,482160,477120,470022,435225,470631
470631,21212,470883,998886,435267,470022,460551,435288
21212,22457,1787079,435225,470631
21212,477120,471849,470883
1787583,1786029,21212,470106,1787079,435225
21212,22457,460551,470106,1787079,470631
471849,470883
22457,470883
471849,466137
470106,1787079
470106,1787079
470043,435267,435288
470043,435267,435225,470022
1786029,470883
470883,482160,470043,435267,435225,435288
477120,435267,470883,22457
1787583,1784937
477120,21212
471849,22457
1782459,1787583,477120,482160
470043,435225,470022
1786029,477120,22457
1787583,471849
1782459,471849,1776516,1784937
1787583,471849
21212,22457,1784937,470043,466137,470106,1787079,435225
1787583,21212,22457,471849,482160,477120,435267,460551,1787079,435225,470631
1787583,477120
1787583,22457
1786029,21212,470883
477120,471849,482160
460551,470043,1787583,435225
470106,1787079,477120,482160
998886,477120,470883,482160
1782459,1787583,22457
466137,435288,482160
998886,477120,470883,482160
1787079,470883
21212,22457,470883,482160,470043,477120,466137,460551,1787079,435225,470631
1786029,470106,466137
470043,435267,470022,460551,435288
1782459,1787583,477120,482160
460551,470106,1787079
1787583,22457,471849
470106,1787079,470022
470883,482160
477120,470883
21212,22457,477120
1787583,470883,466137
435225,470022
1787583,22457,470883
1786029,22457,482160
435288,470022
21212,1784937,470022,470106,435225,435288
21212,470883
22457,482160
1786029,470883
470043,470022,460551,470106,435288
1787583,466137,482160
471849,1782459,470043,435267,435225,435288
435288,470043,470022,470106,470631
22457,471849,470883,1784937,1782459,477120,470022
1782459,1787583
21212,470883,435288,435267,460551,470022,998886,470631
1787583,470043,22457,435225
1787583,21212,1784937,1782459,477120,460551,1787079
477120,22457,470883,482160
1784937,466137
1787583,477120,466137
1782459,1787583,470883,482160
477120,482160
1787583,471849
1787583,471849,22457
1787583,470106,435267,1776516
471849,1784937,1787079
477120,21212,482160
1787583,471849
998886,22457
1782459,435267,1784937,471849
1787583,22457,471849,482160,477120
477120,22457,470883,471849
998886,21212,470883
1787583,471849,466137,435225,1776516
1787583,21212,22457,470106,1787079,435225
1787583,21212,471849,470106,1787079,435225
21212,435225
1782459,435225
21212,470883,1784937,470022,998886,435288
1782459,477120
477120,470883
477120,1784937
477120,22457,482160
1782459,477120,470883
471849,1776516
998886,21212
21212,482160,435267,466137,470022,1787079,435225
22457,471849,470883,998886,470043,435267,460551,1787079
21212,998886,470043,470022,460551,1787079,435225,435288
21212,435267,482160
1786029,477120,1787583,998886
21212,477120
460551,470043,1787079,470022
1782459,998886,471849
1782459,1787583,471849
1787583,471849,1782459,466137,1776516
460551,1787079,466137
470043,435225,435288
470631,1787079,466137
1787583,1787079,435225,470022
1782459,470883
21212,470883
1787583,1787079,998886,460551
1787583,1782459,470043,998886,1787079
1787583,460551,1787079
1786029,471849,477120,470022,998886,1787079,470631
22457,1787079,482160
1782459,477120
1787583,22457
21212,1784937,470043,435267,466137,1787079
21212,471849,1784937,435267,435225
21212,470022
1787079,435225,1776516
435288,470022
1787079,435225
21212,22457,471849,470883,1784937
460551,1787079,435288
998886,21212,477120
1776516,1784937
1787583,482160
22457,470883,482160,1782459,477120
1787583,22457,471849,998886,477120,460551,1787079
477120,482160
470043,470883
1787583,21212,22457,471849,470883,470043,435267,470022,998886,470106,1787079
1787583,477120,22457
1787583,435267,470883,1787079
435288,470043,460551,470106,1787079,435225,470631
470883,435225
1787583,477120
470106,1787079,471849,22457
1782459,1787583,21212,22457
477120,482160
1776516,470883
477120,22457
1787583,470883
998886,471849
470043,470106,1787079,470631
998886,1787079,435225
471849,470043,466137,470106,1787079,435225,470631
1782459,471849
1787583,1784937
470043,435267,1784937
477120,470883,482160
1787583,471849,22457
1787583,470883,482160,466137,998886,1787079
1787079,435225
470106,1787583,477120,471849
470106,470631
1787583,471849,470883
1787583,471849,22457
1787583,1787079
1787583,471849
1787583,21212,471849,470883,1784937,435267,435225,1776516
998886,470106,471849
477120,470883
22457,470043,460551,998886,470106,435288
1786029,477120,435267,470043,435225
1787583,21212,22457,471849,482160,477120,1787079,470631
21212,1787079,470883
1782459,1787583
1787583,21212,22457,1782459,470043,470022,460551,470106,1787079,435225,470631
477120,482160
1787583,477120,471849
21212,471849,482160,22457
470631,1787583,470043,435267,470022,460551,1787079,435225,435288
22457,471849
470106,1787079,470022
21212,477120
1787583,471849
1787583,435225
466137,998886,1787079,435225,470631
471849,470043,466137,470106,1787079,435225,470631
477120,435225,482160
1786029,1787583,1784937
1786029,21212,470883,1784937,477120,470043,466137,460551,1787079,435225,470631
1787583,477120,482160
1786029,21212,482160,477120,470022,435225
998886,477120,470883
470043,435267,470022,435225,435288
470043,998886,1787079,435225,470631
998886,1787079,435225,470631
998886,470883
21212,1784937,435267,470022,998886,435288
470106,1787079
998886,21212,482160
1787583,21212,470883,470043,477120,460551,1787079,470631
22457,471849
1787583,470631
1782459,477120,460551,470106,1787079
470883,482160,477120,998886,1787079
470106,1787079
1787583,22457,471849,1782459,998886
998886,22457,470883
477120,482160
998886,477120,470022
1782459,1787583
1786029,1787583,21212,998886,460551,1787079,1776516
1784937,435225,435288,470022
470106,466137
1787583,21212,22457,471849,470883,482160,477120
1786029,470883
1787583,470883
22457,471849
998886,477120,482160
1787583,21212,22457,471849,477120,998886
1787583,1786029,470106,1787079,435225,470631
460551,470631,998886,482160
1787583,471849,22457
460551,470106,1787079
460551,470106,1787079,435225
1786029,471849
1787583,22457,471849,435267,1787079,435225
460551,470631
1787583,1787079,470631
1786029,471849,470883,998886,1782459,477120,460551,1787079
1787583,22457
470631,482160,470043,460551,435288
21212,470883,1784937,435267,470022,998886,435288
470106,1787079,435225,470631
466137,460551,470106,1787079,435225,470631
435267,435225,435288,470022
460551,1787079,470631
1787079,466137
1787583,21212,470883,482160,477120,466137,460551,470106,1787079,1776516
998886,477120,435225
1787583,471849,1784937,470022,460551,470106,1787079,435225,470631
471849,470883
21212,1787079
477120,470883
1782459,477120,435225,482160
21212,460551,470106,435225,470631
998886,435225
1784937,470043,470022,435225,435288
1787583,471849
22457,471849,470043,435267,1787079,435225
460551,466137,998886,470106,1787079,435225,470631
460551,466137,998886,1787079,435225,470631
21212,1787079
471849,1776516
470106,21212,1787079,470631
22457,477120,470043,998886,435288
435225,470022
1787583,470883
1787583,21212,22457,471849,470883,482160,477120,470043,435267,466137,998886,1787079,435225,435288
1787583,470883,435288,477120,435267,470043,466137,460551,470106,1787079,435225,470631
470883,482160
1782459,470883
471849,470883
470883,1782459,466137,470022,998886
1787583,470883
998886,466137,460551,470106,1787079,470631
1782459,22457
1787583,21212,470883,477120
435267,470022
470106,470043,435225,435288
1787583,22457
435288,1784937,470022
1776516,470883
21212,1784937,435267,460551,435225,470631
471849,470883,1784937,470043,477120,435225
477120,470883
21212,470883,1784937,435267,998886,435288
460551,1784937
22457,471849,1784937,482160,470043,466137,460551
1787583,22457
477120,1784937
460551,1784937
998886,477120,1787079
1782459,470106,1787079
470043,435267
1787583,1776516,466137
470106,1787079
477120,471849,435225,1787079
1787583,482160,477120,466137,435225
1787583,471849,1784937,1782459,998886
998886,477120
471849,22457
21212,471849,477120,998886,1787079,435225
477120,22457,471849
1786029,477120,22457,482160
21212,470883
1786029,470883
21212,482160,477120,998886,1787079
1787583,21212,471849,470883,477120,460551
470883,470043,477120,435267,470022,1787079,435225,435288
470106,1787079
1782459,477120
477120,482160
460551,1787583
21212,1782459,998886,435225,470631
470043,435288
1782459,470043
1787583,471849,470883,482160,477120,466137,435225
471849,1776516,466137
470106,1787079,470631
470043,435267,470022,435225,435288
1782459,1786029
1782459,470883
22457,477120,435267,435225,470631
21212,482160,1782459,470043,435267,470022,435225,470631
460551,466137,470022
471849,470883
1786029,21212,460551,1787079,435225,470631
470883,482160
21212,470883,1784937,482160,470022
1787079,482160,22457
482160,435267,460551,470106,1787079,435225,470631
1786029,998886
477120,21212,471849,482160
1786029,477120
477120,470883
477120,460551,1787079,435225,435288
1782459,1787583
21212,1787079
460551,1787079
1782459,1787079
1782459,470043,466137
470106,1784937
477120,470883,482160
477120,482160
1786029,477120,460551,1787079,470631
471849,466137
22457,466137,471849
477120,471849,482160
21212,1784937,470043,470022,435225,435288
998886,477120,470883,482160
1782459,1786029,470883
1782459,1787583,435225,466137
22457,471849,477120,470106,1787079
1787583,22457,471849
998886,22457
471849,1787079
1782459,22457
1787583,471849,470043,435267,470022,998886
1782459,22457
1782459,1787583,22457
1787079,435225,435288
1782459,22457,471849
1787583,477120
1782459,1787583,470883
1782459,1787583
1787583,471849,998886,1782459,477120,466137,460551,435225
998886,22457,471849
477120,1787079,482160
21212,471849,1784937,477120,435267,460551,466137,998886,470106,1787079
21212,435225
1782459,998886,435225,482160
477120,1787079,482160
460551,1787079,466137
1787583,1787079
460551,470043,435225,1784937
22457,471849,1784937,477120,466137,460551,470106,1787079,470631
460551,470106,1787079,466137
998886,435225,435288
1786029,22457,471849,482160,470106,1787079
1784937,470043,466137,435225,470106,460551,463806,1787079,1776516
471849,470043,466137,460551,1787079,435225,470631
466137,435225,460551,470106,1787079,1776516,470631
1784937,477120,470043,460551,470106,1787079,435225,470631
1787583,471849,22457
21212,470883,1784937,435267,998886,435288
470043,21212,435267
1787583,22457,470883
21212,477120
21212,470043,435267,466137,470022,460551,470106,1787079,435225
477120,471849,466137
1784937,470043,435267,470022,435225,435288
1787583,1776516,466137
477120,470883
21212,470883,470043,466137,435225
998886,477120
998886,470883
1787583,470631
21212,471849,1784937,482160,477120,435225,470106,1787079,1776516
1786029,477120,482160
1787583,21212,1784937,1782459,435267,470022,435288
477120,470883
470883,21212,477120,482160
460551,1787079,470631
21212,1787079,477120
1784937,470043,460551,470106,1787079
435288,470043,470022,460551,470106,1787079,435225,470631
470631,435225,1784937
470043,435267,466137
998886,466137
1782459,470883
21212,471849,470883,477120,435225,998886,1787079,1776516
470043,470883,435288,477120
21212,477120,466137,435225
998886,477120,22457,1784937
1786029,471849
998886,477120,470883
460551,470106,1787079
460551,470106,471849
1786029,477120,482160
1782459,470883
1786029,1776516
1787583,477120,1786029
477120,21212
1787583,470883,482160
477120,22457
21212,1776516,477120
470043,1787079,435225,1784937
1787079,470883,470631
21212,470883,1784937,477120,470022
21212,482160
1782459,477120,482160
460551,470883,482160
1787583,21212
1787583,482160
471849,470043,477120,466137,460551,1787079
1787583,21212,1786029,22457,471849,482160,466137,435225,1787079,1776516
1782459,470883
1784937,470043,470022,435225,435288
477120,482160
1784937,470022
1787079,470631
21212,477120
1787583,21212,482160,477120,998886,435225
22457,1784937
470043,470883,470022
1787583,470883,470022
998886,1786029
477120,470883
1787583,1784937,435267,466137,460551,470106,1787079
1787583,477120,471849,470883
21212,1784937,482160,470106,1787079
466137,460551,463806,1787079,1776516,470631
21212,1787079,22457
1782459,1787583,471849,470883
1787583,21212,471849,482160,466137,998886,1787079
1787583,21212,22457,471849,482160,477120,435267,470043,998886,1787079
470883,470043,470022,435225,435288
1787583,470883,466137
21212,477120,482160
1782459,470883,435288
477120,435288,482160
471849,470043,466137,460551,470106,1787079,435225,470631
22457,471849,470043,460551,470631
466137,1787079,470631,471849
1787079,435225,466137
471849,460551,998886,470106,1787079,435225
22457,471849,1784937,470043,466137,460551,470106,1787079,435225
21212,470883,1784937,435267,998886,435288
1787079,22457
22457,482160
1787583,998886,435288,470043,435267,466137,460551,1787079,470631
1782459,1787583
1786029,1787583,471849,22457
435267,1787079,435225
470043,21212,477120,435267
435267,470883,470631
22457,471849
998886,471849
1787583,1782459,477120,998886,470631
1787583,21212,471849,482160,477120,435267,466137,470106,1787079,435225
1787583,470883,482160,1782459,477120,435267,470106,1787079,435225
471849,470883
1782459,1787583
471849,470883,482160,477120,470106,1787079,470631
1787079,470883
435267,998886,21212,1787079
998886,477120,482160
1787583,22457,471849,470883,435288,470106,1787079,470631
1786029,1784937
470043,435267,470022,435225,435288
435225,435288,470022
998886,482160
1787583,22457,998886,477120,460551,1787079,435225
998886,470883
21212,22457
1787583,471849
21212,1787079
460551,470022
1782459,470883
460551,1787079,466137
21212,435225,466137,482160
470043,435267,435225,1784937
998886,471849,1787079
22457,1784937
435267,470043,471849,470022
1782459,1787583,466137
998886,471849,1784937
22457,471849
1786029,470106,477120,470631
477120,471849,22457
998886,471849
470043,435225,470022
470883,482160,477120,466137,1787079
435225,470022
21212,22457,1784937,1787079,435225,435288
477120,470043,460551,1787079,435225,470631
470043,477120,466137,460551,1787079,435225,470631
21212,470883,1784937,998886,435288
1787079,470631
1787079,435225
1784937,470883,466137
460551,1787079,470883,435225
477120,471849,435225,482160
21212,471849
1787583,471849,998886
1787583,22457,471849
1787583,477120,470022
998886,22457,470631,471849
22457,435288
471849,470883,435267,1787079,435225
1782459,1787583
21212,477120
1782459,470883
1786029,471849
1786029,1787583,471849
21212,471849
1787079,470883
470106,1787079,470883
21212,22457,470883,477120,466137,460551
1787583,470106,470043,460551
21212,1787079
477120,1787079,482160
21212,1776516,477120
1787583,477120,460551,470106,1787079,470631
1787583,998886
22457,470106,1787079,482160
1787583,21212
998886,22457
470043,470022
1787583,470106,1787079
1782459,1786029,477120
470043,1787079
1786029,470883
471849,1784937,1787079
477120,21212
477120,22457,470883
1787079,435225,470631
1787583,21212,471849,470883,482160,477120,998886,1787079
482160,470043,477120,466137,998886,1787079
21212,463806,470883,482160,1782459,477120,466137,998886,470106,435225
482160,477120,470106,1787079,435288
477120,22457
435267,470043,1787079,470106
1786029,1787583,482160,998886,470106,1787079
21212,477120
1787583,22457
1787583,477120,471849
435267,463806,1787079,435225,470631
998886,470043,435267,482160
1787583,482160
470043,435288
1782459,1787583,471849,470883
22457,1784937
470631,470106,1787079,466137
471849,470043,466137,460551,1787079,470631
1782459,470106,1787079,470631
470106,1787079,470631,471849
1787583,435288
1787583,22457,471849,470883,470043,435267,460551,466137,998886,1787079,435225
21212,470883,477120,482160
21212,22457,471849,470883,1784937,482160
998886,22457
21212,470043,435267,466137,1787079
435288,435267,470631
998886,21212,1787079,470883
1786029,21212,470883,466137,435225
477120,22457,482160
1787583,477120,998886,1787079,470631
470883,482160
477120,470022
477120,470883
477120,470883
1782459,470883
470043,435225
1787583,477120,470883,482160
21212,470883,482160,477120,470631
998886,470883
470883,470106,1787079,1776516,470631
21212,470883,482160,470043,470022,460551,1787079,435225,470631
998886,477120,471849
1786029,1787583,471849,470883,1782459,998886,435225,435288
477120,482160
1782459,477120,470883,466137
470883,1784937,470022,482160
477120,482160
1787583,470043,435267,470022,435225,435288
998886,477120,466137
435288,482160
470043,435267,1787079
1786029,435225,1784937
470883,460551,470106,1787079,470631
1787583,466137,998886,1787079,435225
1787583,470883,482160
21212,435267,470022,435225,435288
1787583,471849,435267,470106,1787079,1776516
1787583,22457,471849,470883,998886,482160,477120,460551,470631
477120,470883
1787583,1786029,470883,1782459,477120,998886
1786029,477120,482160
1787583,435267,435288
1787079,470631
470043,1787079,470022
460551,1787079
470106,21212,466137
21212,1776516
1782459,1787583
470043,466137,1787079,435225,470631
435288,470043,1784937
470106,1787079,470631,22457
1782459,22457
1787583,466137,460551,1787079,470631
460551,1787079,470631
1787583,21212,470022
1787583,471849,482160,1782459,477120,466137,470022,1787079
1787583,21212,466137,998886,1776516
1787583,470883,998886
1786029,21212,470883
21212,22457,471849,470883,482160,477120,998886,1787079
1787583,470043
998886,1787583,471849
1787583,22457,435288
1784937,1782459,477120,435267,470022,1787079,435288
1782459,477120,471849,482160
1787583,22457,482160,477120,998886
1787583,1784937
998886,21212
998886,477120,1786029,482160
1782459,1787583
1782459,1787583,477120
1787583,470043,460551,435267,998886,1787079,435225
1787583,477120,470883
1782459,22457
1786029,21212,470883,1784937,470022,998886,435288
471849,1784937,470043,466137,460551,470106,1787079,1776516,470631
471849,470043,460551,998886,470106,1787079,470631
471849,460551,470106,1787079,470631
471849,1784937,477120,470106,1787079,470631
21212,470883,482160,477120,998886
470043,460551,470106,1787079,470631
998886,477120,466137,482160
1787583,1784937
22457,471849,477120,998886,470106,1787079
477120,470883
470106,1787079,477120,470631
435288,998886,435267,466137
470883,477120,470043,1787079,435288
1787583,22457,460551,470106,1787079
470106,1787079
460551,435267
471849,435267,470106,1787079,1776516,435288
1782459,477120,471849
1787583,21212,471849,470883,998886,482160,1782459,435267,460551,1787079,435288
470631,21212,471849,482160,477120,435267,1787079,1776516,435288
477120,435225,466137,470022
1787583,22457,1787079
482160,477120,470043,466137,470022,460551
460551,470106,1787079,470631
21212,1787079
1787583,21212,1784937,482160,477120,470022,470106,1787079,435225,435288
1782459,22457
477120,470883
477120,1787079
1782459,477120
470631,1782459,470043,460551,470106,1787079,435225,435288
21212,1784937,482160,435288,477120,470043,435267,460551,470022,998886,470106,1787079,470631
435267,470022,470106,1787079,435288
1787079,470631
1787583,435225
1782459,471849,1787079,435267
21212,482160,477120,435267,470022,998886,435288
477120,1787079
435267,1787079,470022
1782459,470883
998886,435267,435225
21212,470883,482160,477120,466137,470106,1776516
1787583,471849,482160,435225,998886,1776516,470631
1787583,21212,22457,471849,482160
1787583,470883,470631
1786029,470106
1787583,466137,1784937,470022
1787583,21212,1787079,477120
435267,435225
1786029,1787583
470106,21212,1787079,1784937
21212,470883,435267,1787079,435225
998886,470883,1784937,482160
998886,1787583,470883,466137
1787583,477120,482160
1776516,470883
470106,1787079,1784937
435288,470022
1787583,466137
1787583,470883
1782459,1787583
477120,21212
1787583,477120,471849,470883
470106,1787079,470631
1782459,477120
1782459,998886,477120
998886,470883
466137,470022
998886,477120
21212,471849,482160,470043,477120,466137,435225,998886,1787079,1776516
477120,435225,435288
470883,482160
470106,1784937
22457,466137
998886,477120,1787079,22457
435288,482160
435288,470043,435267,470022,460551,1787079,435225,470631
998886,22457
470631,21212,435267,1787079,435288
477120,1787079,470883,1784937
1787583,477120,22457,1787079
477120,470883,482160
21212,435267
1787583,470022,998886,435225,435288
470106,1787079
1787583,471849,1784937,1782459,470043,470022,1787079,435225,435288
22457,471849
460551,1787583,1787079,470631
435225,470022
1787583,22457,471849,470883,998886,482160,1782459,470043,477120,466137,435225,460551,1787079,1776516
998886,477120,470883
998886,1787583
1782459,477120
435267,1787079
998886,21212,470883
1782459,998886,470883
435225,435288
1782459,1787583,998886
22457,470883
477120,482160
21212,470883,1784937,998886,435288
477120,22457,482160
1787583,21212,435225,470022
477120,21212,482160
477120,482160
1786029,22457,471849,470883,998886,477120,466137,460551,1787079
1787079,470631
1782459,477120
477120,435267,470022,1787079,470631
1782459,1787583
1782459,482160
1787583,435267,435288
998886,21212
435225,435288
1782459,477120,466137,482160
1787583,435288,470022
1787583,22457,460551,435267,470022,998886,1787079,1776516
998886,466137
21212,470883,460551,470106,1787079,470631
998886,470883
21212,1782459,477120,998886,435225
998886,477120,22457
460551,435225
477120,21212
1782459,477120,435225
470883,477120,466137,470022,998886,435225
435267,22457,435225
1786029,477120
22457,482160,470043,435267,470022,998886
1787583,470883,1784937,470043,470022
1787583,998886,477120,21212
998886,477120,470631
1787583,470883
22457,466137
1787583,470631
435288,435267,470022,460551,470106,1787079,435225,470631
1786029,470043,435267,466137,435225
1782459,1787079
1787583,477120,22457,482160
470106,477120,21212,470883
1787583,1776516,466137
21212,470883,1784937,998886,435225,435288
1786029,470043,477120,1787079,435225,470631
470043,477120,998886,470106,1787079,470631
1786029,470106,1787079
471849,1784937,470043,1787079,470631
1784937,998886,470106,1787079,435225,470631
22457,482160,470106,1787079,435225,470631
998886,470106,1787079
1786029,470106,1787079,470631
470043,22457,470022
477120,482160
1787583,435267
1782459,470883,482160
1786029,21212,470043,477120,435267,466137,460551,1787079,435288
1782459,998886
435267,470106,21212,1787079
998886,477120,482160
1782459,477120,482160
470106,1787079
1782459,22457,1787079
1782459,998886,1787583,470883
1782459,1787583
998886,1787583
1782459,998886,477120
21212,470883,466137,470106,470631
1787583,1786029,435225
470043,470883
477120,482160
435288,470022
998886,470883
477120,470883
998886,435288,470043,460551,435225,470631
998886,470883
460551,482160
1787079,435225
1782459,1787583
470106,1787079
435267,1784937
477120,1776516,466137
1787583,470883
1786029,470043,470883,1784937
998886,435225,1784937
21212,435267,470022,435225,435288
1787583,470043,435267,470022
1782459,998886
1787583,477120
470043,435225,435288,470022
1786029,21212,22457,471849,470883,482160,435225,1787079,1776516
1787583,22457,477120,470022,998886,470106,1787079
1787583,482160,477120,460551,1776516
21212,1784937,470043,466137,470106,1787079,435225
21212,22457,470883,1784937,482160,477120,435267,466137,1787079,1776516
460551,470106,1787079,470631
477120,435225
1784937,470043,477120,466137,470022,435225
1787583,1786029,477120,466137,1776516
1782459,470883
477120,470883
1787583,460551,998886,470106,1787079
1787583,1787079
470631,1784937,470022,482160
21212,466137
21212,470883,1784937,998886,435225,435288
482160,477120,470043,998886,470106,1787079,435225,470631
470043,1787079,470631
435267,998886,470106,1787079,435225,470631
1786029,470043,435267,460551,1787079,470631
998886,477120,21212
1787079,470883,470631,482160
22457,482160
1786029,466137,460551,435225,470631
998886,1787583,1787079,22457
1782459,998886,482160
470106,1787079,470022
470883,482160
1786029,477120,1787583
477120,1784937
21212,1787079,22457
998886,1787583
470043,435225,470022
1782459,477120
1787583,22457,998886
470106,1787079
1787583,22457,471849,470883,482160,477120,1787079,1776516
1787583,1787079,470631,998886
1786029,1787583,435267,466137,435225,435288
1786029,435267
1787583,470883
1787583,21212,1786029,482160,1782459,470043,466137,470022,998886,1776516
435288,460551,998886,1787079,470631
21212,435267,435225,435288
1782459,460551,470106,1787079
22457,1784937,435267,470106,1787079
21212,470043,435267,470022,435288
1786029,477120
1787583,470883,470043,470022,998886
477120,482160
477120,21212,482160
1787583,22457
998886,21212
477120,21212,470883
470043,435267
477120,22457,482160
470883,470631
470631,470043,435267,998886,470106,1787079,435225,435288
470106,1787079
21212,470883,470631,477120
470883,435267,470022,460551,470106,1787079,470631
1782459,477120,22457,1784937
1787079,435225,470022
470043,435267,477120,435225,470022,1787079,1776516,435288
1782459,470043,435267,435225,435288
1782459,435267
22457,470883
998886,1787079,470883,482160
1787583,21212,470883,470043,435267,466137,470022,998886,435225,435288
21212,482160,1782459,470043,435267,470022,435225
22457,470022
1786029,477120
1782459,1776516
998886,470106
998886,482160
21212,22457,470883,998886,435267,466137,460551,470106,1787079,1776516
1787583,21212,470883,477120,435267,470022,998886,1787079,435225
22457,470883,477120,466137,998886,470106,1776516,470631
1782459,1787583
1787583,477120
435225,1784937
1787583,477120,470883
1787583,21212,22457,1784937,1782459
21212,1782459,460551,435267,470022,998886,1787079,470631
998886,1787079,482160
1782459,998886,466137
1782459,998886
1782459,477120,482160
470631,21212,470043,435267,470022,460551,1787079,435225,435288
1782459,470043,435267,470022,998886,435225
482160,477120,460551,470106,1787079
1787583,22457,466137,998886,1787079,1776516,470631
1786029,1787583,22457,470883,482160,470043,477120,435267,998886,1787079,435225,470631
998886,470043,470631,482160
21212,470883,1784937,998886,435225,435288
1784937,470043,435267,470106,1787079
22457,470043,460551,435267,998886,1787079,470631
470043,460551,470106,1787079,470631
22457,998886,466137,460551,470106,1787079,1776516,470631
21212,435225
1787583,21212,22457,466137
1787583,22457,470883
998886,477120
1787583,21212,1784937,470043,435267,466137,435288
460551,470106,1787079
1782459,1787583
1782459,477120,1784937,482160
1787583,1784937,470043,435267,470022,1776516
21212,1784937,482160
22457,482160,477120,1787079,435225
1782459,998886
22457,470883
470106,1787079
470043,470106,1787079,435288
460551,470106,1787079,470631
460551,1787079
1787583,21212,22457,482160,466137,998886,470106,1787079
22457,435225,470022,482160
1787079,435288
1786029,435267,460551,466137,998886,470106,1787079,470631
1784937,998886,470043,466137,470106,460551,463806,1787079,470631
1787583,998886
998886,1787079
463806,21212
1786029,470631,998886
470022,482160
482160,435288,470043,466137,460551,470631
1782459,470883
1787583,470043,1784937,482160
1787583,477120,470883,482160
21212,435267,435225,435288
1787583,21212,435267,466137,435225,470022,460551,470106,1787079,1776516
470631,482160,1782459,470043,435267,477120,470022,460551,470106,1787079,435225,435288
21212,470043
1787583,477120,470883,482160
1787583,21212,1786029,998886
477120,470631
21212,470043,477120,435225,1776516
1782459,477120
460551,470043,21212,435288
998886,1776516
477120,482160
477120,1787079
460551,1787079,435225,482160
460551,1787079
1787583,998886
1786029,1776516
21212,470043,470022,470106,1787079,435225,470631
1782459,1786029,21212,470883
477120,470022
1787583,477120,22457
1782459,470883
470106,460551,1787583,1787079
998886,470883
470883,470043,435267,470022,435225,435288
1787583,477120
435225,1784937
998886,470106
21212,1776516,470883
1782459,22457
21212,470883,435267,466137,1787079
998886,477120,470883
1787583,22457,1784937,435267,998886,435225
470106,1787079
1787583,21212,22457,470883,998886,482160,460551,435225
21212,466137
1786029,21212,470883
22457,470883
470883,470043,435267,470022,470106,1787079,435225,435288
21212,435225,470883
470883,466137
1782459,1787583
1787583,22457,470883,1784937,482160,466137,470022,435225,998886,1787079,1776516,435288
435288,460551,470106,1787079,435225,470631
1782459,1787583,470883
1787583,998886
21212,470883
1786029,21212,470883,482160,477120
1787583,435288,482160
21212,466137
1787583,1786029,470883
1782459,998886,470883
470106,1787079,477120,482160
477120,470022
21212,482160,466137,470022,1787079
1787583,470631,470022
435288,470043,1787079,470631
477120,466137
460551,1787079,1776516,470631
1786029,1787583,1776516,470043,435267,477120,466137,470022,460551,470106,1787079,435225,435288
22457,482160,470043,477120,998886,435225,435288
1782459,1787583,22457,435288
1782459,998886,470883
1782459,21212,477120
1787583,22457
470043,460551,470106,1787079,435225,470631
435267,435225,470022
1786029,21212
1782459,1787079
21212,1787079,1776516,482160
1787583,22457,470883,482160,466137,435225,998886,470106,1787079,1776516
1786029,1784937,470022,460551,435288
470043,435267,470631,470022
470043,435267,435225,435288
460551,1787079
21212,460551,1787079,435225,470631
1787583,998886
21212,1787079,470883
470043,435267,998886,1787079,435225,435288
21212,470883,435267,470022,470106,1787079
1787583,1787079
21212,477120,482160
1787583,1787079
998886,470883,470631
470106,477120,470631
1782459,998886,22457
460551,470106,1787079,470631
1782459,1786029,22457
21212,470883,1784937,998886,435225,435288
470043,435267,466137,460551,470106,1787079,1776516,470631
1784937,470043,477120,460551,470106,1787079,470631
1786029,470043,435267,460551,466137,998886,470106,470631
22457,435267,466137,460551,470106,1787079,470631
466137,460551,470106,1787079,470631
998886,460551,470631
21212,470043,435267,998886,470106,1787079,435225,435288
998886,1784937
1787583,21212,22457,435267,470022,998886,1787079
1787583,435267,435225
1787583,470883
1786029,22457,471849,1787079,1776516,470631
1784937,470043,435225,435288
1786029,21212,22457,471849,482160,998886,1787079
435267,435225,470022
460551,470106,1787079
22457,471849,482160,477120,466137,470022,998886,1787079
21212,470883
470883,1784937
435225,1784937,470022
1787583,22457,470883,466137,998886,470106
470043,435267,470022,435225,435288
470043,435267,435225,435288
1787079,435225,470883
1782459,470631
21212,470883,1784937,460551,1776516
998886,477120,1787583,22457
477120,21212,470883,482160
1782459,470883
998886,21212
1776516,482160
1787583,482160,477120,460551,998886,1787079,470631
470043,435267,470022,460551,1787079,435225
1787583,477120,998886,482160
21212,470043,435267,470022,435225
460551,1787079,998886
435267,435288,1787079,466137
1787583,21212,22457,471849,470883,482160,1782459,470043,460551,998886,1787079,1776516,470631
1787583,1784937
22457,470883,477120,466137,1787079
1787583,22457,477120,435267,470106
470043,435267,466137,435225,435288
1782459,435267,470883,435225
1786029,435225,435288
470043,435267
22457,482160
477120,22457,482160
470106,1784937
1782459,1787583
460551,1787583,466137
435225,482160
21212,470883,1784937,482160,1787079
22457,435267,470022,998886,435225,435288
470883,435288
470106,1787079
22457,482160,1782459,477120,435267,470106,1787079,435225
470631,1787079,1784937
21212,470883,1784937,998886,435225,435288
477120,460551,470106,1787079,470631
477120,460551,435267,466137,998886,470106,1787079,470631
435267,435225,470022
998886,482160,477120,466137,460551,1787079,470631
1787583,471849,470883,482160,1782459,435267,435225,998886,1787079,1776516
21212,470883,470043,435225,1776516
1786029,22457,482160,477120,460551,1776516
1782459,1787079
21212,470883
477120,1787079,470631
1787583,470883,1782459,477120,435288
435288,470022
1787583,460551
470043,435225,435288
1787583,22457,470883,1784937,470043,470022
460551,470106,1787079,998886
1787583,470631
21212,1784937,1782459,435267,470022,460551,470106,1787079,435225,470631
998886,1776516
22457,435225,466137
998886,1776516
435267,1787583,22457
1787583,470043,435267,470022
1787583,21212,470883,1782459,435225
22457,470883
22457,998886,460551,470106,470631
1786029,22457,466137
22457,1776516
1782459,470883,470631
1782459,477120,435267,470022
1782459,470883
1787583,1776516,466137
1787583,470883
21212,22457,466137
1787583,1786029,470043,460551,1787079,435225
1787583,21212,466137,998886,1787079,1776516
1776516,466137
1787583,1776516,466137
1786029,21212,482160,477120,998886
1786029,463806,435267,460551,470106
1782459,470883
470043,1787079
460551,1787079
998886,470043,470022,460551,1787079
477120,470883,482160
460551,470106,1787079
470043,21212,435225,470022
470883,1782459,470043,470022,998886,1787079,435225
460551,21212,470883,482160
460551,21212,470883,482160
1787583,470106
998886,21212
22457,470631,1787079
21212,1782459,435267,466137,998886
470631,435267,470022,435225,460551,1787079,1776516,435288
470043,470883,482160
998886,21212
1787583,470883,998886
998886,460551,470022
1787583,1786029,470883,998886
477120,21212,470883
470631,435288,1787079,466137
1787583,477120
21212,470883,482160,1782459,477120
1787583,470883
460551,435267
1787583,470883,482160
1787583,471849,470883,482160,470043,460551,435225,998886,1787079,1776516
1786029,21212,471849,482160,1782459,477120,470022,998886,1787079
1782459,21212
1782459,21212
470883,470022
998886,22457
470106,1784937,1787079,466137
1787583,22457,470883,466137,998886,470106
1787583,22457,470883,466137,998886,470106
1782459,470883
1787583,21212,470883,477120,470043,466137,435288
1787583,470883
1786029,21212,1784937,477120,435267,470022,998886,435225,435288
1787583,21212,22457,470883,1784937,482160,477120,998886
21212,1776516
477120,435267,998886,1776516,435288
1782459,1787583,21212
1782459,470883
1787583,471849,470883,470022,998886,1787079,470631
470043,435267,470022,1787079,435225,435288
21212,1787079,477120
1782459,1787583,435225,435288
1787583,21212
998886,470883
998886,1787079
1787583,470043,435267,470022,998886,435225,470631
1786029,21212,470883,1784937,470022,998886,435225,435288
1787583,470883,470043,466137,470022,1787079,435225
1787583,998886
470883,1784937,435267,435225,435288
1782459,470883
21212,482160
998886,1776516,470631
22457,466137
998886,470043,21212,435225
1787583,21212,22457,1784937,482160,998886,470106,1787079
1784937,482160
1782459,470883
21212,470883,466137
435267,435288,470022
998886,470022
1787583,470883
1782459,1784937
1786029,470631
1787583,22457,998886,470043,460551,470106,1787079,435225
435267,470022,460551,470106,1787079,435225,435288
1787583,21212,1784937,435267,466137,470022,1776516
21212,470043,466137,470022,1776516
1786029,460551,470106,1787079,435225
1787583,466137
1782459,466137
1786029,1787583,482160,998886,463806,1787079
470106,21212,1787079,470631
477120,21212,1776516,466137
998886,470883
460551,1787079,998886
470043,470022
998886,22457
1782459,1787583
1787583,435225,470022,1776516
21212,463806,477120,466137,460551,470106,1787079,1776516
470883,466137
470043,435288
1782459,22457
1782459,998886,22457
1782459,470883
470883,482160
1784937,470043,435267,470022,435225
1786029,21212,460551,1787079,435225
998886,470883,1784937
998886,482160
1782459,998886
460551,470043
1784937,470043,435267,470022,435225,435288
470043,460551,470106,1787079
998886,1787583
21212,470883
1787583,998886,470106,1787079,470631
1782459,998886,470043,22457
470106,1787079,435225,435288
998886,477120,470883
1782459,21212
22457,435225,482160
21212,22457,471849,998886,1787079,1776516,470631
21212,471849,482160,477120,466137,1787079
460551,1786029,1787079
460551,1784937
21212,22457,477120,466137,460551,435225
470883,435267,466137,470022,998886,435225
998886,1776516,470631
1787583,998886
1786029,470631
477120,1787079
22457,466137
1782459,998886
1786029,1787079
1787583,22457,470883,998886,1787079,470631
1787583,21212,1782459,470043,435267,470022,460551,470106,1787079,435225,435288
998886,477120,482160
1787583,22457
1787583,998886
22457,470883,470043,435225,435288
21212,470883
1782459,1787583,470883,998886
1786029,21212,470883,1784937,470022,998886,435225,435288
435267,435225
21212,470883
1782459,998886,1787583
21212,470883
998886,22457
998886,466137
471849,470883,482160
1787583,482160,466137,435225,435288
1782459,21212,435225
466137,482160
470631,470043,435267,435225,470022,998886,1776516,435288
1787583,21212,22457,998886
435267,435225
1787583,22457
1782459,21212,482160
1782459,998886,470106,1787079,470631
1782459,470883
460551,998886,1787079,435225,435288
1782459,1787583
1787583,21212,1776516,1784937
998886,470043,435267,435225
470883,1784937
460551,1787079,435225,435288
1787583,470043,470022,460551,1787079,435225
21212,470883,466137
470043,435267,470022,435225,435288
1782459,998886
1787583,470631
21212,1787079,470883,482160
998886,482160
1787583,22457,1782459,470043,466137,470022
1787583,998886,482160
21212,470043,470022,435225,435288
1782459,1787583,998886
1782459,998886,1787583,1776516
22457,470883,435225
1787583,470883
1782459,470883
466137,482160
470883,482160
460551,470043,435225
1787583,998886
998886,1776516
998886,470883
1782459,470883
1787583,470883,482160,470043,998886,1787079,435288
470631,22457,470043,435225,435288
1782459,998886
1784937,470043,435267,470022,435288
460551,470043,435225
1786029,1776516
470631,470043,435267,460551,470022,998886,470106,1787079,435225,435288
460551,1787583,1787079
1782459,1787583,21212,470883
1782459,1787583,998886
470883,482160
1782459,998886
998886,1787583
21212,22457,470043,1787079,470631
1782459,1787583,998886
460551,470043,435267,470022
1787583,435267,470022,460551,470106,1787079
470631,22457,1782459,998886,470106,435288
460551,998886,470106,1787079,1776516,470631
998886,470043,1787079,435225
1787079,435225,470883
1782459,1787583,22457
998886,470106,1787079
998886,21212
21212,22457,470883
998886,21212,470883,482160
1782459,998886,470106
1787583,1784937,435267,466137,470106,1787079,435225
1782459,998886,21212,22457
998886,482160
435267,1787079,435225,470631
470883,470022
1787079,435225
1782459,470883
21212,482160
435267,435225
460551,470106,1787079,470631
21212,470883,482160,1782459,466137
998886,1787583
21212,470883
470631,470043,1787079,435225,435288
470883,470022
998886,460551,470106,1787079,470631
460551,470106,1787079,470631
460551,470106,470043,470631
998886,477120,435267,460551,470106,1787079,470631
435267,998886,470106,1787079,470631
470043,435267,460551,470106,1787079,470631
460551,435267,470631
470043,435267,460551,470106,1787079,470631
477120,470043,460551,466137,998886,470106,1787079,470631
460551,470106,470043
470043,460551,477120,466137,998886,470106,470631
998886,470106,470043,460551
22457,998886,482160,470043,466137,460551,470106,1787079,470631
1782459,998886
470883,482160
1782459,22457,482160
1784937,435225,435288,482160
1786029,21212,470883,1784937,435267,470022,998886,435225,435288
460551,470106,1787079,470883
22457,470043,435267,460551,470106,1787079,435225,435288
470043,470883
435225,470022
1787583,1787079,470631
21212,482160
1786029,482160
21212,22457,482160,470043,466137,435288
460551,435225
21212,1784937
21212,1787079
1787583,470043,435267,470022,460551,1787079,435225
1786029,21212,998886
998886,470883
1782459,22457
998886,435267
1787583,22457,435288,482160
1782459,1787583,21212
998886,470883,466137,482160
470043,435267,470022,460551,470106,1787079,435225,470631
1782459,470883,482160
998886,1787583,482160
470043,470883,470022
1787583,998886
998886,1787079,435225
1787583,21212,22457,471849,482160,477120,470043,466137,470022,435225,998886,470106,1787079,1776516,470631
1787583,1776516
1787583,471849,470043,460551,470106,435288
998886,1784937,470883,466137
1787583,470043,998886,470022
1787583,470043,435267,470022,435225
1787583,1786029,471849,470883,482160,470043,435267,460551,435225,998886,470106,1787079,1776516
470631,1787583,21212,22457,471849,1782459,466137,435225,998886,463806,1787079,1776516,435288
460551,1787079,470631
1787583,21212,22457,471849,477120,435267,466137,998886,470106,1787079,1776516,470631
1787583,21212,22457,1787079
435225,435288,470022,482160
21212,1787079,470631
470631,470883,998886,466137,460551,1787079,435225,435288
1787583,21212,22457,471849,1784937,482160,477120,998886,1787079,435225
1787583,21212,22457,471849,470883,998886,482160,470043,435267,470022,460551,1787079,435225,435288
1787079,470883
1787583,470043,435267,470022,998886,435225,435288
1782459,1786029,1787583
1782459,1787583,470883,998886
1787583,21212,482160,470043,1787079,435225,435288
1782459,470106
435225,435288
21212,482160
1782459,470883
1782459,1787583,470883
1787583,470631
470106,1787079
1787583,21212,22457,470883,1782459,1787079,1776516
1787583,21212,1782459,466137,998886
1787583,1787079
460551,435288
998886,1776516
1787079,470883,482160
998886,21212
435225,470631,470883
998886,1787583
1782459,470883
1787583,1776516
1782459,998886
998886,22457
21212,22457,1782459,477120,998886,470106,1787079,1776516
470631,1787583,470043,470022,460551,470106,1787079,435225,435288
1787583,21212,22457,470883,482160,1782459,477120,435267,460551,1787079,1776516
477120,470883
1786029,21212,435225,466137
1787583,22457,435267,466137,1787079,1776516
435225,470022
21212,460551,470106,435225,470631
1787079,1784937
1787583,998886
435225,470022
998886,470043
470106,435267,435288
1786029,21212,470883,1784937,435267,470022,998886,435225,435288
1787583,22457,470022,998886
998886,470106,1787079,470631
22457,1782459,466137,470106,435225
1787583,21212,22457
22457,435267,998886,470106,1787079
998886,1787079,482160
998886,470883
470631,998886,1787079,466137
470043,470022
470883,470022,998886,470106,1787079,435225
1787583,470883,470043,470022,998886,435288
21212,435267,435225,435288
21212,470043,435267,998886,1787079,470631
21212,470043
1782459,1787583
1787079,470631
435225,470022
470106,1787079,470631
998886,470883
1787583,22457
470043,435225,435288
460551,470043,470022
435288,482160
998886,21212,466137
21212,470883,1784937,482160,998886
435225,1784937
998886,470883,466137
1787583,21212,470883,1782459,998886
22457,470883
1782459,1787583,998886
1782459,998886
1787583,1786029,22457,470883,1782459,477120,470022,998886
470043,1784937,470022
21212,470043,466137,470022,460551,470106,1787079,435225,435288
1787583,470883,998886
470883,466137
1787583,1776516
470883,435225,482160
470883,466137
1787583,470883,998886,1782459,460551,1787079,435225,470631
1787583,22457,1782459,470043,460551,470022,998886,1787079,435225,470631
998886,470106,1787079
470043,435267,460551,470106,1776516
470043,435267,435288,470022
470043,435267,470022,435225,435288
1782459,21212
460551,1787079,470631
998886,466137,460551,470106,1787079,470631
460551,470106,1787079,470631
998886,470043,466137,460551,470106,1787079,470631
460551,998886,470106,1787079,470631
1784937,477120,460551,998886,470106,1787079,470631
1786029,1784937,998886,470043,460551,470106,1787079,470631
22457,477120,460551,998886,470106,1787079,470631
21212,470883,1784937,470043,435267,470022,998886,435225,435288
21212,470883,435288,470043,435267,466137,470022,1787079,435225,470631
998886,466137
1782459,21212,470883,482160
21212,1782459,466137,470106,1787079
1782459,1787583,1787079,482160
998886,21212
1786029,22457,470883,998886
1787583,1782459,470022,998886,435225
998886,482160
1782459,1787583
22457,466137
1786029,21212,470043,998886,1787079
21212,466137
1782459,998886,22457,482160
1787583,1787079
1782459,1787583,998886
1786029,1787583,470883
998886,1787583
1787583,21212,470883,482160,1782459,998886
1787583,21212,470883,998886,1787079,470631
470106,1787079
1782459,435225,470022
460551,470043,1787079,435225
470106,435225,435288,470022
998886,470043,460551,22457
1786029,470883,460551,470106,1787079
1787583,22457,482160,435267,470022,470106,1787079,435225,435288
435267,460551,21212,1787079
998886,22457
1787583,21212,22457,466137,435225,470022,1776516
435225,1784937
998886,21212,1776516
1787583,466137,998886
998886,1787583
1782459,1787583,470883,998886
470631,470043,435267,998886,1787079,435225,435288
470883,466137
1782459,1787583,1787079,998886
998886,1787583
1787583,1784937,998886,1787079,435288
1787583,21212,998886,470106,435225
998886,470106,470883
998886,470043,470022
21212,470883,482160
21212,470883
1782459,22457
470043,435267,460551,1787079,435225
22457,470883,998886,470106,1787079,470631
1782459,435267,435225
435225,470022
470631,22457,470043,435267,470022,460551,470106,435225,435288
1782459,482160
1787583,21212,22457,1784937,998886,470106,1787079
21212,470022,998886,470106,1787079,435288
435267,470631
1782459,1787583
1787583,22457,470883,1784937
1786029,998886
470043,466137,460551,470106,435225,435288
1786029,21212,1787079
998886,470883
470883,470631
460551,470106,1787079,470631
998886,22457
1786029,21212,470883,1784937,470043,435267,470022,998886,435225,435288
22457,470043,435267,470022,460551,1787079,435225,435288
1787583,22457,1784937,470043,460551,435225
1782459,21212,435225
470106,21212,1787079,470631
998886,1787583,1787079,470883
998886,435267,470022
998886,22457
1782459,1787583
435288,470043,435267,460551,470106,1787079,435225,470631
1786029,21212
21212,435267
1787583,460551,998886
435267,470883,435288
1786029,1787583,1776516,470883
470631,21212,470883,998886,470043,460551,470106,1787079,1776516,435288
998886,470043,435267,460551,1787079,1776516
435267,1776516,435288,435225
998886,435267,435288
1782459,1787583
22457,466137
1787583,470883,482160
1787583,1784937,470043,466137,998886
1787583,21212,998886,470106,1787079,470631
21212,470883,460551,466137,998886,1787079,435225,470631
1782459,998886
470043,470022
1782459,460551,1787079
21212,1787079
998886,470883
998886,22457
1782459,998886
1782459,1786029,1787079,470883
470883,482160
1787583,470883
1782459,21212
1782459,1787583
21212,435288,482160
998886,21212,482160
470883,466137
1782459,470631
22457,1776516
1782459,1787583
1782459,998886,470043,1787583
1782459,1787583
1787583,470883,1782459,470043,435267,470106,1787079,435225,435288
21212,435288,470043,435267,470022,998886,470631
998886,1787583
1787583,998886,435267,460551,1787079,435225,435288
1782459,1787583
1782459,1787583,470883,482160
1786029,470043,466137,470022,998886,1787079,435225,435288
1787583,21212,998886,466137,460551,470106,1787079,1776516,470631
1786029,21212,22457,460551,466137,470022,998886,1787079,1776516
466137,470631
1787583,1784937,470043,435267,470022,435225,435288
1786029,21212,998886,435267,470022,460551,1787079,435225,435288
1787079,470631
460551,470043,435225
21212,482160
21212,435225
1787583,21212,470883,470043,435267,466137,435225,998886,1776516,435288
1787583,21212,1787079
21212,1776516,470883
435267,22457
460551,1787079,482160
1787583,1787079
470043,435267,435225
21212,1782459,470043,460551,998886,470106,1787079,470631
435225,470022
470106,470043,1787079,470631
460551,435267,435225,998886
470106,1787079
1787583,22457
470883,435288,482160
1787583,1776516
470043,460551,470106,1787079,435225
21212,470883,1784937,435267,435225
22457,435225,470022
435288,435267,435225,1784937
1782459,460551,22457,998886
470883,482160
1787583,21212,482160,1782459,435267,466137,435225,998886,470106,1787079,1776516
1787583,21212,22457,470883,1776516,487263,435267,460551,466137,470022,998886,1787079,435225
1787583,470883,463806,482160,487263,477120,435267,460551,998886,470106,1787079,470631
1782459,470106,22457,470883
1787079,435225
1787079,470631
1782459,998886
21212,470883
22457,470883
470043,435267,435288,466137
487263,466137
1782459,1787583,470883
487263,470106,1787079,460551
1787583,482160,1782459,487263,470106,1787079
1782459,998886
1787079,435225
487263,1787079,470631
435267,1776516
487263,1787079,435225
1787583,470631,482160
1786029,1787583,22457,1782459,998886
1787583,21212,22457,470043,435267,435225
470631,487263,470043,1787079,435288
1787583,1784937,487263,470043,435267,1787079
1787583,998886,487263,460551,470106,1787079,470631
470631,470106,1787079,1784937
998886,1787583
21212,470043,435267,998886,435225
460551,470106,1787079,435225,470631
470043,470022
470106,487263,21212,470022
1787583,1784937
1786029,21212,470883,1784937,1782459,1787079
1787583,470043,998886,470022
435267,435225,470022
470106,1787079
1787583,470883
470106,1787079,435225
21212,435225
487263,470106,1787079,435225
21212,470883,470043,435267,466137,1787079
1782459,1787583,470883
21212,466137,470022
487263,466137,435288
487263,466137
21212,1776516
1787583,998886
998886,21212,487263
1782459,470043,1784937
487263,1787079,998886
435225,470022
470022,470106,1787079,435225,435288
998886,435225,470631
1787583,470043,435267,998886,435225,435288
487263,470043,435267,435288,470022,460551,1787079,435225,470631
487263,435267,470106,1787079,435225,435288
1782459,1787583,470043,466137
998886,470043,435288
1782459,435267,470022
21212,482160,487263,470043,470022,460551,435225,470631
21212,22457,1776516,477120,460551,470043,998886,470106,1787079,435225,470631
470631,21212,470883,998886,482160,460551,470106,1787079,435288
1784937,487263,460551,435267,998886,470106,1787079
470631,1787583,21212,482160,477120,470043,470022,998886,1787079,435288
470043,22457,1787079
1782459,998886,470883
21212,487263,435267,470022,435225
435267,435225,435288,470022
1786029,998886,1787583,1787079
1782459,998886
1782459,1787079
460551,998886,470106,1787079,470631
1782459,998886
998886,435267,1784937,1787079
22457,1784937,435267,460551,470106,1787079,470631
1782459,487263,470883
1782459,998886,1787583
1787583,22457
21212,487263,435267,1787079,435288
463806,470883
1787583,21212,470883,998886
998886,470631
1787583,435288
21212,1784937,470043,435267,470022,998886,435225,435288
1786029,22457,998886,470106,1787079,470631
1787583,477120,466137,460551,470106,1787079,470631
1784937,460551,470106,1787079,470631
1787583,1784937,460551,1787079,470631
1787583,460551,470106,1787079,470631
460551,470106,1787079,470631
466137,460551,470106,1787079,470631
1786029,22457,466137,460551,470106,1787079,470631
1787583,466137,470106,460551,463806,1787079,470631
1787583,460551,470106,1776516,470631
466137,460551,470106,1787079,470631
466137,460551,470106,1787079,470631
1784937,466137,460551,470106,1787079,470631
1787583,466137,460551,470106,1787079,470631
1787583,1784937,482160,466137,460551,1787079,470631
470631,460551,1787079,466137
1786029,998886,466137,460551,470106,1787079,470631
998886,1787079,470631,460551
1787583,460551,470106,1787079,470631
1786029,460551,998886,1787079,1776516,470631
470883,482160
1782459,482160
470631,22457,482160,470043,435225,998886,1787079,1776516,435288
470883,435288
1787583,1787079
487263,470631
1787079,470883,482160
1782459,470883
998886,1786029
470631,1787583,470043,470106,1787079,435225,435288
466137,435225,470631,482160
470883,435288
1782459,1787079,470883
487263,466137,460551,1787079,435225
470883,1784937,487263,470043,435267,998886,470106,435225,435288
1787583,470043,460551,466137,998886,470106,1787079
487263,466137,1784937,470022
998886,470043,1776516
487263,1787079,470631
487263,470043,22457,435225
487263,466137
998886,21212
470043,1787079,435288
470022,998886,470106,1787079,435225
1787583,470883,998886,487263
1782459,435267,435225
21212,435267,435225,470022
487263,435267,435288
460551,21212
21212,22457,470883,487263,435267,470022,998886,435225
460551,470106,470883,470631
998886,470106,1787079,487263
1782459,435288
1782459,1787583
470043,435225
1787583,1782459,487263,470022,1776516
487263,482160
470043,435267,998886,435225,435288
998886,1787583,22457
21212,470883,1782459,470043,1787079,435225
1782459,435225
470631,1787079,470883,435288
1782459,1787583
1787583,22457,998886,482160
1782459,482160
22457,1787079
487263,435288
1787079,466137
470043,435267
1787079,470631
998886,470883
470883,466137
1782459,998886,470883
22457,1787079
998886,487263
998886,470883
1787583,470883,1776516
1782459,1787583
21212,1776516,1784937,470022
470106,435267,1787079
1787583,470883,477120,470043,435225
1786029,21212,470043,435267,466137,470022,998886,435225,435288
470631,21212,487263,470043,460551,470106,1787079,435225,435288
1782459,1787583,998886
21212,470043,435225,470022
435225,435288
487263,435267,470022,460551,470106,1787079,435288
435225,466137,470022
470883,470043,435267,470022,1787079,435225,470631
21212,482160
487263,1787079,470631
1782459,21212,22457
460551,435267,1787079,470022
487263,1787079,435225
22457,470883,435288,470043,460551,470631
1782459,470043,435267,435288
487263,435267,482160
1782459,487263
470883,482160
21212,1784937,482160,470022,435288
1782459,435225
21212,470043,435267,470022,435225,435288
1787583,21212,470883,1784937,1782459,998886,470631
21212,470883
21212,22457,470883,1782459,487263,477120,466137,998886,470106,435225,470631
460551,1787583
1786029,21212,1784937,470043,435267,470022,998886,435225,435288
1787583,22457
1787583,21212,482160,470043,435267,470022,435225
21212,22457
21212,435225,470022
487263,21212
1787583,1782459,470043,460551,470106
1782459,435225,435288,470883
1782459,22457
487263,470043,435267,435225,998886,1787079,1776516
21212,466137
435225,435288,470883
487263,1787079
1787583,1787079,435225
998886,22457,470883
435267,435225
21212,470883,482160,1782459,487263,435267,998886,1787079
470043,435288,470022
470106,22457
487263,466137,460551,1787079,435225,470631
998886,1787583,482160
21212,22457,470883,1787079,470631
1787583,1782459,470043,470022,998886,435225
998886,21212,470883
1787583,21212,22457,1776516,435267,466137,460551,470106,1787079,435225
1784937,435288,470043,435267,460551,1787079,470631
998886,1787583,470883,487263
435267,470022,470106,1787079,435225,435288
21212,470883,482160
435288,487263,470631
435267,435225,466137,470022
470883,470043,435267,466137,435225,435288
1782459,21212
1787583,21212,482160,487263,477120,998886,1787079
22457,470883,1784937,998886,487263,470043,460551,1787079,470631
1787583,21212,435225,435288
1787583,21212,482160,487263,477120,460551,470106
460551,1787079
470883,1782459,487263,470043,435267,470022
487263,1787079,470883,470631
1787583,471849
435267,435288
998886,1787079,470883,466137
1787583,22457
470043,435267,466137,435225,435288
1782459,470883
998886,1787583,471849,22457
1787583,1787079,470631
1787583,471849,470631,1787079
487263,470022
435267,470883
1787583,471849
1782459,998886,1787583
998886,471849,466137
435288,470043,1784937
470043,435225,470022,998886,470106,1787079,1776516
21212,1784937,470043,435267,470022,998886,435225,435288
1782459,470883,1784937
1787583,21212,471849,470883,998886
460551,998886,470106,1787079,470631
1786029,22457,998886,466137,460551,470106,1787079,470631
1787583,1784937,998886,466137,460551,470106,1787079,470631
1787583,1784937,466137,460551,470106,470631
1787583,470106,460551,470631
998886,22457
435267,1784937
1787583,22457,487263,477120,460551,998886,1787079,435225
1784937,487263,470106,1787079,435288
1786029,470631,487263
1782459,460551,466137,998886,1787079
1782459,998886,21212
1787079,470631
998886,21212
487263,482160
998886,1776516
998886,471849
1784937,470043,435267,466137,1776516
460551,1787079
998886,1787583
487263,470883
998886,470883
487263,21212,1787079,482160
22457,998886,1787583,487263
1782459,22457,482160
21212,22457,470883,482160,466137,998886,1776516,435288
22457,1784937
1786029,1787583,1776516
1782459,470043,435267,435225,435288
487263,1787079,482160
1782459,470883
471849,435225,435288
1787583,21212,22457,998886,1782459,487263,435267,466137,435225,460551,1787079,1776516
1782459,1787583,1787079,470883
470106,1787079
21212,1784937,482160
1782459,487263
1787583,470883,435225,998886
1782459,998886
1787583,471849
470883,482160,470043,470106,1787079,435288
998886,460551,470883
21212,482160,487263,466137,1787079,435225
460551,466137,998886,470106,1787079,470631
1787583,460551,466137,998886,470106,1787079,470631
22457,1784937,460551,466137,998886,470106,1787079,470631
21212,22457
1787583,470043,470022,460551,1787079,435288
466137,482160
470043,435225,435288,482160
460551,1787079,435225,1784937
998886,1787583
1787583,22457
21212,22457,466137,1787079,435225
487263,1786029
435267,435288
470043,470883
470883,487263,460551,470106,1787079,470631
471849,435288
487263,1787079,470631
998886,471849
487263,435267,998886,1787079,435225,470631
487263,471849
470043,435267
487263,1787079
1787583,22457,470883,1776516,487263,998886,470106,1787079,435225,435288
1787583,998886
998886,471849,470883
487263,470883
487263,470883
435267,487263,470043,1787079
22457,482160,487263,998886,1787079
1787583,471849,22457
487263,470106,1787079,482160
998886,470043,435225,435288
435225,435288
470043,21212
435267,435225,1784937
470043,470022,460551,470106,1787079,435225,470631
1787583,21212
487263,1787079,470631,470022
487263,435288,435267,470043,460551,470106,1787079,435225,470631
1782459,1787583,470883,998886
1787583,470883
487263,1787079
435225,470022
470043,435288
435225,482160
998886,1787079,470022
1787583,22457,1784937
998886,470883
998886,22457,471849
1782459,435288,470022,470106,1787079,470631
1782459,470883
1787583,21212,22457,471849,470883,1784937,470043,460551,1787079
470883,487263,470043,460551,470631
998886,1787079
471849,470022
1787583,471849,470883,482160,1782459
998886,1787583,471849
470106,1787079
435288,1787583,466137,470022
21212,471849,470883,487263,1787079
470106,435288
1782459,471849,470883
1787583,998886,470106,1787079,470631
1787583,471849,435225
1782459,998886,1787583,471849
1786029,21212,471849,482160,1782459,466137,998886,435288
435267,21212,1787079,435225
1782459,435225
471849,1787079
998886,21212
1787583,1782459,470043,435267,460551,470022,998886,1787079,435225
460551,1786029,470883
471849,1776516
435267,1784937,470022
998886,471849
1787583,1787079,460551
487263,1787079,435225,435288
1787583,21212,471849,470883,487263
21212,435225
471849,470883
1782459,1787583
1782459,1787583,1776516
1782459,998886,470883
470043,435267,470022,998886,435225,435288
470043,435267,470022,1787079,435225,435288
21212,470043,470106,1787079,470631
435267,435225
22457,470883
1786029,487263,460551,1787079,470631
1784937,470043,470022,460551,470106,1787079
471849,470883,1782459,466137,1787079,1776516
1787583,22457,435267,466137,460551,470106,1787079,435288
22457,471849
487263,460551,466137,998886,470106,1787079,470631
1786029,471849,998886,460551,470106,1787079,470631
460551,1787079,470631,998886
998886,1784937
1787583,21212,471849,470883,482160,487263,460551,435225,470022,998886,470106,1787079,1776516
1782459,470043,435225
21212,470043,435225
998886,470883
487263,1787079,435225
1787583,21212,22457,482160,466137
998886,470106,1787079,21212
998886,1787583,1787079,435225
998886,482160
470106,487263,21212,1787079
1787583,435267
470631,1787583,482160,487263,470043,998886,470106,1787079,1776516,435288
1782459,470883
435288,1786029,1784937
21212,471849,1787079
1782459,998886,470883
470043,1787079,470631
998886,470043,1787583,470883
1782459,471849
1787583,22457
22457,471849,1782459,470043,435267,435225
21212,466137
1786029,1787079,466137
470631,1787583,22457,471849,482160,487263,460551,998886,1787079,435288
1787583,21212,22457,435225,998886,1787079,1776516,435288
1786029,1787583,22457,471849,482160,487263,470043,998886,1787079,1776516,470631
470043,435288
435288,466137,998886
435288,466137,998886
1782459,471849
1787079,470631
1782459,470883
998886,470883,470631
1787583,470043,435225,470022,1776516,435288
471849,487263,435267,1787079,435225
471849,470883,1784937,435288,487263,460551,470106,1787079,470631
21212,1784937
487263,470043,435288,435267,470022,460551,470106,1787079,435225,470631
998886,435225
470631,470043,460551,470106,1787079,435288
460551,1787079
1787583,470883
460551,1787079,466137
460551,1787079
487263,470106,471849
1787583,471849,466137
998886,470043,471849
487263,470043,435267,470022,460551,1787079
1787583,487263,460551,470106,1787079,470631
1782459,470883
21212,470883,998886,487263,470043,435267,470022,460551,470106,1787079,1776516,470631
487263,470106,1787079,460551
998886,470883
470883,460551,466137,998886,470106,1776516,470631
435288,1787583,435225,466137
1787583,998886
1782459,487263,435288,435267,470043,460551,998886,470106,1787079,435225,470631
1787583,487263,466137,998886,1776516
1787583,22457,471849,1784937,470043,470022,460551,435288
998886,1787079
998886,470043,435225,435288
1787583,435267,1787079,487263
998886,470043,435225,435288
470043,435225,435288
1782459,470883,435225
1782459,1786029,482160
1782459,1787583,471849
1787583,471849,470883
1787583,471849
487263,470106,1787079
998886,21212,22457
1782459,471849
1782459,470043,460551,435225,470631
470043,1787079,435288
470106,1787079
998886,470883
487263,21212,460551,470883
470106,470043,1787079,1784937
470043,435225,1784937,470022
998886,22457,471849
1784937,470043,435288
470106,1787079,470631
1786029,21212,470883,1784937,470043,435267,470022,998886,435225,435288
470106,1787079,470883,470631
460551,466137,998886,1787079,470631
482160,460551,470106,1787079,470631
1786029,466137,460551,470106,1787079,470631
470883,1784937,998886,466137,460551,470106,1787079,470631
435288,435267,466137,1787079,435225,470631
470631,1787583,1782459,470043,435267,470022,460551,435288
1787583,471849,470043,435267,435225,998886,1776516,435288
1787583,22457,482160
1787583,21212,22457,471849,470043,470022,435225,435288
1787583,471849
1787583,471849
487263,470106,1787079,470022
998886,1787583,1787079
471849,482160
1787583,1782459,470043,435267,470022,998886,435225,435288
998886,470883
471849,470883,487263,435225,998886,1776516
998886,470043
435267,470106,1787079,435225
435288,470022
1782459,470883,466137
487263,998886
460551,470106,1787079,470631
1787583,471849,470883,998886
1786029,21212,22457,471849,470883,998886
1787583,470043,435267,470106,1787079,435288
998886,471849
1787583,471849,466137
1786029,21212,470883,1784937,470043,435267,470022,998886,435225,435288
1786029,21212,471849
487263,470043,460551,470106,435288
470043,435288
1782459,487263,460551,998886
1786029,470883
1786029,21212,22457,471849,470883,482160,435288,477120,998886,1787079,470631
471849,487263,470043,477120,998886,1787079,470631
998886,470883
1782459,460551,470883,482160
470043,1784937
1782459,487263
1787583,22457,471849,470883,487263
1787583,466137
470106,1787079,1776516
998886,1787583
487263,1787079
470043,21212,435267,466137
1787583,471849
435225,470631
470106,471849,1784937
1787583,1786029
998886,470883
1787583,470043,435225,435288
1787583,471849,470883,998886,482160,1782459,487263,435267,460551,1787079,1776516
1787583,21212,22457,471849,998886,482160,487263,460551,470106,1787079
1787583,435225,470022,998886,1787079,1776516,470631
22457,470883,1776516,998886,470022,460551,1787079,435225
21212,466137,482160
471849,470883
21212,487263,460551,1787079,470631
470883,998886,466137,460551,1787079,1776516,470631
471849,466137,998886,470106,1787079,470631
460551,1784937
460551,470106,1787079,470631
460551,1784937,466137
1787583,460551,470631
460551,470106,1787079,466137
1787583,471849,487263,470043,998886,470106,1787079,435288
435267,470022,470106,1787079,435288
470043,470106,1787079,435288
1787583,1782459,470043,435225,998886,1776516
1787583,471849,487263,466137,435225,998886,1787079,1776516,435288
470106,1787079
1782459,998886,21212,471849
470631,1786029,21212,470043,466137,470106,1787079,435225,435288
1782459,998886,471849,22457
1787583,471849
1787583,471849,1784937,487263,460551,1787079,1776516
470043,435267,435225,470022
1787079,470883,435288
1787583,998886
1782459,1787079,470631
471849,470022
435288,470022
1787583,470043,435225,435288
1787583,22457,998886
998886,471849,470022
1784937,487263,470043,460551,1787079,435225
998886,1787583,1786029,1776516
435267,435225
1787079,470883
998886,470883
471849,482160,487263,470043,435267,470022,1787079,435225,435288
998886,22457,435225,435288
487263,470043,470106,1787079,435288
1782459,470883,466137
487263,1787079,470631
21212,471849,466137,998886,1787079
1787583,487263
1782459,487263
998886,1787583,470631,487263
1784937,470022
435267,470043,1787079,435225
21212,435267
487263,1787583
1787583,470043,470883
460551,1787079,470631,487263
470106,1787079,471849
1787583,22457
1782459,470883
1786029,482160
1782459,22457,471849
998886,470043,435267
21212,471849,435288,470043,487263,460551,435267,998886,470106,1787079,435225,470631
460551,470043,435267,1787079
998886,470883
1787583,22457,471849,470022,435225,435288
470043,22457,435225,470022
1787583,1782459,487263,998886,470106
1787583,21212,487263,470043,435267,466137,435225,470022,1776516,435288
487263,470043,435267,1787079,435225
435288,998886,1787079,470631
471849,487263,466137,998886,470106
21212,487263,466137,998886,1787079
471849,487263,435267,1787079,435225
1786029,998886,482160
21212,470043,435225,466137
998886,21212,1784937
1787583,471849,466137
21212,470883
435225,1784937
1782459,482160
487263,471849
470106,1787079
998886,471849,470883,482160
1782459,487263
470631,1787583,470043,460551,1787079,435288
1787583,471849,998886
998886,470043,435267,466137,460551,1787079
1782459,470883
1786029,471849,470883,487263
1787583,470106,22457,1787079
1787583,21212
1782459,487263,470106,1787079,470631
435267,435288
1786029,21212,470883
470883,998886,1787079,435225,435288
22457,470043,435267,1787079,435288
1787583,21212,22457,471849
1787583,435267,435288
22457,471849,470883,998886,470106,1787079,1776516,470631
1786029,21212,466137
487263,1787079
470043,435225
1784937,470043,470022,470106,1787079,435225,435288
998886,1787079,435225,470631
998886,1787583
1787079,435225
998886,21212
487263,470043,435267,470106,1787079,435225,470631
470106,1787079
435267,471849,435225
470043,470022,460551,470106,435288
1786029,470883,487263,998886,1787079
435267,435225
21212,435267,466137,1787079,1776516
470106,1787079,470883
998886,471849
1782459,21212,482160
1787583,22457,471849,1782459,998886
998886,21212,466137,482160
1786029,470883,1782459,487263,998886,1787079,1776516
1786029,471849,1776516
1787079,435225,1784937,470022
1776516,435225,470022,1787079
460551,1787079
487263,435225,470631,470022
1787583,471849
998886,21212,1776516
1787583,470883,487263,460551,1787079,435288
21212,22457,487263,998886,470106,1787079,1776516
1787583,21212,22457,471849,1784937,482160,487263,470043,435267,460551,435225,998886,1787079,1776516
21212,22457,471849,998886,463806,1776516,470631
470106,435288,470022
471849,435225,435288
998886,470106,1787079
998886,471849,470883
998886,1784937,470022
1787583,471849,470883,998886
21212,435267,470106,1787079,435225
998886,470043,471849
998886,471849
487263,21212,470043
435267,1787079,435225,435288
470106,1787079
998886,471849
435288,470043,435267,460551,998886,470106,1787079,435225,470631
470631,1787583,477120,998886,470106,1787079,435225,435288
470883,482160,477120,435267,466137,470022,460551,435225
998886,470883
435267,460551,1787079,435225,435288
1784937,435267,470022,470106,1787079,435225
477120,482160
21212,471849,1784937,470043,435267,470022,435225,435288
435288,998886,466137,1784937
998886,22457
435225,470022
1786029,21212,470883,1784937,435267,470022,998886,435225,435288
1784937,466137,460551,470106,1787079,470631
1784937,460551,470106,1787079,470631
460551,470106,1787079,470631
1787583,22457,998886,460551,470106,1787079
460551,470106,470631
460551,470106,1784937
460551,1787079,470631
1784937,460551,470106,1787079,470631
470631,460551,22457,466137
998886,1787079,470631,460551
998886,466137,460551,470106,1787079,470631
22457,998886,460551,470106,1787079,470631
460551,470106,1787079,470631
463806,460551,466137,998886,470106,1787079,470631
1782459,22457
470043,435267,435225,435288
21212,487263,470043,460551,435225
1782459,1787583,470106,998886
1787583,22457,471849,487263,470043,460551,998886,1787079,1776516
460551,1787079,482160
470043,435288,470022
998886,435225,470022
470043,1784937
460551,470043,1787079,435288
471849,487263,477120,470043,470106,1787079,470631
470043,466137,470022,998886,435225,435288
998886,1787583,471849
477120,470883
1776516,470631
470883,487263,470106,1787079,435225,435288
21212,1776516,466137
998886,470883
998886,470883
487263,460551,466137
470043,470631
21212,471849,470883,1784937,998886,487263,435288,435267,470043,460551,1787079,435225,470631
470106,1787079,477120
22457,471849
21212,470883,482160,487263,998886,470106
1786029,1787583,1784937,482160,470043,435267,460551,998886,435225
21212,487263,477120,1787079,1776516
21212,1784937
21212,466137
998886,21212,471849
998886,1787079,1776516,470883
470883,487263,435288,435267,470022,1787079,470631
998886,470883
1787583,22457
998886,477120
1782459,1787583
460551,470043
1787583,470883,477120,998886,470106
1782459,477120,1787079,435288
487263,477120,22457
435225,435288,470022
998886,470883
1787583,22457
1787583,21212,460551,1787079,435225,435288
470106,1787079
1776516,466137
435267,470022,482160
21212,470883,482160,998886,1787079
487263,1787079,470883,482160
1787583,1782459,470043,470022,435225
460551,470106,1787079,470631
998886,460551,470106,1787079,470631
1784937,460551,470106,1787079,470631
1786029,21212,470883,1784937,470043,435267,998886,435225,435288
477120,470883,482160
487263,470043
1787583,1776516,466137
1787583,21212,471849,470883,998886,487263,460551,1787079,1776516
487263,21212,435288
470106,1787079,470631
1787583,487263
21212,998886,487263,466137,460551,470106,1787079
1787583,477120,22457,466137
22457,471849
998886,482160
477120,1787079,470631
1784937,435267,470022,435225,435288
1787583,21212,1786029,22457,1784937,482160,477120,435267,998886
435267,435288
1787583,471849,1787079,487263
435267,471849,435225,435288
1786029,21212,1784937,487263,460551,1787079,470631
1787583,1787079,998886
487263,477120,1787079,435288
487263,477120,482160
1787583,470883
1786029,998886
1782459,1787079,435288
487263,470883
460551,470106
460551,470631
466137,998886,470106,1787079,470631
460551,470631
998886,1787583,466137
487263,1776516,466137
998886,1787079,466137
460551,470106,470631
998886,22457
471849,482160
470883,435288,470022
487263,470883,482160
1786029,477120
470106,1787079,482160
998886,435225,470631,487263
1787583,471849
1787583,21212,471849,470883,1784937,1776516,482160,998886,1787079,435225,470631
21212,1787079
998886,22457,487263
470631,460551,466137,998886
998886,1787079
487263,1787079
487263,470043,460551,477120,435225,998886,470106,1787079,1776516
1787583,487263,470043,435267,470022,470106,1787079,435225
21212,471849,1784937,487263,477120,470022,470106,435225
998886,21212
1787079,470631
487263,477120,466137
998886,477120,21212
1787583,470883,1784937
1782459,471849,470883,1784937
1786029,21212,470883,1784937,470043,435267,470022,998886,435225,435288
22457,470883,466137
998886,470883
21212,22457,471849,470883,482160,487263,477120,470106,998886,463806,1787079,435225
1787583,21212,22457,471849,487263,466137,470022,470106,1787079,1776516,470631
1782459,1787583,1787079,435225
435225,435288
998886,1787583,460551,466137
460551,470631
460551,998886,470106,1787079,470631
1784937,460551,998886,470106,1787079,470631
477120,470883
1787583,21212,487263,435267,466137,998886,1787079
1787583,21212,487263,470043,435267,470022,998886,470106,435225,470631
998886,470883
998886,471849
470106,1787079
487263,435267,466137,460551,470106,1787079,435225,470631
487263,435267,435225,470022,1787079,1776516,435288
998886,435225
1787583,487263,470043,435267,477120,460551,1787079,435225
487263,477120,435267,470022,435225,470106,1776516
487263,1787079,435225,470631
1787583,470043,435225,466137
21212,470883,1784937,482160,487263,477120,1787079,435225
1787583,22457,1776516
1787583,22457,471849,482160,1782459,477120,470022,460551,470106,1787079,1776516
21212,471849,487263,470022,1787079,1776516,435288
1787583,21212,471849,22457
1782459,435267,1787079
998886,477120
470106,1787079
21212,482160
1787079,1776516,470883
998886,477120,1787583
487263,470043,435225
998886,435225,466137
1782459,1786029,22457
470106,1787079,470631
487263,470883,470631,998886
470043,435267,460551,435225,435288
1782459,466137
1787079,470022
487263,21212,1787079
1786029,477120
477120,470883
477120,471849
487263,435225
487263,435267,1787079,470022
1787583,470883,477120,470043,435225,1776516,435288
1782459,487263,470106,471849
1787583,470022
487263,470043,470022,460551,435288
1782459,998886,477120
21212,471849,470883,998886,482160,487263,470043,466137,470022,460551,470106,1787079,470631
998886,470883
21212,435267
1782459,487263,21212
460551,21212,487263
482160,487263,998886,1787079,435225
470043,435267,435225
1787079,470883,1784937
21212,470883
1786029,21212,1787079,466137
470883,1782459,470043,435267,470022,435225,435288
998886,470883,470631,487263
998886,1782459,487263,477120,460551
1787583,998886,477120,470043,466137,435225,460551,1776516
487263,1784937,1787079,466137
21212,482160,1782459,435288,477120,470631
1787583,22457,1784937,466137,1776516
21212,470883,482160,435267,998886,1787079,435225
435267,470022
998886,1787079,487263
1786029,21212,470883,1784937,470043,435267,998886,435225,435288
487263,1776516
998886,435267,435288,470022
1782459,470883,435225
470043,477120
21212,470043,470022,1787079,435225
1786029,998886
998886,470883
1782459,1787583,477120,998886
435267,435225
1787583,998886,470022,482160
435267,466137,435225,470022,470106,1787079,1776516,435288
1787583,998886
470043,435288,470022
998886,21212
998886,477120,1787583,470883
998886,471849
22457,482160
21212,471849
487263,477120,1776516,470631
487263,1787079
21212,1784937,482160,1782459,466137
470043,435267,470022
21212,22457,471849,470883,482160,487263,470043,466137,998886,1787079,1776516
998886,460551,470631,487263
487263,1787583,998886
477120,435267,470106,1787079,435225
471849,470043,435267,470022,470106,1787079,435225,435288
998886,477120,466137
21212,22457,1784937,482160,487263,466137,470106,1787079,470631
21212,470883,470043,435267,470022,435225,435288
998886,435267
998886,477120,466137
460551,470631,482160
460551,470106,1787079,470631
460551,998886,470106,1787079,470631
21212,1776516
470106,1787079
487263,470106,1787079
466137,460551,470106,1787079,470631
22457,1784937,460551,470106,1787079,470631
460551,1787079
460551,466137,998886,470106,470631
1787079,1784937
21212,22457,471849,482160,460551,435225
1787583,21212,471849,487263,470043,470022,460551,470106,1787079
1782459,1786029
1787583,470883,1784937,482160,470022
21212,470883,1782459,487263,1787079
470883,466137,482160
1787583,1786029,1782459,470043,435267,466137,470022
1782459,998886,1787079,482160
1782459,435267,1787079
435288,470043,487263,460551,466137,998886,470106,1787079,1776516,470631
470883,435288,470043,460551,1787079,435225,470631
22457,466137
1782459,22457,470883
435225,470022
470883,466137
435288,460551,470106,1787079,1776516,470631
487263,435267,460551,470106,1787079,435225,470631
470043,435267,435288,470022
435267,1787079,22457
1786029,21212,470883,1784937,470043,435267,470022,998886,435225,435288
470106,477120,470631
460551,470631,998886
460551,470106,1787079,470631
1786029,1787583,22457,21212,1784937,482160,487263,477120,470022,998886,1787079
470631,1787079,466137
1787079,470883,435225
21212,1782459,998886,435225,470631
487263,1787079
998886,21212
470106,1776516,477120
471849,470043,435267,460551,470106,1787079,470631
1786029,466137
460551,1787079
477120,482160
998886,471849
998886,477120,471849
21212,1784937,470022,435225,435288
435267,1787583,470106,470043
22457,1782459,435267,1787079,435225
1787583,477120
460551,1787079
1782459,998886
998886,22457,470883
470043,470883
21212,1784937
1782459,998886,470106,1787079,470631
998886,435225,482160
470883,482160,470022,998886,435225
435267,1787583,470043,460551
21212,466137
487263,998886
470043,435267,466137,470022,435225
1787583,21212,470043,435267,477120,466137,470022,1787079,435225,435288
1782459,22457
435267,482160
487263,477120,466137
470631,1786029,1787583,477120,435267,470043,466137,470022,998886,1787079,435225,435288
21212,1784937
1787583,470883,482160,470043,435267,1787079,435225,435288
1787583,487263,477120,466137,998886,463806,1787079,1776516
998886,21212
998886,470883
998886,470883
1787583,471849
21212,435267,466137,998886,435225
1787583,21212,22457,470883,487263,477120,466137,998886,1787079,1776516
487263,470106
1787583,22457,1784937,487263,477120,470106,1787079
1787583,471849
470631,1787583,21212,1784937,487263,470043,435267,460551,470106,1787079,435225,435288
487263,1787079
22457,482160
998886,487263
998886,470883
22457,1784937
435267,466137,470022
471849,482160
1787583,1784937,470043,998886,470106,435288
470106,1787079
460551,470043,435225
470043,435288
1787583,470043,435267,470022,460551,435225,435288
1786029,1787079,1784937
21212,471849,482160,487263,460551,998886
470043,435267,435225,435288
482160,470043,435267,466137,460551,1787079,435288
470883,477120,460551,1787079,1776516
435267,1787079,435288
1787079,470631
1787583,435225
1787079,435225,470631,22457
22457,482160
477120,470883,1784937,482160
21212,1776516,482160,470043,435267,470022,435225,435288
998886,470106,435267
998886,470883
22457,1782459,477120,466137,470022,1787079
998886,477120,460551,470106,1787079,470631
463806,1784937,466137,460551,470106,1787079,470631
1782459,460551,466137,998886,470106,470631
998886,471849,470631,460551
460551,470106,1787079,466137
1782459,21212,470043,435288
460551,470043,470022
1787583,22457
998886,470883
435267,477120,470043,466137
470106,1787079
998886,1787583,466137
21212,471849,487263,470043,435267,470022,460551,1787079,435225,435288
998886,477120,435288
487263,1787079
1776516,470043,435267,470022,435225
22457,482160,470043,998886,1787079
487263,477120,435267,470022,470106,1787079,435225,435288
482160,1782459,487263,470043,998886,435225
1786029,22457,1782459,487263,460551,998886,1787079,470631
1787079,1776516
487263,470106,1787079,460551
470631,487263,470043,470022,470106,1787079,435225,435288
998886,1787583,471849
1782459,477120,435267
1786029,463806
1786029,460551,470106,1787079,470631
466137,460551,470106,1787079,470631
1776516,466137
21212,435225,482160
435225,435288
1787583,1787079
466137,1784937
487263,470022,460551,1787079,435288
1786029,21212,470883,1784937,470043,435267,470022,998886,435225,435288
471849,1782459,487263,998886,1787079,435225,470631
1782459,471849
1787583,22457,471849,470883,482160,1782459,477120,466137
470883,482160,1782459,998886,1776516
487263,470106,1787079
1786029,1787583,471849
460551,470043,1787079,470022
460551,470106,1787079,487263
470106,1787079
460551,1787079,470631
487263,470106,1787079,1784937
1787583,471849,22457
998886,1787583
460551,21212,22457,463806
460551,21212
1787583,1786029,435225,470022,1776516,435288
1787583,1787079
998886,463806
1786029,21212,22457,470883,1784937,998886,482160,470043,435267,435225,470022,460551,1776516
998886,1787583
1782459,998886,477120,435225
1782459,998886,22457
1787583,477120,470883,482160
487263,477120,1784937
21212,470043,466137,1787079,435288
1782459,1787583
487263,435267,470022,1787079,435225
487263,477120,470043,435267,470022,998886,1787079,435225
998886,1787583,22457
1787583,471849
470106,1787079
1776516,466137
470043,435225,435288
470043,435267,466137,435225,435288
470043,470022
470106,1787079,470631
998886,477120,1787079,482160
460551,470043,435267
1787583,998886
1787079,435288
1786029,470043,435225,998886,1787079,1776516,435288
471849,482160
1782459,471849
460551,1787079,470631
487263,1787079
21212,470043,477120,998886,470106,435225,470631
435267,435225,470022
470106,435225
477120,470883
470043,435225
998886,1787079
487263,470106,1787079
470043,435267,470022
470043,435267,998886,435225,435288
998886,470106,1787079,470631
460551,470106
1784937,460551,998886,470106,1787079,470631
998886,460551,470106,1787079,470631
1786029,470883,435288,470043,435267,470022,470106,470631
21212,435267,466137,1776516,435288
1782459,470883,466137
1787583,470043
21212,482160
487263,470043,470022,435225,435288
998886,21212
998886,471849
1787583,460551,470106,1787079,470631
998886,470043,435267
470631,470043,435267,435225,435288
463806,435267,435288,470022
435267,470883,470022
998886,1787079,435288
1787583,470106,1787079,435225
435267,470043,471849,435288
998886,463806
998886,470883
460551,21212
22457,470883,471849
471849,435225
22457,998886,482160,487263,470043,435267,466137,435225,460551,1787079,1776516,435288
1787583,21212,470883,487263,477120,435225,998886,1787079,1776516,470631
487263,435267,460551,1787079,435225,435288
460551,470106,471849,466137
470631,460551,471849,466137
1787583,22457,460551,470106,1787079,470631
998886,470106,460551,22457
482160,435288,470043,466137,460551,470631
470043,435225,435288,470022
460551,1787079,1784937
460551,998886,470106,1787079,470631
470883,466137,482160
1787583,470043,477120
1782459,477120,470883
21212,470043
1784937,470043,435267,435225,435288
21212,470883
460551,435267,1776516,435288
22457,1782459,435267,1787079,435225
470043,435225,435288
998886,21212,470883
487263,1787079,435225,470631
470043,435225,435288,470022
1787583,466137
998886,477120,21212,435225
1786029,1784937,998886,482160,435288,477120,435267,470043,435225,460551,470106,1787079,1776516,470631
471849,470043,435267,470022,435225
21212,470883
1782459,998886,1787583
487263,460551,470106,1787079,435225,470631
470043,466137
998886,1787583,1787079,460551
487263,470043,435267,435225,460551,470106,1787079,1776516,435288
1787583,471849,1787079
487263,471849
1786029,435288
477120,471849,470883
1782459,998886,470043,435225
1782459,998886
998886,22457
998886,1787079,470631,487263
1787583,471849,1787079,998886
1786029,463806
1782459,470106,1787079
998886,470883
487263,998886
1782459,21212
487263,466137
466137,470022,998886,1787079,1776516
435267,1784937
998886,470043,470022
1786029,21212,470883,1784937,470043,435267,470022,998886,435288
1784937,460551,470106,1787079,470631
460551,1787079
460551,470106,998886
1784937,998886,466137,460551,470106,1787079,470631
1786029,463806
21212,471849,482160,487263,470043,435267,998886,1787079,1776516,435288
1786029,21212,471849,470883,487263,435267,466137,460551,470106,1787079,1776516,470631
1786029,21212,22457,471849,470883,1784937,1776516,482160,487263,470043,466137,470022,998886,1787079,435225,470631
435267,22457,435225,1776516
21212,1776516,466137
21212,22457,435267,460551,1787079
435288,435267,435225,1784937
1787583,22457
998886,22457
487263,470043,470022,460551,470106,1787079,435225,435288
487263,470631
460551,487263
998886,470883
22457,1784937,1787079
460551,1787079
470043,435267,470631,470022
1782459,998886
435225,470022
487263,470043,470883
470043,466137
1787079,1776516
487263,470106,22457,1787079
487263,998886
1782459,22457
487263,460551,470106,1787079,1776516
1787583,471849,1782459,487263,477120,460551,998886,1787079,1776516,470631
487263,1787079
470631,471849,1782459,487263,470043,435267,460551,1787079,435225,435288
471849,487263,470043,435267,998886,1787079,435225
470883,1782459,477120,435267,435288
21212,487263,477120,466137,1776516,470631
1787079,435288
1782459,477120
998886,470043,435267,435288
998886,487263,435267,460551,1787079,470631
487263,470043,435267,1787079,1776516
1782459,471849
470043,435267,466137,470022,435288
477120,1787079,482160
21212,470106,1787079,1784937
1786029,22457
487263,470883
470106,1787079,1784937
477120,1787079
998886,470106,1787079,470631
1787583,470883,998886,482160,487263,460551,470631
1787583,471849,477120,470043,470022,998886,1787079,1776516,470631
1782459,998886
1782459,22457
1782459,470883,466137
998886,470883
1782459,1787583,470043,470631
1787583,482160,487263,1787079,435288
1787583,998886
21212,477120
1786029,477120
487263,470106,998886
487263,470043,435267,470022,460551,470106,1787079,435225,435288
1787583,466137
470043,435267,1787079,435225,435288
470883,487263,470043,470022,460551,1787079,470631
998886,471849
998886,1787079,487263
1787079,435225
1782459,22457
1776516,1784937
1787583,470883,998886
435288,470022,482160
470043,435267,435225,1787079
487263,1787079
1784937,470043,460551,435267,998886,470106,1787079,435225,435288
460551,470043
1782459,998886,1787079
1787079,22457
1787583,477120,470883
22457,998886,477120,460551,470106,1787079,470631
460551,22457,1787079
1787583,998886,466137,460551,470106,1787079,470631
470631,460551,1787079,466137
460551,466137,998886,470106,1787079,470631
460551,470106,22457,470631
998886,477120,466137,460551,470106,470631
1786029,21212,470883,1784937,470043,435267,470022,998886,435288
22457,471849,470883,466137,998886
1787583,21212,1786029,470043,435267,466137,435225,470022,1787079,1776516
998886,435267,435225,466137
487263,470106,1787079,435225
1787583,22457,460551,470106,1787079,470631
470106,1787079,470631,466137
460551,470106,1787079,470631
470043,435288,470022
21212,435267,435225,466137
471849,22457
1787583,21212,1776516,435225
1787079,470631
1787583,22457
1787079,435288,482160
1787583,471849,1782459,435267,470022,435288
1786029,435267
487263,470043,435267,998886,1787079
1787583,471849,487263,470043,435267,466137,470022,1776516
21212,435267,435225,470022
435267,470883,435288,435225
998886,21212,477120,435288
470883,435288
1782459,471849,1784937
1787583,998886
1786029,998886
21212,477120,482160
1787583,21212,22457,471849,1782459,435267,470022
435267,435225,435288
1787583,477120
1787583,471849,466137,487263
460551,1787079,998886
477120,21212,1776516
482160,1782459,470043,470022,435225,435288
998886,1784937
1782459,477120,471849,470883
998886,470106,1787079,470631
1782459,998886,1787583,487263
22457,470043,435267,466137,435225,470022,460551,1787079,1776516,470631
1784937,470043,435267,470022,435288
1782459,21212,470883
470043,435267,466137,470022,435288
1787583,471849
1787583,22457,470883
435225,1784937,470022
487263,21212,22457
470883,482160
435267,470106,1787079
435267,1787583,22457
1787583,470043,470022,998886,435225
487263,1787079,435225
1786029,21212,470883,1784937,470043,435267,470022,998886,435288
460551,470106
1787583,470106,470631
1787583,460551,470106,1787079,470631
21212,470883,470043,460551,998886
1782459,1787583,21212,1784937
998886,1787079,466137
1784937,466137
477120,1784937,482160
1784937,470043,435267,470022,435225,435288
1786029,1787583,22457,1784937,482160,487263,435267,466137,470022,1787079,1776516
21212,22457,470883,1784937,470043,998886,463806,1787079,1776516
1787583,471849,998886
487263,435267,460551,470106,1787079,470631
1787079,470883,470631
477120,482160
470106,1787079,470631
460551,998886
471849,435267,435225,470106,1787079,1776516
1787583,470043,477120,470022,435225,1776516,435288
1782459,1787583,435288
1787583,21212,482160,435267,466137,470022,435225,998886,1776516,435288
998886,460551
470106,21212,1787079
487263,21212,22457,471849
998886,471849,22457
1787583,471849
487263,470043,435225
435267,1787079
1782459,998886
1786029,22457,466137,460551,470106,1787079,470631
1786029,1787583,487263,1787079,470631
1787583,470631
21212,470883,487263,477120,435267,460551,466137,470022,998886,1776516
998886,487263
998886,477120
470883,482160
1787583,21212,470883
487263,470106,1787079,998886
998886,1787583
470631,1787583,471849,487263,1787079,435288
998886,463806,477120
998886,477120,470883
1786029,21212,1776516,470022
998886,435267
487263,435288,470022
21212,435267,466137
998886,477120,1787583,466137
1787583,21212,487263,470043,435267,470022,460551,470106,1787079,435225
998886,463806
1787583,1787079
1787583,470883,487263,477120,466137
470883,1784937,482160
487263,435267
1786029,1787079,998886
1787583,470883
487263,1787079,470631
470883,1782459,435267,998886,435225
435267,435225
22457,482160,998886,463806,1787079,1776516
477120,21212,466137
435267,435288
1782459,998886,1787583
1787583,435225,435288
22457,471849,470043,435267,470022,435288
1787583,470043,460551,470106,1787079
477120,482160
1786029,21212,22457,1784937,482160,470043,435288
998886,463806,1787583,435225
1782459,998886,477120,471849
998886,470106
435267,22457
1786029,470883,998886
1786029,470043,460551,1787079,435225
435267,470022,1787079
487263,1787583,1786029,466137
1786029,21212,1787583,22457,470883,998886,1776516,487263,477120,435267,470043,460551,470106,1787079,435225,435288
487263,435267,470022,470106,1787079,435225,435288
1776516,470043,435267,466137,470022,470106,1787079,435225,435288
487263,470043,460551,470106,1787079,435225
1786029,477120,471849,21212
1782459,487263,1787583
998886,435288
1782459,471849
466137,482160
21212,1784937,1782459,487263,477120,435267,1787079,435225
998886,1787583,471849,470883
1782459,470883
998886,482160
477120,482160
487263,435267,998886,1787079
1787583,470043,435267,477120,470022,435225,435288
1782459,998886,471849,22457
1787583,22457,482160,435267,470106,1787079,435225,435288
477120,470883
460551,435267,435288
1782459,998886
1787583,21212,471849
1782459,477120
460551,470106,1787583,470631
1787583,1784937,460551,470106,1787079,470631
460551,470106,1787079,470631
466137,460551,470106,1787079,470631
471849,460551,470106,1787079,470631
1787583,463806,460551,470106,1787079,470631
487263,1784937
487263,435267
1787583,21212,998886
1787583,22457,471849,470883,998886,463806,1776516
998886,1787583,1784937,482160
1787583,21212,471849,470883,435267,466137,470022,998886,435288
477120,482160
1787583,1776516,435288
1782459,1786029,1784937
1784937,487263,435267,466137,470106,1787079,435225,435288
1787583,22457,1776516,487263,466137,435225
435267,435225,470022
470022,470106,1787079,435225,435288
487263,470106,1787079
487263,470043,435267,470022,460551,1787079,435225,435288
487263,1787079,466137
1787583,21212,22457,487263,435267,466137,998886,470106,1787079,435288
1787583,21212,22457,487263,470043,460551,466137,998886,1787079,1776516
477120,22457
21212,22457,482160,998886,470106,1787079,470631
998886,435225,482160
1782459,998886
470043,435267,435225,435288
435288,435267,466137
470043,435288
487263,477120,1787079,435225
22457,1782459,470043,435267,470022,998886,435225,435288
1787583,21212,470883,477120,470043,435267,466137,470022,998886,435225,435288
435225,466137
21212,470043,466137,470022,435225,435288
22457,471849,470022,1787079,1776516,435288
21212,482160,487263,470106,1787079
487263,477120,1787079,435225
1782459,998886
1782459,998886,1787583
1787583,22457
1786029,21212,470883,1784937,470043,435267,470022,998886,435225
998886,471849,435225,1784937
1786029,470883
470883,470043,435267,470022,435225,435288
1782459,470883
1782459,998886,477120,1787079
1782459,1786029,470883
470631,470883,482160,998886,470106,1787079,435225,435288
1787583,471849,477120,470043,435267,470022,1776516,435288
22457,466137
460551,470631
1787583,21212,487263,1787079,470631
435288,435267,460551,466137,998886,470631
470043,435225,435288,470022
487263,466137,460551,1787079,470631
487263,470043,470022,470106,1787079,435288
21212,470883,487263,470043,460551,1787079
1787583,471849,1776516
470631,487263,470022,460551,470106,1787079,435225,435288
470106,1787079,470631
487263,1787079,435288,470022
1782459,487263,470043,435267,470022,998886,1787079,435288
1787079,435288
487263,460551,470106,1787079,1776516,470631
1787079,470883,22457
21212,1784937,487263,470043,470022,998886,1787079,435225
998886,1787079,466137,487263
21212,470883,463806,470106,1787079
1782459,21212,435288
1787583,477120,466137
1787583,470883,1784937,998886,460551,435288
435267,435225,470022
435267,1787583,21212,471849
1787583,477120
1787583,21212,22457,471849,470883,487263,477120,466137,463806,1787079,1776516
1787583,21212,22457,471849,470883,998886,487263,470043,435267,470022,460551,463806,1787079,1776516,470631
470043,435267,435288,471849
1784937,460551,463806,1787079,470631
1787583,460551,470106,1787079,470631
1787583,1784937,470106,460551,463806,1787079,470631
477120,466137
435288,466137
22457,482160,487263,463806,435288
460551,21212,1787079,466137
487263,470106,1787079,470631
1787583,22457,471849,470883,466137
470883,470022
1786029,471849
1786029,1787583,470883,1782459,477120
477120,482160
470043,435267,470022,435225,435288
435288,470022
487263,1787583,1787079,470631
1782459,470106,22457,435225
998886,435288
998886,471849
487263,470883
477120,470883
435225,1784937
998886,471849,470883
487263,470106,1787583
1782459,482160
1787583,21212,22457,471849,1784937,487263,477120,460551,435225,998886,470106,1787079,1776516
1787583,1782459,470043,1787079,435225
470043,435267
1786029,21212,470883,470043,435267,470022,998886,435225,435288
470043,470022,1787079,435225,435288
1787583,471849
998886,482160
998886,477120,1787583
1787583,1782459,487263,477120,998886,470106,1787079
1787583,22457,470883,1782459,477120,998886
998886,21212,1787583
470883,477120,435267,470022,435225,435288
487263,470043,435267,470022,460551,470106,1787079,435225,470631
1787079,470631
1787583,466137
21212,435225
477120,1787079,1776516
1782459,470883
1787583,998886,487263,470043,435267,470022,460551,470106,470631
487263,21212,1787079
435225,470631
1782459,998886,477120,435225
487263,470106
1782459,471849
470106,1787079
487263,21212,435288
487263,470043,470022,460551,1787079
1787583,471849,470883,22457
471849,470043,435267,466137,435288
998886,477120
487263,470883,482160
435267,435288,470022,482160
1787583,22457
998886,470043,460551,435225
460551,470106,1787079
21212,470883,998886,487263,470043,477120,460551,470106,1787079,435225,435288
1782459,1786029,463806,435225
1776516,466137
21212,435288,477120,470043,435267,460551,470022,998886,470106,1787079,435225,470631
435225,470022,482160
460551,1787079,470631
460551,471849,466137
22457,1776516
1782459,1787583,21212,435225
1782459,470883
470106,1787079
487263,21212
22457,470883,487263,1787079,470631
1787583,477120,482160
487263,1787079
1782459,998886,435267,22457
1786029,470043,477120,435267,435225,470022,1776516,435288
470106,1787079
1787583,21212,22457
21212,1784937
1787583,21212,1776516,477120
1782459,22457
435267,435225
470631,1786029,471849,470883,487263,477120,470106,1787079,1776516,435288
1787583,22457,471849,487263,460551,998886,470106,1787079
1787583,21212,22457,471849,482160,487263,435288,466137,998886,470106,1787079,1776516,470631
998886,470106,1787079,1776516,470631
998886,22457
1787583,470883,998886
998886,1776516,470883
487263,470043,470022,998886,1787079,435288
487263,470631
1786029,21212,463806,466137
477120,1787079,435225
435267,470043,1787079
471849,487263,470043,435267,460551,470106
998886,463806
21212,487263,470022,1787079,470631
487263,463806,1787079
487263,470043,435267,470022,435225,435288
21212,22457,482160
487263,1784937,470022
471849,1784937
21212,470883,470043,435267,470022,998886,435225,435288
22457,471849,998886,435267,470022,460551,470106,1787079,1776516,435288
1787583,22457,471849,466137,998886,1787079,435225
1782459,466137
487263,470043,435288
470043,460551,1787079,435225,435288
998886,487263
1787583,482160,1782459,1787079,470631
1787079,482160
435267,435288,470022
477120,470883
435267,435288
21212,22457,482160,466137,435225
487263,460551,470106,1787079,435225,470631
460551,470106,1787079,1784937
1787583,470106,1787079,998886
487263,470043,460551,1787079,435225
1787583,482160,1782459,435267,463806
477120,470883,470022,435225
471849,487263,470043,460551,470106,1787079,1776516
1787583,22457,471849,460551,998886,1787079,1776516,470631
477120,435288,482160
1786029,21212,463806,1784937,470022,998886,470106,1787079,1776516,435288
487263,470043,998886,470106,1787079,435225,470631
998886,21212
998886,435288,470022
1782459,1787583,22457
435267,471849,435225,435288
22457,482160
487263,463806,1787079,435225
1787583,1784937,470043,466137,470022,1776516,435288
21212,435267,477120
477120,470883
470883,482160,487263,1787079,435225,470631
470883,1784937,470043,470106,1787079
487263,435267,470022,1787079
471849,1782459,470043,435267,435225,435288
487263,470883
1786029,1784937,998886
22457,466137
463806,470883
470106,1787079
463806,435225
1786029,471849,435288
1786029,463806,1787079,460551
1787583,21212,22457,470883,1782459,460551,466137,998886,1787079,470631
1782459,470883
487263,470106,471849,998886
1782459,470883,470631
1787583,471849
1782459,460551,1786029
1782459,477120
470883,482160
1786029,435288
22457,470043,460551,1787079,435225
470106,1787079,470022
1787583,435225
487263,470043,435267,470022
1787583,1787079,470883
21212,470883
1787583,470883
1782459,998886
1787583,470883,482160,477120,998886
487263,1787079
487263,1787079
1787583,22457,482160,435267,435288
1787583,466137
460551,1787079,998886,487263
487263,435288,460551,470106,1787079,435225,470631
1776516,1782459,487263,470043,470022,998886,435225
1782459,22457
998886,21212
1784937,487263,470043,435267,470106,1787079,435225,435288
1787583,21212,470883
1787079,470631
998886,470106,1787079,470631
487263,460551,466137,22457
487263,463806
487263,460551,1787079
998886,22457
1782459,487263,1787079,460551
1787583,471849
1786029,22457,471849,470883,1782459,466137,470022,998886,1776516
470106,1787583,21212,435267
998886,1787079,435225
487263,435267,470022,470106,1787079,435288
1787583,471849,1776516,435288
21212,22457,470883,1782459,477120,1776516
463806,477120
998886,463806
1782459,1787583
487263,470043,435267,435288,466137,470631
998886,477120,21212
470043,470022,998886,470106,1787079,435225,435288
1782459,1787583
1782459,470022
435267,487263,1787079,470631
1787583,22457,470883,1784937,1782459,470043,435267,998886,435288
460551,470106
21212,435225,466137
1782459,1786029,470883
463806,21212,477120
21212,482160
21212,435225,470022
470106,1787079
1782459,1786029,471849
1787583,435225
487263,460551,470106,1787079,470631
1787583,22457,1784937,487263,460551,470106,1787079,470631
1782459,477120,470883
1782459,1787583,466137
998886,466137
470883,487263,1787079,435225,470631
487263,460551,470106,1787079,470631
998886,477120
1787583,470883,1776516,1782459,435288,487263,435267,998886,470106,435225,470631
460551,1787079,487263
470883,482160,1782459,487263,477120,998886,1787079,470631
487263,463806,477120,482160
477120,470883
1786029,21212,1784937,470043,435225,435288
1787583,1787079,435225
470043,435288,470022
1787079,466137
435267,460551,470106,1787079,435225
22457,470883
487263,470043,470106,460551,463806,1787079,470631
487263,435267,470022,998886,1787079,435225
1786029,21212,470883,470043,435267,470022,998886,435225,435288
22457,1782459,466137,435225,998886,470106,1787079,1776516,470631
1784937,477120,435225,998886,1787079,1776516
1782459,998886
470043,435225,470022
998886,477120,471849
1787583,477120,1787079,470631
470043,466137,470022,1787079,435225,435288
487263,470106,1787079
1782459,487263,477120,470043,470022,1787079,470631
470631,470883,487263,470043,435267,998886,1787079,435225,435288
998886,470106
998886,463806
435225,435288,470022
1787583,471849
470106,477120,1787079
460551,1787079,470883,998886
1782459,470883
1786029,1787583,22457,1776516
1782459,998886
1786029,21212,487263,470043,460551,998886,470106,1787079,470631
998886,1787583,482160
1787583,21212,470883,482160,487263,435225,1776516,435288
1782459,470883
470043,435267
1787583,470106,1787079,470631
1786029,21212,22457,487263,477120,466137,998886,1787079
22457,470883
1787079,471849
21212,471849,470883,470043,435267,460551,470022,998886,470106,1787079,435225,470631
487263,435267,470022,1787079,435225,435288
470043,435267,435225,435288
487263,470631
435267,435288
471849,466137
1784937,470106,1787079,435225,435288
460551,1787583,435225,487263
487263,1787079,1776516,435225
21212,1787079,470631
470631,998886,1787079,435288
1786029,1787583,470883,477120,1776516
1787583,1784937,1782459,487263,466137,460551,470106,1787079,435225
470106,1787079
470883,482160,487263,470043,435267,435288,470022,1787079,435225,470631
1787583,470883
1782459,470043,21212
471849,22457
463806,470883
463806,470883
487263,1787079
1787583,22457,471849,1784937,487263,470043,477120,470022,998886,470631
1782459,1786029
21212,1787079,435225
477120,21212,1776516,466137
487263,470883
1782459,487263,463806,1787583
21212,471849,482160,1782459,470043,470106,460551,463806,1787079,435225,470631
1787079,435288,470022
1787583,22457,471849,470883,1782459,487263,477120,470043,466137,1787079
477120,470883
1782459,487263
477120,471849,466137,22457
487263,1787079,435225,470631
487263,1787079,466137
477120,482160
1782459,487263,466137
1786029,1787583,435288,487263,435267,470043,470022,460551,1787079,435225,470631
1782459,435288,470022
460551,470106,487263
1782459,22457,482160
1782459,470106,471849
460551,470106,1787079
1787583,470043,1787079,470631
1782459,477120
1787583,22457
22457,477120,470043,435267,470022,998886,1787079,435225,470631
22457,471849
1787583,471849,470043,1776516,435288
1787583,470883
1782459,470883
477120,463806,482160
1782459,460551,22457,466137
998886,1787583,1786029
470106,1787079
1782459,1786029
1787583,471849,1782459,477120,460551,470022,998886,1787079,470631
1786029,21212,487263,470043,435267,466137,470022,998886,435225,435288
470631,470883,487263,470043,1787079,435288
487263,1787079,470631
435267,435225
1786029,435225,487263
21212,471849,1782459,1787079,1776516
1787583,22457,470883
998886,435267,470022
470883,487263,998886,470106,1787079
1787583,21212,470883,1782459,487263,460551,1787079,470631
998886,22457
1787583,1786029,471849,470022,998886,435288
487263,470043,435267
1786029,1784937
1787583,22457
470106,1787079,435225
1782459,477120,470883,482160
470883,470043,466137,998886,435288
1787583,21212,22457,471849
1787583,435225,460551,1787079,1776516,435288
998886,1787079,466137
487263,470043,470022,1787079,435225,470631
998886,1787583,1787079,1776516
21212,470883,482160
21212,487263,470043,435267,435288,470022,460551,1787079,435225,470631
1787583,1786029,471849,1782459,470043,477120,470022,435288
1782459,470883
1787583,471849
1787583,466137
1787583,1784937,435288,470043,435267,470022,460551,470106,1787079,470631
21212,22457,471849,470883,998886,1782459,487263,470043,435267,435225,460551,470106,1787079,1776516,470631
1787583,471849,1782459,998886,435225,435288
21212,1784937,482160,1782459,487263,435267,466137,470022,998886,470106,1787079,435225,470631
470043,435225,470022
1787079,435225
1787583,22457,471849,470883,1782459,998886,470106,1787079
1782459,1787583
487263,470106,1787079
470043,435267,460551,1787079,435225
1787583,22457,487263,470043,435267,470022,435225,435288
998886,470883
487263,470043,470022,460551,470106,1787079
21212,470043,435267,998886,470106,1787079,1776516,435288
470043,435267,470022,435225,435288
435267,435225
1787583,470883,470043,470022,998886,435225,435288
487263,470106,435267,1787079
482160,487263,477120,470106,1787079,435288
482160,435288,487263,435267,470022,1787079,435225,470631
21212,470883,482160,487263,477120,1787079,435225
998886,470043
1787079,482160
1787583,998886
1786029,22457,1784937,1782459,477120,466137,998886,470106
1782459,477120,470883
1786029,21212,470883,470043,435267,470022,998886,435225,435288
1782459,1787079
470043,460551,998886,1787079,435225,435288
998886,477120,482160
1787583,477120,435267,470043,435225,470022,998886,1776516,470631
470106,1787079,1784937
470043,435267,477120,470022,435225
460551,477120,1787079,470883
487263,470106,1787079,998886
1782459,487263
1782459,1786029
998886,1776516
487263,477120,998886
1787583,435267,470022,1787079,435288
1782459,470043,22457,470022
998886,487263
1776516,470043,435267,470022,435225,435288
470631,1787583,998886,482160,1782459,470043,460551,1787079,435288
1786029,21212,22457,470883,482160,470043,435267,998886,1787079,435225
1787583,470883,487263,460551,470106,1787079,470631
1786029,487263
1784937,435267,470022,470106,1787079,435225
471849,470022
1786029,1787583,22457,471849,1784937,482160,477120,466137,470106,460551,463806,1787079,470631
1776516,466137
1782459,1787583,470043,22457
435288,470043,435267,998886,435225,470631
435225,470883,470022
1786029,22457,470883,435288,470043,477120,435267,487263,460551,470106,1787079,435225,470631
470043,435225,1784937
21212,487263,470043,435267,470106,435225
21212,435267,435225,435288
1784937,435225,435288,470022
1787583,470631
1786029,470883
470043,435267,435288
998886,470883
487263,470106,1787079
470106,1787079,1776516,435225
1782459,471849,470883
471849,470043,435267,470022,470106,1787079,435288
1782459,466137
1787583,477120,435267,470043,435225,1776516,435288
1786029,471849,487263,1787079,435225,435288
435267,435225
1786029,463806
487263,471849,435288,482160
1782459,487263,466137
470883,487263,470043,435267,470022,998886,470106,435225
998886,470631,487263
21212,22457,1784937,482160,487263,470043,470022,998886,1787079,435225
470043,435288,466137
435288,435267,1784937,470022
487263,470106,1787079
21212,435267,482160
998886,477120,470883
1787583,477120
1782459,487263,21212
470043,435225
460551,1787079
470043,435267,435225
477120,482160
487263,21212,1787583,466137
1786029,435225
470043,435288
470043,435225
1787583,460551,470631
1782459,471849
1787583,477120,435267,482160
487263,998886
22457,471849,487263,477120,460551,470022,998886,470106,1787079,435225,435288
21212,22457,482160,487263,435267,470022,470106,1787079
487263,1787079
1787583,22457
1782459,477120,470106,1787079
487263,1787583,470631,1787079
1782459,471849
1787583,22457
487263,1787079,435225,435288
998886,470043
477120,470106,1787079,435225,470631
1787583,21212,1786029,463806,470043,460551,470106,1787079,435288
487263,463806
460551,470043
470043,1776516,470022
487263,470043,435288,470022,470106,1787079,435225,470631
460551,470106,1787079,470631
998886,21212
1787583,1787079,487263
1787079,22457
435267,435288
1787079,466137
470883,470043,435267,470022,435225
487263,1787079
460551,1787079,470631,487263
487263,470106,1787079,470631
1787583,471849
477120,470883,1784937,482160
460551,470883
1787583,470883,477120,435267,435288
21212,22457
470043,435267,435225,435288
998886,477120
470043,435225,435288
487263,435225,470106,1787079,1776516,435288
1782459,1787583,435267,466137
998886,435288,470043,470022,460551,1787079,435225,470631
998886,470883
487263,1787079,435225,470631
1787583,21212
470043,435267,435288,470022
1782459,1787583
21212,470883,1784937,470043,435267,466137,470022,998886,435225,435288
1782459,482160
1787583,470883,1782459,470022,998886,435288
487263,470043,470022,460551,470106,470631
22457,1782459,470043,435267,470022,435225,435288
435267,435225,435288,470022
1787583,482160
487263,1787079,435225,460551
998886,482160
487263,470043,466137,470106,1787079,470631
1787583,487263,470022,470106,1787079,435225
470043,435267,470022,435225,1776516,435288
470883,1784937,487263,470043,460551,466137,998886,470106,1787079,435225,470631
1776516,487263,470043,470022,1787079,435225
1787583,463806,482160,477120,460551,470106,1787079
21212,1782459,487263,470043,460551,435288
998886,466137
1787583,466137
1787583,998886,466137,470022,470106,460551,463806,1787079,435225
487263,1787079,435225,470631
1787583,21212,22457,1784937,1782459,466137,998886
470631,470883,470043,435267,477120,470022,460551,463806,435225,435288
460551,1787079
998886,22457
1787583,477120
1787079,435225
1787583,470883,1784937,487263,477120,460551,1787079,435225,470631
487263,1787079,470631,460551
998886,477120,471849,466137
1782459,487263,998886,1787079,470631
487263,1787079,466137,22457
1786029,470043,477120,470022,435288
477120,482160
21212,470883,482160,487263,477120,466137,470106,470631
470883,487263,477120,470022,998886,1787079
487263,460551,470106,1787079,435225
435225,1784937
1787079,22457
21212,470106,1787079,435225,470631
460551,470106,1787079
22457,470043,435267,460551,470106,1787079,435225,435288
435267,435225
487263,460551
470631,487263,435267,1787079,435225,435288
1787079,470631
1776516,487263,466137,1787079,435225
1782459,1787079,435225,1784937
21212,471849,1782459,477120,998886
1782459,1787583
487263,1787079,470631
1782459,487263,470106
460551,470106,1787079
1782459,470883
1782459,487263,470022,998886,1787079
1787583,22457
487263,21212,1787079
21212,487263,477120,470106,1787079
471849,22457
1787583,22457,470883
998886,21212,1776516
470106,435225,435288,470022
470043,21212,435267,482160
487263,1787079,435225
487263,1787079,435288
1782459,998886
487263,1787079
487263,470043,460551,470106,1787079,435225
487263,477120,470631,470022
21212,463806,466137
998886,21212
470631,487263,435267,460551,470106,1787079,435288
1787583,22457
470043,435267
470106,1787079
21212,487263,470043,435267,1787079,435288
1782459,998886,470883
470043,470883
998886,477120
471849,470883,477120,998886,463806,435225
470631,482160,470043,466137,460551,435288
1782459,487263,477120,470022,998886,1787079,435225
1787079,482160
998886,470883,466137
1787583,998886
1782459,460551,1787583
21212,22457,1784937,482160,1782459
1787079,470631
460551,1787079
21212,1784937,1782459,487263,470043,435267,460551,435288,470022,998886,470106,1787079,435225,470631
998886,477120,1787583,435225
463806,470883
998886,1776516
1782459,998886
1782459,471849
487263,435288,435267,470043,470022,460551,1787079,435225,470631
470106,1787079
1784937,487263,460551,466137,470022,998886,470106,1787079,470631
1786029,22457
1782459,470106,1787079,435267
487263,470043,435267,435288,1787079,470631
460551,470043,435267
471849,1787079
1787079,470631
998886,1787079,466137
435267,435288
21212,471849,1787079,482160
470043,435267,470022
1786029,470106
21212,487263,470043,435267,470022,460551,435225,435288
1782459,470043,435267
487263,470106
998886,470043,470883
477120,470883,435225
1787079,470883
998886,482160
1787583,1786029,487263,470043,435267,435288,470022,470106,1787079,435225,470631
1786029,477120,463806
1787079,1784937
470106,1787079,470883,470631
487263,998886,470106,1787079,470631
470883,1784937
487263,470106,435225
460551,1787079
1787583,21212,477120,470022,435225,435288
22457,487263,470022,998886,1787079,435225,435288
21212,22457,1784937,482160,466137,998886
1787583,470043,435267,435225,470022,1776516,435288
435267,998886,460551,435225
1782459,470043,470883
470631,21212,470043,460551,470106,1787079,435225,435288
470883,435267,998886,1787079,435225
470043,435288,470022
487263,470106,1787079
998886,1787583
998886,487263,470043,435267,470022,460551,470106,1787079,435225,435288
435267,1776516,435288,22457
998886,477120,482160
435225,470022
487263,1787079,470631,998886
435288,466137,482160
435288,435267,1784937,470022
21212,470883
1787583,487263,470043,435267,470022,460551,1787079,435288
487263,998886
1787583,21212,435267,470106,435225
1786029,1787583,470883,477120,435267,470043,470022,435225,1776516,435288
1782459,1786029
1787583,1786029,471849,1784937,482160,477120,460551,470106,1787079,470631
435288,470022
1786029,21212,470883,1784937,470043,435267,466137,470022,998886,435225,435288
435267,470043,1787079,470631
477120,21212,470883,1776516
487263,470883,482160
1787583,477120,470883,466137
487263,1787079
21212,1787079,477120
470106,1787079,1784937
1787079,1784937
466137,1784937
487263,435267,1787079,470022
435267,471849
470106,1787079,470631
460551,470106,1787079
998886,1787583
1787583,477120
463806,21212,1776516,482160
1786029,1787583,998886
998886,487263,470043,435288,435267,460551,1787079,435225,470631
477120,435225
1782459,998886,471849
470043,435267,1787079,435225,435288
470043,435267,470022,435225,435288
466137,470022,998886,1776516,435288
470043,435267,470022
470631,470043,470022,460551,1787079,435225,435288
470043,435267,470022,435225,435288
1787583,21212
487263,466137,470022,1787079,470631
470883,1782459,460551,470106,1787079,470631
470631,1784937,487263,470043,460551,470022,998886,1787079,435225,435288
487263,477120,470883,998886
463806,482160,477120,460551,470106,1787079,470631
21212,22457,477120,998886,1787079
1782459,998886,482160
1787079,470883,22457
1787583,22457,470883
1786029,466137
470883,435288,487263,435267,470022,470631
1787583,487263,460551,1787079,435225
1787583,470883,477120,998886,1787079
487263,1787079
1782459,470883,470631
487263,1787079
21212,470883,466137
21212,487263,470043,470022,460551,470106,1787079,435225,470631
998886,435288
1782459,998886
998886,22457
463806,471849,435288
1782459,998886,1787583
998886,22457,470883
22457,470043,998886,470106,1787079,435225,470631
460551,470043,1787079,470022
460551,435288,487263
21212,470883,1784937,470043,435267,466137,470022,998886,435288
21212,1784937
470043,463806,435288,477120
435267,470022
998886,470883
1782459,1787583
487263,470043,435267,470022,470106,1787079,435225,435288
1782459,998886
1787583,21212,470043,470022,435225,435288
998886,21212,477120,487263
1786029,21212,1784937,487263,435267,470106,1787079,435225
1782459,435267,435288
470043,435267,477120,460551,1787079,435225,435288
1786029,477120,470043,435267,466137,470022,998886,1776516,435288
1782459,460551
1787583,998886
1787583,482160,470043,435267,470022,435225,435288
1786029,470043,435267,470022,1787079
1786029,21212
998886,22457
487263,460551,470631
470883,1776516,998886,487263,435288,435267,466137,470022,460551,1787079,435225,470631
21212,998886,470043,435267,470022,460551,470106,1787079,1776516
1787583,1776516,482160,435267,998886,470106,1787079,435225
21212,22457,471849,470883,482160,477120,435267,463806,1787079,1776516
1787583,21212,22457,1784937,482160,487263,470043,460551,998886,1787079,470631
21212,22457,1776516,487263,470043,435267,460551,998886,1787079,435225,435288
1786029,463806
1786029,21212,998886,487263,477120,435267,435225,460551,470106,1787079,1776516
1786029,1787583,22457,470043,477120,466137,470022,460551,1787079,1776516
1786029,21212,471849,487263,435267,1787079,1776516,435288
1786029,22457,487263,477120,463806,1787079,435225
1787583,21212,1786029,470883,482160,477120,435267,466137,470022,998886,1787079,435225
1786029,21212,471849,470883,1776516,482160,477120,460551,998886,470106,435225
1787583,22457,470883,463806,482160,435288,470043,460551,487263,466137,435267,477120,998886,470106,1787079,435225,470631
1786029,21212,22457,1787583,1776516,477120,435267,470043,460551,470106,435225
1786029,21212,470883,1784937,470043,435267,466137,470022,998886,435288
470631,482160
1782459,1787583,470106,470631
1784937,466137
1787583,477120,435225,1784937
998886,1787079,1776516
1787079,1784937
1787583,1786029,471849,1784937,482160,477120,460551,470106,1787079,470631
1782459,466137,470631
463806,466137
487263,1787079,1784937
435288,470022
487263,470043,435288,466137
1786029,21212,470883,487263,460551,470106,1787079
1786029,1787583,22457,470883,482160,487263,470043,435267,470022,998886,1787079,435225,435288
477120,21212,22457
470883,487263,470043,460551,470106,1787079,435225
477120,470883
1787583,477120
1786029,22457
1787583,21212,466137
1787583,22457,1782459,487263,477120,998886,1787079,435225
471849,487263,470043,435267,466137,998886,470106,470631
435267,470043,1787079,470022
998886,477120
1787583,21212,487263,470043,435267,470022,460551,470106,1787079,435225,470631
998886,470043,1787583,466137
22457,435225
487263,1787079,470631,460551
998886,22457
1787583,22457,471849,470883,482160,466137,460551,470106,1787079,1776516,470631
1786029,470883,477120,435267,470043,435288
487263,470043,435267,470022,470106,1787079,435225
21212,1787079
435267,435225
487263,1787079
477120,482160
1782459,487263,470043,470022,998886,1787079,435225
1782459,998886
435288,470022
21212,22457,470883,470043,435225
1787079,466137
1787583,471849,435225,470022,1776516,435288
487263,1787583
470043,435288,470022
21212,1787079,466137
1787583,470883,1784937,482160
1787583,1786029,22457,487263,477120,460551,470043,435267,998886,435288
1787583,21212,1786029,1782459,487263,460551,1787079,470631
1786029,482160,435267,466137,435225,463806,1787079,1776516,470631
1786029,1787583,22457,1776516,482160,487263,477120,470043,435267,470022,460551,470106,1787079,435225,435288
21212,22457
487263,1787079,1784937
1787583,477120
460551,470106,1787079,435288
435225,470022
1787583,22457,487263,1787079,435288
463806,1784937,460551,470106,1787079,470631
998886,470883
1787583,21212
22457,487263,460551,470106,1787079
435267,435225,1784937,470022
21212,435267
463806,435225
470883,1776516
1782459,998886,482160
487263,1784937
1784937,998886,487263,435267,470022,460551,470106,1787079,435225
21212,470883,1784937,470043,435267,466137,470022,998886,435288
22457,471849
463806,22457
470631,471849,470043,435267,460551,470106,1787079,435225,435288
1786029,21212,22457,1787583,487263,477120,435267,460551,466137,435225,470043,998886,470106,1787079,1776516,470631
22457,1776516,482160
1787583,466137
435225,466137
470106,1787079
487263,1787079,1776516,470631
1786029,487263,477120,998886,470631
460551,1787079,466137
21212,466137
1786029,477120,21212
470106,1787079,470631
1787583,471849,470043,435267,477120,998886,435225,470631
1786029,21212,482160,1782459,487263,470043,470022,435225,470631
1786029,477120,998886,482160
470022,470106,1787079,435225,435288
1782459,1787583,470043
1784937,470022
1782459,998886,470883
470106,1787079,470631
21212,435267,435225,470883
482160,1782459,470043,435267,435225
21212,482160,487263,463806,1787079,435225
998886,1787583,482160
470043,487263,470106,1787079
463806,470883
487263,21212,1787079,22457
477120,466137
998886,22457,466137,487263
998886,21212,435225,482160
487263,470043,435267,466137,470022,460551,470106,435225,435288
487263,1787079,470631
487263,463806
470043,1787079,470883
1787583,21212,1784937,487263,470043,435267,466137,470022,460551,470106,1787079,435225,435288
21212,487263,470043,435267,470022,460551,470106,1787079,435225,435288
1782459,998886,21212
1787583,487263,435267,470022,470106,1787079,435288
487263,470043,435267,470106,470631
460551,470106,487263
1782459,998886,470043,470022
1787583,21212,463806,466137
998886,477120
1786029,1787583,22457,471849,998886,1782459,487263,477120,435267,466137,460551,1787079,435225,470631
470106,435267,1784937,1787079
470043,435267,470631,470022
998886,463806,21212
1787583,471849,22457
1786029,1787583,471849,1782459,998886
1787583,21212,1776516
1782459,470883,470631
435267,466137,470022
1787583,463806,21212,471849
487263,435267,470106,1787079,435225,435288
1786029,1787079,435225,435288
487263,1787079,470631
1782459,1787583,470883
1782459,21212
487263,470043,460551,470106,1787079,435225,470631
1786029,477120,998886,1787079,435225
21212,470883,1784937,470043,435267,466137,470022,998886,435288
435267,435225,1787079
470106,1787079,470631
463806,435267,435225
470106,1787079
470106,487263,21212,470631
1787583,466137
470883,1784937,487263,470022,470106
487263,470043,435267,460551,470106,1787079,435225
470043,435267,470022,435225,435288
487263,1787079,466137
487263,460551,470631,1787079
998886,22457,471849
1787583,21212,22457,1784937,998886,482160,487263,470043,466137,460551,470106,1787079,435225,435288
1786029,471849,482160,487263,466137,998886,463806,1787079,1776516
487263,470106,1787079,470631
1787583,22457,471849,463806,1784937,998886,482160,477120,460551,470106,1787079,470631
460551,1787079,998886
1782459,470883
1784937,435267,466137,470022,435225
1787583,21212,1782459,487263,435267,466137,1787079
1787079,435225
487263,435267,470106,1787079,435225,435288
1786029,482160,477120,435267,460551,463806,1787079,435225
1786029,21212,22457,471849,998886,435267,435225,460551,470106,1787079,1776516,435288
998886,463806,466137
1782459,1786029
1787583,470883,482160,1782459,477120
487263,1787079
1782459,1787583,21212
21212,470106,435267
487263,466137,460551,463806,1787079
487263,460551,470106,1787079,470631
1787583,22457,482160,470022,435225,435288
470106,1787079,470631
487263,470106
470043,470022,460551,470106,435288
1784937,487263,435267,470106,1787079,435225
487263,477120,1787079
470631,21212,466137
487263,22457,466137,1787079
998886,477120,435267,470043,460551
487263,482160
1782459,470883
21212,435288,482160
435267,470022
1786029,21212,1787583,470883,1776516,482160,487263,470043,435267,466137,460551,463806,1787079,435225,470631
1786029,471849
21212,470043,435267,470022,435225,435288
1782459,435225,482160
1787079,470883,466137,435225
1786029,21212,470883,1784937,470043,435267,466137,470022,998886,435288
1787583,22457,470043,460551,1787079,435225
487263,1787079,470631
470043,435267
470883,487263,470043,435267,460551,1787079,435288
21212,477120,435225,470883
1787583,21212,1782459,435225,1776516
21212,1776516,466137,477120
470106,1787079,471849
1787583,21212,22457,471849,466137
1786029,1776516
470631,21212,477120,463806,435288
1786029,463806,998886,482160,487263,477120,470043,466137,460551,470106,1787079,435225,470631
487263,470106,1787583
1787079,470883
1787583,477120,998886
1782459,471849,22457
1786029,21212
21212,470883
21212,470883
471849,470883,1782459,487263,470043,470022,460551,435225,470631
21212,435288
477120,470883
1787079,470883
1782459,998886
460551,463806
477120,463806,435288,482160
470106,471849
1787583,1786029
1787583,21212,471849,1787079
998886,1787583
1786029,487263,477120,463806,470631
1776516,482160
470106,487263,463806,1787079
1787583,998886,487263,470043,435267,466137,470022,460551,470106,1787079,435225,470631
477120,471849,22457
1782459,477120,471849
435288,21212,435267,1784937
22457,435267,470106,435225,435288
22457,435225,482160
1787079,435225,435288
487263,466137
1782459,477120
470883,1782459,487263,463806,435225,470631
460551,1787079
463806,470883
477120,470883,482160
463806,435267,435288,470022
1787583,471849,487263,470043,435288
470883,466137
21212,435288
1786029,470883,482160,487263,466137,470022,463806,1787079,435225
998886,1787583
998886,470883
463806,466137
470043,435267,470022,460551,435288
1787583,470043,460551,1787079,435225
1786029,435288
1787583,1787079
1786029,1787583,1782459,470043,477120,466137,998886,1787079,435288
470631,487263,21212,466137
1787583,487263,470106,1787079,435225,435288
460551,1787079
21212,466137,460551,1787079,435225,435288
460551,1776516
1787583,22457,1784937,487263,470022,460551,1787079,435225,435288
1786029,21212
1782459,998886,1787583,470883
1782459,477120
470631,21212,435267,470022,1776516,435288
1787583,470106,1787079
1786029,21212,470883,1784937,470043,435267,466137,470022,998886,435288
470043,435225,470022
470883,487263,470043,435267,998886,470106,1787079,435288
463806,482160
487263,470631
21212,482160,477120,435267,466137,470022,1787079,435225
1786029,463806
1787583,470043,470022
463806,22457,1776516,482160
482160,1782459,487263,477120,460551,1787079
1782459,1787583
998886,471849
1787583,470883,487263,435267,470106,1787079
1786029,1787583,22457,463806,482160,477120,460551,998886,470106,1787079,470631
463806,470106,435225,435288
1787583,22457,471849,470883,1782459,463806
1782459,1787079
1782459,470883,1784937
22457,470043,460551,463806,1787079,435225,435288
487263,460551,470631
1787079,22457
1787583,470883,470043,435267,470022,460551
998886,21212
1787079,470883,470631
470631,1786029,21212,487263,470043,460551,463806,1787079,1776516,435288
1786029,1784937,1776516,487263,435288,470043,460551,470022,998886,1787079,435225,470631
1782459,487263,470043,435267,463806,435288
1787583,1786029,470043,470022,435225,1776516,435288
471849,470043,998886,435225,435288
463806,435267,435288
998886,21212
1782459,1787583
470043,435225,435288,470022
487263,435267,470631
1786029,21212,463806
1786029,22457,1784937,470022,463806
1786029,482160
470043,435267,435225,435288
435267,21212,470043,471849
1787583,22457,471849,482160,998886
1787583,1787079,470883,470631
435225,482160
463806,482160
460551,1787079
487263,470106,463806
477120,482160
21212,482160
1786029,21212,470883,482160,466137,470022,998886,463806,1787079
1782459,998886
1784937,471849,435288,1787079
1782459,470022,998886,463806,470631
1787583,471849,463806,1784937,460551,998886,470106,1787079,435225,470631
463806,470883
470883,482160
1782459,435225,470883,470022
1782459,487263
487263,463806,1787079
1787583,998886,477120,470043,435267,470022,460551,1787079,435288
435267,435225
477120,470043,470883
1787583,470043,470022,1787079,1776516
998886,471849
487263,435267,470883,435288
1782459,487263,470043,470022,1787079,435225
21212,435225
435267,470043,1787079
1786029,463806
470631,21212,487263,477120,435267,470022,460551,470106,1787079,435225,435288
1786029,1787583,21212,471849
487263,1787079
1787583,470883
487263,463806
487263,470043,435267,470022,470106,1787079,435225,435288
1787583,22457
463806,482160
1786029,21212,22457,1784937,482160,487263,470043,460551,1787079,435225
487263,470043,435267,470022,470106,1787079,435225,435288
1782459,1786029
1786029,1787583,21212,471849,470883,482160,477120,466137,460551,470106,1787079,435225
487263,470631
487263,470043,435267,460551,470106,1787079,435288
471849,22457
470106,1787079
22457,1782459,487263,435267,470022,1787079
470883,482160,470043,466137,470022,460551,463806,1787079,470631
1786029,1787583,435267,470022,463806,1787079
470883,435288,470043,435267,477120,460551,1787079,470631
1787583,22457,463806,1784937,482160,460551,998886,470106,1787079,470631
487263,470883
463806,466137,482160
1786029,21212,470883,1784937,470043,435267,466137,470022,998886,435288
435267,466137
1786029,463806,466137,482160
487263,470022
471849,1784937,435267,466137,435225
1786029,463806
435267,470043,1787079
471849,487263,470022,460551,1787079,435225,470631
998886,463806,1786029,466137
1786029,1784937,487263,460551,1787079
1782459,435288
1787583,487263,477120,435267,466137,1787079,435225,435288
21212,22457,1782459,435267,470022,470106
487263,477120,470106,1787079,470631
435267,435225,470022
998886,470106,1787079
460551,477120,1787079,482160
460551,471849
463806,1787079,471849
487263,1787079
1787583,1787079,998886
998886,477120
1782459,1786029,470883,998886
1786029,22457,1784937,1782459,460551,470106,1787079,470631
1787583,487263,470043,435267,998886,1787079,1776516,470631
1786029,470883,482160,1782459,470043,435267,466137,470022,998886,435225,435288
998886,477120,463806,482160
1787583,21212,470043,460551,470106,1787079
1786029,470043,435225
1787079,435225,470631
470043,435225,470022
470043,470022,1787079,435225,435288
21212,470883,435267,466137,470022,435225
1782459,463806
482160,1782459,470043,435267,435225
1787583,487263,470106,1787079,470631
1787583,21212,998886,466137,460551,470106,1787079,1776516
1787583,471849,470043,435267,435225
21212,470883,1784937,435288,470043,435267,470022,470106,1787079,435225,470631
435288,1787079,466137
22457,482160
1787583,463806
1787583,471849
21212,1787079,1784937
487263,470043,470106,1787079,435225
463806,470883,1784937
487263,470106,1787079,460551
998886,482160
1782459,21212
487263,1787079,466137
998886,21212
21212,1776516
470106,1787079
487263,477120,435225,435288
463806,1787079,470631
1782459,463806,435225,482160
1787583,21212,998886
22457,471849
470883,466137
1787583,471849
477120,482160
1787583,471849
463806,21212
998886,471849,1784937,22457
1787583,466137,998886,1787079,470631
470043,435267,435288,470022
1786029,471849
1782459,470883
1786029,21212,470883,1784937,470043,435267,466137,470022,998886,435225,435288
1787583,21212,22457,470043,466137,1787079,1776516
1787583,463806,21212
487263,1787079
477120,435267,1776516
471849,435225
1787583,21212,466137
487263,460551,470631,1787079
477120,482160
470043,435267,470022,463806,435225
463806,470022,470106,1787079,435225,435288
487263,477120,435225,482160
477120,470883
1786029,1787583,471849,998886,470106,460551,463806,1787079,470631
487263,435288
21212,487263,435267,466137,1787079,470631
1786029,21212,463806,477120
1782459,1786029
470043,435267,1787079
460551,470043,466137
998886,470883
487263,435267,470106,1787079,470631
1782459,470883
998886,487263,482160
1786029,21212,22457,471849,470883,482160,470043,463806,1776516
477120,1776516
470631,487263,470043,470022,463806,1787079,435225,435288
21212,998886,487263,477120,466137,470022,460551,463806,1787079,1776516
1787583,1786029,21212,466137,470106,1787079,1776516,435288
1786029,21212,998886,466137,460551,1776516
487263,1787079
1786029,21212,471849,482160,487263,477120,470043,466137,460551,470106,1787079,435225,470631
1787583,21212,22457,470883,1784937,487263,477120,470043,466137,460551,470106,1787079,470631
1786029,463806,1787583
1787583,21212,1786029,22457,471849,487263,477120,470043,466137,470106,998886,463806,1787079
487263,477120,1784937
21212,435267,435288,470022
477120,471849
470043,435225,435288,470022
471849,466137
470883,487263,998886,470106,1787079
477120,1787079,470883,1784937
1782459,463806,435288
460551,21212,1787079,487263
1787583,21212,1786029,470883
470883,482160,1782459,470043,477120,998886,463806,435225,435288
487263,1787079,470631
998886,463806
21212,470883
487263,435267,460551,470106,1787079,470631
1786029,435267,435288,1787079
1782459,471849
1782459,466137,482160
998886,1787583
487263,435288
1787583,1786029,471849,470022,998886
487263,463806,1787079
463806,1784937,487263,477120,435267,470106,1787079,435225
21212,435225,435288
477120,482160
470043,21212,435267,1787079
1784937,487263,470043,435267,470022,460551
487263,470106,1787079,435225,435288
463806,482160
21212,470883,1784937,477120,460551,998886,1787079
998886,470883
21212,22457,471849,466137,1776516
463806,1787079
1786029,482160,1782459,487263,470043,477120,435288
487263,460551,463806,1787079,470631
1782459,470883
22457,470883
1786029,470883,1782459,463806,435288
487263,1787583,1787079
1787079,471849
1787583,21212,1786029,471849,1776516,482160,487263,477120,460551,1787079,435225
1786029,487263,477120,470022,460551
1782459,487263
998886,21212
1787583,470043,435267,470022,435225
460551,470106,1787079,435225
21212,470043,477120,1787079,435225,435288
463806,470043,466137,470022
1787079,470631
1787583,1787079,435225
470106,1787079
1787583,435267
1782459,470043,435267,435225
1786029,21212,470883,1784937,470043,435267,466137,470022,998886,435225,435288
1786029,463806,482160
1787583,435267,470022,460551,1787079,435225
1786029,466137,482160
470883,466137
1787583,477120,1776516
1784937,466137
1787583,22457
1787583,463806,1784937,482160,460551,998886,470106,1787079,470631
470106,487263,463806
998886,470883
1787583,471849,1784937,435267,470022,998886
1787583,460551,1787079
1786029,1787583,482160,477120,463806
1787583,477120
1782459,21212,470022,482160
1787583,471849,435288
477120,435267
1786029,21212,463806,477120
1787583,471849,998886
1786029,21212,470883,482160,487263,470043,477120,435267,466137,470022,460551,1787079
1787583,21212,22457,1784937,1782459,487263,477120,470043,466137,435225,463806,1787079,1776516,470631
998886,463806,477120
487263,470043,435267,470022,463806,1787079
1787583,487263
477120,470022
998886,470106,463806,487263
487263,460551,998886,1787079,470631
1787583,22457,1787079
1787583,21212
1782459,487263,470022,1787079,435225,470631
477120,463806
477120,470883
998886,463806,487263
435267,22457
1787583,22457
21212,482160,1782459,477120,435267
1782459,435225
463806,21212,471849
470883,482160,487263,435267,460551,463806,1787079,435225
435267,470106,1787079,435288
470106,1787079,435225,470631
1787583,471849
1782459,463806,470022
1782459,471849
487263,1787583
22457,470883
1786029,21212,482160
487263,21212
1787079,1784937
1787583,1787079,487263
1787583,471849
1786029,1787583,435288
463806,477120,1786029,470883
1782459,470883
998886,435267
1782459,21212
1787079,482160
460551,470106,1787079,470631
1782459,487263,1787079,1784937
21212,466137,470022
1782459,477120
22457,470631
1786029,21212,22457,471849,470883,482160,477120,466137,435225,463806,1787079,1776516
487263,1786029,482160
477120,470883
471849,482160
998886,477120,21212
998886,463806
1786029,21212,470883,1784937,470043,435267,466137,470022,998886,463806,435225,435288
1787583,1784937,482160,477120,460551,470106,1787079,470631
1782459,998886,22457
998886,463806
1787583,1787079,460551,487263
1787079,435225,470022
1782459,1787079
470106,1787079
1787583,22457,466137,487263
470631,487263,470043,435267,470022,460551,1787079,435225,435288
487263,1787079,482160
998886,1787079
1782459,470043,435267,435225
470043,435267
1787583,22457,998886,487263,477120,460551,470631
463806,466137
1782459,1787583
470883,477120,460551,1787079,435225,470631
1786029,463806
487263,460551,470106,1787079,470631
487263,1787079,435225
487263,998886,1787079,435225,470631
1782459,487263,477120,1787079
1787583,470043,471849,435288
482160,487263,470043,470022,1787079,435225
1786029,470883
21212,471849,477120,470022,998886
1782459,998886
998886,21212,463806
1787583,471849,487263,470043,435267,460551,435225
1787583,22457
460551,470043,1787079,435288
1786029,471849,470883
487263,470106,470631
487263,460551,470106,1787079,470631
470631,477120,470883,1784937
1782459,998886
21212,482160,477120,466137,470106,1787079,470631
487263,1787079,1776516,470022
1782459,1787583,471849
435288,435267,435225,1784937
1782459,477120,22457
21212,471849,470043,460551,1787079,435225
998886,470883,482160
21212,435225,435288
1787583,21212,435288
1786029,22457,471849,487263,470022,460551,435225
21212,22457,471849,482160,487263,466137,460551,463806,1776516,470631
1786029,21212,471849,470883,435288,470043,466137,435225,470022,463806,1787079,1776516,470631
1787583,21212,22457,487263,477120,466137,470106,998886,463806,1787079
463806,1787079
1784937,487263,435267,470022,470106,1787079,435288
1787583,477120,998886
470883,487263,470043,470022,463806,1787079,435225,435288
1782459,487263
460551,470106,1787079
1787079,435225
1787583,1787079,466137
1782459,463806,470883,466137
487263,470043,435267
21212,435225,435288,470022
1787583,22457
463806,471849
1786029,998886
487263,470106,1787079,435225
435267,470106,1787079,1784937
1787583,470106
998886,21212,435225,435288
460551,1787079,466137
471849,22457
998886,1787079
22457,1782459,487263,463806,1787079
487263,435267,460551,470106,1787079,435225
1786029,1787079
477120,1776516
1782459,487263,470631,435288
1782459,1787583,22457
21212,470883,487263,477120,466137,998886
1782459,470883
470043,21212,435225
1787583,22457,470043,998886,435225,435288
21212,470043,477120,470022,1776516
1786029,21212,1787583,471849,470883,482160,1782459,487263,466137,460551,1787079,435288
1786029,435288
1782459,1786029
1782459,998886,470883
998886,21212
487263,435267,460551,1787079,435288
1782459,21212,435225,482160
1786029,463806
1786029,460551,435225
470106,1787079
435225,470022
1782459,21212
460551,470106,1787079
21212,482160,1782459,466137,998886
998886,21212,435267
21212,998886,487263,435267,460551,470106,1787079,435288
1784937,487263,477120,435267,435225,470631
1787079,470631
477120,21212
1787583,470043,1786029,435225
470043,435288,470022,482160
1787583,1786029,22457,463806,1787079,470631
435267,435225,470022
466137,1784937
1787583,1782459,487263,470043,435267,470022,435225,998886,1787079,1776516
470631,1787583,487263,477120,998886,1787079,435225,435288
470883,466137
487263,470106,1787079
1787583,21212,471849,435267,466137,463806
998886,22457,466137
1787583,471849,1784937,460551,470106,1787079,470631
1787583,471849,470883
21212,463806,466137
1787079,470631
1782459,1787583,463806
1787583,463806,482160
470631,1786029,21212,487263,435267,470106,1787079,435225,435288
435267,470883,435288,470022
1787583,471849
998886,471849
1782459,1787583,471849
487263,466137,470106,1787079,470631
1787583,471849,435288
1787079,470883
1786029,463806,470883
21212,998886,487263,466137,470106,460551,463806,1787079,470631
463806,466137
1787583,21212,22457,471849,482160,477120
1787583,470883
463806,435267
487263,21212
1787583,471849,998886
21212,470043,435267,470022,435288
1786029,998886
1786029,1787583,22457,470883,460551,466137,435225,998886,463806,1776516
463806,470883
1782459,998886
1782459,1787583,1786029
1787583,471849,1776516
1786029,471849
477120,482160
487263,435267,466137,470106,1787079,435225
1786029,463806
1787079,466137
1787583,471849,998886,463806,1776516
21212,1784937,487263,435267,470022
1776516,487263,470043,477120,435267,470022,1787079,435225,435288
998886,477120,463806,466137
470043,470022,998886,463806,435225
477120,471849
1782459,22457,470883
460551,1787079
477120,22457
21212,22457,470883,1784937,482160,487263,477120,466137,435225,470022,463806,1787079,1776516
1787583,1786029,21212,470883,1784937,482160,477120,470022,998886,1787079,435225
21212,1776516,435267,470022,435225
1782459,1787583,470106,1787079
463806,482160
22457,1787079
21212,22457,482160,1782459,470022,998886
463806,22457
463806,470022
1786029,21212,470883,1784937,470043,435267,466137,470022,998886,463806,435225,435288
1786029,22457,1784937,460551,470106,1787079,470631
435288,470022,460551,470106,1787079,470631
471849,435225,22457
1786029,21212,477120
1786029,21212,1787583,470022,435225
1782459,487263,1787079
477120,22457,463806
463806,470022
1786029,471849
1786029,471849,466137,463806,435288
435225,435288
1782459,487263,470631,998886
1786029,463806
1786029,1776516
487263,1787079,482160
470106,463806,22457,1787079
1782459,477120
487263,435288
1787583,998886
487263,435267,470106,1787079,435225
1782459,1786029,21212,463806
998886,1787079,466137
1786029,21212,1784937,482160,466137,1787079
1786029,1787583,22457,463806,482160,487263,477120,435267,466137,460551,470106,1787079,435225,470631
435267,466137
470883,482160,487263,435267,470022,998886,463806
1782459,22457
435267,466137
21212,471849
470043,435267,435288,470022
470883,1784937,1782459,470022,998886,1787079,435225
487263,470883
487263,1787079
1782459,1787583,470043,435225
1786029,435267,998886,463806,435225
22457,471849,1782459,487263,435267,466137,1787079,435225
998886,482160
470106,1787079
460551,1787079
470106,477120,435267,470883
463806,470883
460551,1786029,435225,1784937
998886,470043,435288,470022
1787583,470883
1787583,22457,466137,470022
470043,1784937,466137,470022
470043,435288
998886,470631
1782459,1787583
998886,22457
470043,435267,460551,470106,1787079,435225
998886,21212
487263,470022
435288,470022
1786029,21212,471849,1784937,482160,477120,466137,460551,1787079,1776516,470631
1782459,1787583,470106
470043,435288,470022
1787583,22457
1782459,463806,22457,482160
22457,1787079,471849
487263,1787079,435225,470631
463806,470022
487263,1787079,470631
21212,470883,998886,470106,1787079
487263,1787079,470631
1782459,487263
470106,1787079,1784937
21212,482160,1782459,470043,435267,477120,466137,463806,1776516
487263,463806,470883,470022
1782459,477120,22457,470883
463806,435288
1782459,21212,1787079
470106,1787079
1782459,470043,435267,470022
487263,477120,1787079
487263,477120,435288,482160
463806,1787079,466137
435225,466137
470631,1786029,487263,470043,470022,1787079,435288
435288,470022
470883,1784937,487263,435267,470022,470106,1787079,435225
21212,22457
1786029,22457,482160,1782459,477120,998886,463806
1787583,470883,1784937,435267,460551,466137,470022,998886,463806,1787079
21212,470043,435267,460551,470022,998886,1787079,435225
470043,435267,466137,470022,470106,1787079,435225,435288
477120,482160
463806,466137
477120,482160
1782459,463806
477120,471849
477120,466137
482160,1782459,470043,435267,435225
482160,487263,477120,998886,1787079,435225
463806,482160
477120,470883,466137
463806,22457
998886,1787583,435225
1787583,22457,482160,1782459,998886
21212,470883,482160,477120,435288
1787583,21212,1787079,470631
463806,1787079,1776516,466137
470043,470022
21212,1784937
487263,470883
1786029,21212,470883,1784937,470043,435267,466137,470022,998886,463806,435225,435288
1787583,487263,477120,460551,1787079,435225,435288
460551,470106,1787079
470631,1786029,466137,998886
435267,1787079
1787583,22457,998886
21212,487263,470043,435267,460551,470106,1787079,435225,470631
21212,471849
1787583,470106,1787079
1786029,477120,998886
21212,487263,470043,470022,463806,435288
998886,1784937
460551,470106,1787079
21212,435225
1787583,1786029,463806,1784937,482160,470043,466137,470022,470106,1776516,435288
1782459,487263
470043,435288,470022
1787583,463806,435267,435288
470106,1787079,470631
470043,435225,470022
1782459,1786029,463806
1786029,463806,471849
1786029,487263,470106,1787079
487263,463806,477120
487263,470043,435267,470022,470106,1787079,470631
21212,482160,470043,998886,1787079,435225
1787583,435267,435288
435288,482160
487263,470106,1787079
470631,477120,466137
470631,477120,466137
1786029,21212,1787583
487263,460551,470106,1787079,470631
470106,470043,1776516,1784937
463806,21212
1787583,1786029,1784937,477120,460551,470106,1787079,470631
1787583,463806,466137,482160
471849,470883
463806,435267
460551,1787079,470631
463806,435225,435288
1786029,471849
1787583,22457
1787583,1787079,470883
463806,482160
21212,477120,482160,470883
21212,482160,470043,435267,470106,1787079,435225,435288
487263,21212
21212,477120
463806,477120,466137
21212,470043,435225
470043,435267,470022,463806,435225,435288
1787583,470106
470043,1786029,1787583,435267
460551,1787079
1786029,463806,487263,460551,470106,1787079,435225,470631
460551,466137
477120,470043
477120,22457,482160
1786029,22457,471849,470883,1784937,482160,487263,477120,435267,470043,466137,463806,1787079,435225,470631
435267,21212,470043,435225
21212,477120
470043,463806,1784937,435225
487263,470043,435288,435267,470022,470106,463806,1787079,435225,470631
1786029,21212,22457,1784937,1776516,477120,466137,470022,460551,463806,1787079,435225,435288
470883,487263,470043,998886,1787079,470631
1782459,463806
21212,435225,1784937
463806,435288
477120,466137,482160
435225,470022
21212,1782459,487263,435267,470022,470106,1787079,435225
463806,435288
435267,435225,470883
460551,470106,1787079
460551,470106,1787079
1786029,21212,470883,1784937,470043,435267,466137,470022,998886,463806,435225,435288
22457,470883
463806,470883,1784937,466137
487263,435225
1786029,470106,1787079
1787079,435225
435267,435225,435288,470022
466137,1787079,470631,470022
470043,435288
477120,482160
470043,435225,470022
1787079,435288
21212,470883,482160,1782459,1787079
1787583,471849
463806,470883
1787583,1787079,460551,487263
470883,487263,435267,1787079,435288
470043,470022,463806,435225,435288
487263,435225,470631
1786029,1787583,21212,22457,470883,487263,477120,435267,463806,1787079,1776516,435288
21212,22457,482160,487263,460551,463806,1776516,435288
487263,21212
463806,477120
487263,1787079,470631
21212,466137
477120,22457,470883
470043,435288,470022
470106,463806,1787079
487263,998886
21212,482160
477120,470883
1787583,463806,470106,1787079,470631
1787079,470631
463806,482160
470043,435267,435225,470022
1787583,21212,470883,487263,477120,435267,466137,460551,1787079,435225,435288
1782459,466137
1782459,998886,470883
21212,470043,435267,435225
470106,1787079
460551,1787079,435225
435267,435225
1787583,477120
435267,487263,460551,1787079
21212,477120
1787583,1786029,22457,482160,487263,470043,477120,466137,470106,460551,463806,1787079,435225
1786029,471849,470883,477120,466137,463806,1787079,1776516,470631
1787583,21212
487263,460551
470106,1787079
477120,470883
470106,1787079
1787583,435267,435225,1787079
1787583,998886,463806,1786029
477120,1787079
477120,482160
21212,22457,470631
487263,477120,1787079,470631
21212,1787079,470883
998886,1787583,471849
460551,477120,1787079,470883
470883,482160,487263,998886,1787079,435225,470631
1787583,22457,470883,1782459,487263,470043,435267,477120,470022,470106,1787079
1776516,466137
998886,463806
487263,463806,460551,466137
21212,1784937
1782459,1786029
487263,1787079,470883,470631
460551,470883
1786029,22457,482160,477120,460551,470106,1787079,470631
21212,470883,1784937,482160,477120
1786029,21212,463806,477120,470106,1787079
1787583,22457,470883,470106,1787079
1782459,487263,470043,470631
470043,21212,435267,435225
1786029,435225,482160
1786029,21212,470883,1784937,470043,435267,466137,470022,998886,463806,435225,435288
1786029,477120,1787583
21212,477120,1776516
1786029,477120,463806,482160
21212,1784937,482160
487263,463806
470043,21212,435267,435225
21212,487263,435267,1787079,435225
1782459,471849
22457,487263,435267,460551,463806
471849,470043,435267,435225,435288
1784937,1782459,466137,470106,463806,1787079,435288
1787583,1787079,470883
477120,435225
1782459,470883,466137,1776516
477120,466137
1787583,471849
1787583,477120,1776516,466137
487263,460551,470106,1787079,435225,470631
477120,22457,482160
466137,1776516,1784937
487263,470043,470022,470106,1787079,435225
21212,470883,1784937,1782459,998886,435288
1782459,1786029,470883
1787583,1786029,470883,1784937,487263,466137,460551,1787079,470631
1787079,435288,22457
1782459,998886,477120
998886,477120
998886,470883
1787583,471849
435267,466137,470022,435225,435288
463806,470883,482160
1787583,470883
1787079,435225
1787583,1787079,470883,998886
1787583,21212,22457,482160,460551,1787079,470631
487263,1787079
22457,471849
470106,1787079
1782459,998886,1787079
487263,435267
470631,435288
1786029,22457,482160,460551,470106,1787079,1776516,470631
470106,998886,21212,1787079
477120,21212
487263,1787079
487263,470106,1787079
1782459,1786029,435225
1786029,470631
477120,470883
1786029,1787583,22457
435267,1776516,466137
1782459,998886,22457,471849
1787583,471849,470043,435267,470022,435225,435288
1787583,463806,477120
487263,1787079
1782459,1786029,466137,470631
1786029,21212,470883,477120,463806
470106,21212
1782459,477120,470883,482160
1786029,1787583,22457,21212,471849,470883,482160,466137,463806,1776516,470631
471849,487263,470043,470106,463806,1787079
463806,470631
1776516,1782459,487263,470043,435267,470022,435225
1787583,435267,466137,470022,435225,1776516
1787079,1776516,470631
21212,463806
470106,463806,1787079,471849
998886,471849
1786029,1787583,998886
1786029,1787583,22457,470883,1784937,482160,487263,470043,435267,466137,1787079,1776516,470631
1787583,1787079
998886,466137
998886,463806,487263
21212,470883,1784937,470043,435267,466137,470022,998886,463806,435225,435288
1787583,487263,470106,1787079,435225
470106,1787079,22457
21212,470883,1784937,482160,435288
435267,435225,435288,470022
1787583,1786029
998886,1787079,460551
470883,466137
1787583,1787079,460551,22457
470043,435288,470022
21212,470883
1786029,463806
463806,466137
1782459,463806
21212,482160,466137,1787079,1776516
1786029,471849,435288,477120,435267,470043,435225,460551,470106,1787079,1776516,470631
1786029,21212,471849
470106,466137
487263,435267,470022,460551,470106,1787079,435288
22457,487263,477120,466137,463806,1787079
477120,466137
487263,470106,1787079,998886
1787583,477120,470022
471849,470883,470043,435225,435288
1786029,21212,1787583,470883,487263,435267,470022,460551,463806,1787079,1776516
471849,466137,460551,463806,1776516,470631
463806,471849
1786029,21212,470883,482160,487263,477120,466137,460551,463806,1787079,1776516
1786029,21212
1786029,463806
1782459,487263
435267,470022
1782459,463806,22457
463806,487263,435267,470106,1787079,435225
1782459,1787079
21212,470631
463806,482160
1786029,1787583,471849,1784937,998886,482160,477120,460551,470106,1787079,470631
470883,470022
1787583,477120,463806,466137
435267,1784937
1786029,477120,471849
471849,477120,998886,470106,1787079,1776516
460551,1787079
1782459,463806
998886,466137
1786029,22457
1782459,1787583
1782459,1776516
487263,470022
22457,1787079
435225,435288,470022
1786029,21212,1787583,482160,487263,477120,466137,998886,463806,1787079,435225,470631
1787079,1776516,471849
1786029,463806
470631,1784937
1782459,998886
470883,482160
22457,470883,470043,998886,1787079,435225,470631
22457,466137
1784937,470022
470883,1784937,1787079,435225,435288
1786029,998886
435267,435288
1786029,1782459,487263,470106,1787079,470631
487263,1787079
470106,1786029,477120,1782459
1782459,1787583,470883,466137
1782459,998886,477120,21212
1786029,463806
460551,482160
21212,470883
1787583,477120,22457
463806,470883
487263,435267,1787079,470022
487263,470022,460551,463806,1787079
463806,471849
1782459,470883
1782459,1786029
1782459,471849
21212,22457,470883,466137,998886,1776516
470043,435267,477120,470022,435225
1786029,21212,470883,1784937,470043,466137,470022,998886,463806,435225,435288
487263,435267
1787583,435267,460551,463806,435225
998886,1776516
460551,1787079
1787583,22457,471849,435267,435225,470022,1776516
435267,1787583,1787079,487263
477120,1787079
435288,470022
463806,470883,466137
1782459,471849
477120,471849
21212,466137
1787583,463806
477120,1776516,466137,482160
1782459,1786029
1782459,1786029,463806
998886,1787079,482160
1787583,463806
1786029,471849
21212,482160,487263,435267,1787079,435225
487263,1787079,470631,460551
487263,470883
471849,470043,435267,477120,435225
1786029,471849,1784937
1787583,471849
1786029,1787583
1787583,477120,482160,487263
22457,470883
1786029,435267
1782459,1786029,470043,1787583
1782459,22457
1786029,477120,470883
1786029,21212
1782459,463806
22457,471849
470106,460551,463806,1787079
487263,470043,435267,435225,1776516,435288
460551,470106,1787079,463806
463806,466137
460551,470106,1787079
470106,21212,1787079
1782459,487263,470106,1787079
1786029,463806
487263,463806,1787079,470631
1787583,998886
470106,1787079
998886,435267,471849
1786029,463806,466137
21212,1784937,470043,466137,435225
21212,463806
1786029,463806,466137
463806,470883
1786029,463806
1786029,471849,1784937,482160,477120,460551,998886,470106,1787079,470631
21212,470106,1787079,470631
1782459,1787079
22457,470883,1782459,466137,460551,470106
1786029,21212,471849,482160,487263,477120,466137,460551,463806,1787079
1786029,21212,22457,1787583,470883,477120,466137,435225,463806,1787079,1776516,435288
1787583,22457,471849,482160,1782459,1787079,1776516,470631
1786029,463806
487263,470106,1787079
463806,470022
435288,487263,21212,1784937
1782459,998886,1787079
998886,470883
470043,435267,470022,470106,1787079,435288
463806,477120,470022,482160
1782459,463806,1787079,470631
1786029,21212,1784937,477120,435267,466137,463806,435225,435288
1786029,463806,435288
1784937,482160
470043,435267,466137,460551,435225,470631
1787583,21212,471849,435225
1786029,463806,1787079
1786029,482160
463806,21212,470883,482160
1786029,21212,470883,1784937,470043,466137,470022,998886,463806,435225,435288
1784937,482160,487263,477120,435225
471849,470883,1782459,470043,435267
471849,470883,470022,482160
1787583,470883,477120,998886,470106
466137,460551,470106,1787079,470631
1787583,470043,477120,470022,435225,435288
1787583,466137
1787583,463806,487263,477120,435267,466137,470022,435225,460551,470106,1787079,1776516
477120,482160
21212,470883
998886,471849
1782459,463806
1787583,1787079,435288,22457
1782459,471849
470106,1787079,470883,471849
1776516,1784937
460551,470106,1787079
463806,466137
21212,470043,435267,435225,1776516
435267,466137,470106,1787079,435288
435267,435225,435288,470022
487263,1776516
470043,1787079,1784937
1782459,1786029
1787583,1786029,471849,1784937,477120,460551,470106,1787079,470631
471849,22457
1782459,1784937
435225,482160
470043,435267,435288
998886,1787583
1787583,463806
487263,1787079,470631
471849,487263,435267,998886,463806,435288
1782459,998886
21212,1784937
1782459,463806,477120
1787583,1787079,487263
463806,482160
21212,1776516
487263,477120,998886,463806,470631
487263,463806,1787079
470043,435225,470022
470631,460551,466137,482160
487263,470883
1787583,1784937,470043,470022,435225,435288
1787079,466137,22457
435267,435288
463806,466137,482160
471849,22457
470043,470022
463806,435225
21212,1787079,477120
21212,1784937
470883,470043,477120,466137,463806
477120,470883
1782459,477120,470883
1787583,21212,22457,471849,470883,477120,466137,463806,1787079
22457,1784937,435267,435225,435288
1782459,1787583,470883
463806,466137
1786029,21212,471849,463806
21212,463806
1784937,487263,470022,470106,435225
1782459,477120,22457,435288
470883,482160
1787583,470106
463806,466137
470043,435267,435225
1786029,463806,21212
21212,1787079,470883
471849,1784937,487263,435267,470022,460551,435288
22457,470883
470043,470022,460551,1787079,435225,435288
1787583,1787079
1786029,21212,1784937,470043,466137,470022,998886,463806,435225,435288
460551,470043,470022
1782459,1787583,471849,1786029
470883,1782459,470043,998886,1787079,435288
1786029,460551,470883
1782459,471849,22457
1786029,1787583,21212,470106,1787079
1787583,470043,435267,470631
487263,477120
1787583,477120,471849,470883
1782459,471849
1786029,471849,470043,460551,1787079,470631
1787583,470043,470883
1787583,470043,435225,1784937
470043,470022
1787583,21212,470043,466137,435225,1776516
21212,471849,466137,463806,1787079,470631
470043,435267,466137
435288,470043,470022,1787079,435225,470631
477120,471849
21212,463806,1782459,487263,435267,470106,1787079,435225,435288
463806,1787079
1787079,435225
470043,435267,435225,466137
477120,1787079,471849,482160
463806,466137
1782459,1786029,471849
1787583,477120,482160
477120,21212,463806
1787583,21212,22457,470043,435267,470022
1782459,1787583
1782459,22457
463806,466137
1782459,471849
460551,470631
1787583,487263,460551,1787079,470631
1782459,471849
1782459,1787583
1787583,471849,1776516,466137
1786029,435288
1782459,470043
1787583,471849,22457
435288,470043,435267,487263,460551,463806,1787079,435225,470631
1786029,470043
1782459,1787583
1786029,470022
1782459,1786029
1787583,22457,471849,477120,463806
470883,477120,460551,466137,998886,1787079
470883,466137
21212,1784937,470043,470022,998886,463806,435225,435288
1782459,1787583
487263,435267,470022,470106,1787079,1776516,435288
1787583,470043,435267,470022,460551,470106,1787079,435225,435288
998886,470043,463806,435288
487263,470043
463806,22457,470022
1787583,471849,1776516
463806,1784937
1786029,1787583,22457,998886,477120,460551,470106,1787079,1776516,470631
1782459,487263,435267,470022,1787079
1786029,998886
1787079,482160
470631,1786029,21212,22457,1787583,471849,470883,1784937,482160,470043,477120,466137,470022,435225,463806,1787079,1776516,435288
1786029,477120,460551,998886,470106,1787079,470631
21212,463806,466137,470883
463806,22457
1787583,470883,1784937,482160,435267
21212,1784937,435267,466137,998886,1786029,1787583,482160,487263,477120,460551,470106,463806,435225,1776516,471849,470022,1787079,470631,22457,470883,470043,435288
487263,470106,1787079
1786029,1787583,22457,482160,477120,460551,998886,470106,1787079,470631
22457,470883,466137
1784937,482160,1782459,460551,1787079
477120,470883
487263,470106,1787079
471849,470883,1782459,466137,463806
463806,1787079
487263,470106,463806,466137
487263,1787079,466137
460551,1787079
1787583,487263
1776516,470043,435267,470022,435225
487263,470883
1787583,477120,487263
463806,435267,470022
1787583,1787079
470106,470631
463806,22457
463806,482160
1782459,21212,1787079,435225
21212,1787079,470883
1786029,21212,1782459,470043,466137,470022
1787583,471849
1787583,466137
1787583,487263,466137,470106,1787079
470883,466137
1782459,487263,1776516
1782459,22457
477120,470883
1787583,1787079,460551,487263
1787583,1784937
460551,1787079,1776516,487263
477120,466137
1782459,487263,470883
1782459,470883
471849,470883,470631
487263,463806
463806,466137
1782459,477120,21212,463806
1782459,487263,1787079,482160
1787583,487263
21212,466137
1786029,463806,21212
998886,477120,487263
1782459,477120,470883
1787583,471849,487263,477120,470022,1787079,435225,435288
21212,463806
21212,1784937,470022,1787079,435225
1787583,1786029,1784937,477120,998886
487263,470106,1787079
463806,470043,435225
435267,460551,1787079,470631
477120,470883
1786029,1787583,463806,470883,487263,477120,466137,460551,470106,1787079,1776516
1786029,22457,470883,1784937,482160,487263,470043,435267,477120,466137,460551,463806,1787079,435225
463806,435267,466137
21212,1787079,482160
21212,466137
1782459,487263,477120,463806
21212,471849
1782459,487263
460551,1786029,1787079
1787583,471849
487263,463806,460551
1776516,482160
477120,471849
1782459,463806
487263,435225,998886
1782459,22457
1787583,471849
1787079,482160
1787583,21212,1786029,482160,487263,477120,466137,460551,463806,1787079,1776516,470631
1782459,1786029,463806,482160
1787583,22457,471849,470883,1782459,477120,435267,466137,1787079
470883,1784937
487263,482160
1787583,21212,487263,460551,1787079,470631
471849,470883
1786029,463806,1776516
1787583,21212,470883,470043,435267,477120,466137,470022,998886,463806,435225,435288
470043,435288,470022
487263,477120,470883
1782459,21212
1786029,1776516
1787079,1784937
470106,21212,463806,1787079
1786029,21212,470883,1784937,470043,435267,470022,998886,463806,435225,435288
477120,1787079,466137
1787583,1784937,487263,470022,1787079,435288
1787583,463806,466137
1782459,487263
1787583,22457,471849
22457,470883
21212,1787079,1776516,466137
460551,1787079,487263
1786029,463806
470106,1787079
1787583,470883
435267,470631
1787583,470883,466137
470883,482160
21212,470883,466137
487263,463806,1786029
477120,470883
1787583,22457,487263,477120,470022,470106,1787079,435288
1787583,463806,466137
1787583,1787079,22457
487263,470022
463806,466137
1786029,22457,463806,470883,998886,482160,487263,477120,466137,460551,470106,1787079,470631
1782459,471849,22457
1787583,21212,1787079
1782459,998886,477120,1787079
470043,435225,435288,470022
463806,1776516,470022,470883
1787079,470631
1787583,435225,470022
487263,463806
466137,470043,435288
471849,470043,435267,1787079,435288
1787583,477120,487263
471849,22457
21212,470883
1782459,1787079
1787079,466137
471849,1776516,1784937
1787583,470043,435267,470022,435288
1787583,470631
21212,470631
463806,470043,470883,470022
21212,487263,470043,460551,470106,1787079,435225
470043,466137
463806,471849
21212,487263,466137,470022,998886,470106,1787079,435225,470631
1786029,470106,22457
477120,470883
487263,460551,470106,1787079,470631
1782459,477120
998886,22457,1776516,470883
1782459,998886,471849
1787583,477120,471849
477120,470043,435225,470022
470106,1787079,470631,466137
1786029,471849,477120,466137,1776516
1782459,22457
1786029,471849,470883,470106,1787079
1786029,463806
1782459,1787583,463806,471849
21212,22457,466137,471849
460551,470106,1787079,998886
1782459,487263,466137
435267,1787583,22457
1782459,998886,470883,466137
1787583,460551,470631,1787079
470043,435225,470022
1786029,21212,463806
1787583,470106,22457
460551,1787079
471849,470883
1786029,21212,463806,998886
1784937,470022
998886,463806
470043,21212,435225,466137
1787583,1786029,22457,1784937,482160,477120,460551,470106,1787079,470631
1787583,21212,22457,487263,477120,460551,998886,470106,1787079,1776516,470631
1787583,463806,1787079,22457
463806,1787079
435267,466137
435225,482160
1787079,470022
1787583,470043,470022,460551,435288
463806,482160
1787583,435267,470022,435225,435288
1776516,470883
460551,1787079,466137
22457,435267,470106,1787079,435225,435288
1786029,482160
1787583,471849
487263,463806,471849,466137
1786029,471849,470883,482160,487263,477120,435267,435288,466137,460551,463806,1787079,470631
435225,470631
477120,470883,482160
470106,1787079
22457,471849
1786029,21212,470883,1784937,470043,435267,466137,470022,998886,463806,435225,435288
1782459,477120,1787079,470883
463806,471849,470883
466137,470022
435288,477120,466137
463806,470043
487263,466137,460551,470106,1776516
477120,21212
1787583,1787079,470631
998886,1787583,466137
463806,1787079,466137
470043,1787079,470022
460551,1787079
463806,477120,470022
487263,470043,435267,460551,435288
470883,477120,435267,470022,1787079,435288
487263,1787079,435225,470022
471849,998886,470043,435267,477120,460551,1787079
470106,1787079
460551,21212,1787079,470631
1787583,1786029,470631,470022
1787079,470631
1787583,21212,471849,998886,463806,1787079,435225,435288
470043,435267,435225,470022
463806,435267,1776516,470022
1786029,463806
1786029,1787583,22457,471849,1784937,998886,482160,477120,470106,460551,463806,1787079,470631
22457,435225
460551,470043,1787079,435288
1787583,470022
1787079,466137
487263,482160
1786029,21212,463806,1784937,998886,482160,487263,477120,435267,466137,460551,470106,1787079,435225
470631,1786029,21212,1787583,1784937,1782459,487263,477120,466137,470022,463806,1787079,1776516,435288
487263,460551,470106,1787079,470631
1782459,22457,470883
470106,1787079
1786029,1787079
487263,470883,470631,470022
435267,1787079
435225,470022
21212,1784937,487263,470022,1787079,435225,435288
998886,1787079
1786029,463806,466137
1787583,463806,487263,466137,460551,470106,1787079,435225,470631
487263,460551,470106,1787079,470631
1782459,477120,435267
487263,460551,470106,1787079,470631
1787583,1784937,487263,477120,998886
1786029,463806,471849
487263,1787079,435225
1782459,463806
470043,435267,466137,470022,460551,1787079,435225
1782459,1786029,463806
1782459,487263,466137
487263,1784937,466137
435267,470022
463806,470631
1787079,470631
470106,1787079
435267,1787079,435225
21212,471849,470883,1784937,482160,487263,470043,435267,466137,470106,460551,463806,1787079,435225
460551,470043
22457,1782459,470043,470022,998886
477120,470883
477120,470883
463806,466137
22457,470883,477120,998886,463806,1787079,1776516
470043,471849,435225,466137
487263,477120
21212,470883,482160,477120,998886
1787079,22457
470883,1784937
998886,477120,1787079
21212,470631
1787583,487263,435267,460551,466137,998886,470106,1787079,470631
487263,463806,1787079
435225,470022
470631,1787583,1784937,1782459,487263,470043,460551,435267,470022,435225,470106,998886,463806,1787079,1776516,435288
1787583,466137
1786029,21212,22457,1787583,470883,482160,470043,466137,435225,463806,1787079,1776516
1782459,1787583
435267,435225
460551,470631
477120,470043
1786029,1787583,477120,466137,463806,1787079,435288
1782459,463806,22457,482160
487263,470043,435267,470022,470106,463806,1787079,435225,470631
1782459,1787583,471849
470106,21212,466137
460551,463806,487263
1787079,482160
487263,463806,1787079,435225
998886,22457
1782459,21212,471849,470883
1782459,463806,470883
1782459,435225
470631,1782459,470043,470022,460551,1787079,435225,435288
477120,482160
1787583,487263,435267,470022,435225,435288
1787583,470883,1782459,470043,435267,470022,463806,435225
1787583,471849
1786029,1787583,22457,21212,471849,470883,1784937,463806,482160,487263,477120,466137,435225,460551,470106,1787079,1776516,435288
1782459,1787583
487263,470106,1787079,435225
463806,470883
1786029,21212,470883,1784937,470043,435267,466137,470022,998886,463806,435225,435288
435267,487263,471849,22457
1786029,477120,1787079,470631
1787583,22457,466137
1787583,1782459,487263,1787079,470631
1787583,460551,466137
487263,21212,463806
1782459,463806,471849
487263,1787079,1784937
470043,435267,435225
482160,477120,435267,463806,470631
1787079,470631
1782459,470883
470883,1784937,1782459,487263,466137,1787079,1776516
1787583,463806,22457,466137
1787079,466137
1786029,21212,482160,477120,435267,466137,998886,463806,435225,435288
1786029,21212,435267,460551
1787583,471849
487263,477120,1787079,22457
998886,21212,1786029
1782459,1786029
1786029,1784937
460551,470043
1786029,463806
1782459,1787583,22457,470883
1787583,470883
470106,1787079,470631
460551,470043,435225,487263
1782459,1787583,998886
1786029,21212,463806,1784937,487263,477120,466137,470022,998886,470106,1787079
1787583,470883,1776516,435267,435225,435288
1787583,471849
477120,21212
1786029,463806
1786029,1787583,22457,1784937,482160,477120,470106,460551,463806,1787079,470631
470043,435267,470022,435225,435288
460551,22457,487263
1787583,1786029,470883,470106,1787079
470043,22457
487263,1787079,466137
470631,1786029,1787583,482160,463806,435288
487263,463806
1787583,22457
1782459,470883
463806,471849
22457,471849
1787079,1784937
21212,470883,477120,482160
1786029,463806,1787583,460551
435288,470022
21212,470043,435267,466137,470022,435225,435288
1787079,470631
1787583,1787079
1786029,21212,482160,1782459,487263,470043,460551,435288,435267,470022,998886,435225,470631
998886,487263,435267,466137,460551
1776516,466137
487263,463806,470631
487263,466137,470022,1787079,435288
487263,470043,435267,998886,1787079,435225
1786029,21212,470043,435267,466137,470022,435225,435288
1786029,21212,482160,487263,460551,470106,1787079,1776516
460551,435225,435288,487263
487263,470106,1787079
1787079,435225,470022
1787079,470883
1782459,487263,470631,1784937
487263,1787079,466137
470043,435267,435225,470022
463806,466137
1784937,1782459,470043,435267,466137,463806
487263,470106,1787079,435225
1782459,1787583,471849
435267,22457,435225
463806,466137
998886,435267
487263,435267,466137,463806,1776516
1787583,477120,482160
1787079,1784937
470043,463806,435288,470022
470043,435267
460551,435225
463806,466137
21212,470043,435267,466137,998886,435288
1782459,1787079,466137
1782459,1787583
1787583,470883
1787079,470631
1787583,21212,1786029,22457,471849,470883,1784937,482160,487263,477120,435267,466137,470022,470106,463806,1776516
1786029,1787583,22457,21212,1784937,482160,435288,477120,466137,435225,463806,1776516,470631
470883,487263,470043,470106,435288
470106,1787079
1782459,1787079
1787583,22457,482160,1782459,487263
487263,463806,471849,466137
487263,21212,470022
460551,1787079
1787583,435267,435225,1787079
21212,22457,487263,466137,1787079
463806,470883
1786029,21212,470883,1784937,470043,435267,466137,470022,998886,463806,435225,435288
435225,470022
463806,470631
435288,470022
1782459,1787583,463806,477120
1782459,435267,435225
487263,463806,22457,466137
477120,470631
1787583,22457
1787583,463806
1786029,466137
22457,470883
1782459,1787583,1776516
487263,477120
470106,470631
470106,1787079
460551,1787079,470631
1782459,477120,435267,470022,1787079,435225,435288
487263,435267,1787079,435225,470631
998886,477120,1787079,470883
998886,477120,470883
1782459,1787583,482160
1786029,463806
1786029,470631
460551,463806
1782459,470883
470631,1787583,21212,22457,1786029,471849,1776516,487263,470043,435267,466137,470022,463806,1787079,435225,435288
1786029,21212,22457,471849,470883,1784937,482160,487263,470043,435267,466137,470022,435225,470106,463806,1787079,1776516,470631
463806,1776516
1786029,463806
460551,21212
470043,435225
1787583,22457,470883
1786029,1787583,22457,471849,482160,477120,460551,470106,1787079,470631
435225,1784937,470022
463806,470022
1787079,435288
1786029,463806
998886,482160
487263,460551,470106,1787079,470631
21212,477120
487263,470106,1787079
1787583,22457,471849,487263,477120,466137,998886,1787079,435225,470631
463806,470883
1782459,21212,435225,470022
1787583,471849,470883
460551,1787079,470022,487263
1786029,471849,1784937,482160,463806,1776516
1786029,471849,1782459,487263,1787079,470631
463806,22457,466137,482160
460551,470022
471849,470631
1787583,21212,435267
1786029,21212,487263
1782459,477120
1787583,463806,1787079,470631
435267,470022
435267,487263,470043,1787079
435225,470022
1787583,463806
21212,1784937,1782459,477120,466137,1787079
1786029,463806
21212,1776516
1786029,470106,1787079,487263
1782459,487263,471849,470631
463806,466137
1786029,21212,22457,1787583,470883,482160,487263,477120,466137,470022,470106,463806,1787079,1776516,435288
1787583,482160
1787583,1786029,21212,471849,470883,1784937,482160,487263,470043,477120,466137,463806,1787079,1776516,470631
1782459,470883
21212,487263,435267,470022,470106,1787079,435225,470631
998886,466137
470106,21212,1776516,22457
470043,435267,463806,435225,435288
1782459,487263,1787583
470883,470022
470631,21212,22457,470043,470022,463806,435288
487263,460551,470106,1787079,470631
470106,1787079,463806,470631
487263,1787079
477120,470883
435267,1787079,1776516
1787583,470106,1786029
470043,435225
998886,1787583
1787583,463806
477120,463806
1786029,22457
1784937,1782459,487263,435267,435225
487263,470043,466137,435225,470631
487263,435225
1782459,487263,1787079
435267,22457
477120,482160
1776516,470043,435267,470022,435225,435288
471849,477120,998886,470106,1787079
477120,470883
460551,1787079
1782459,1787583
21212,1776516
477120,1776516
470883,482160
487263,1787079,460551
1786029,471849
1782459,435225
470043,435267,466137,470022,460551,470106,1776516
1787583,470043,466137,463806,435225
1782459,463806
470043,470883,435288,470022
21212,435267,470022
1786029,1787583,21212,22457,471849,470883,1776516,482160,487263,477120,470043,435267,466137,460551,463806,1787079,435225,435288
487263,463806
1787583,22457
463806,1787079
998886,21212,470883
463806,1787079,435225
487263,470106,1787079
1787583,1787079
470631,1784937,487263,466137,460551,1787079,435288
487263,463806,471849
1782459,471849
21212,470883,466137
21212,1787079
1786029,21212,470883,1784937,470043,435267,466137,470022,998886,463806,435225,435288
21212,435225,1784937
998886,1776516
487263,463806,470022
22457,471849
470043,435267,470631,470022
477120,470883,1784937
460551,470022
460551,470106,1787079,487263
1787583,435225,998886
463806,435267,435288
471849,477120,435267,470022,435288
998886,487263
1782459,477120,466137,482160
470043,435267,466137
1784937,1782459,435267,466137,470106,463806,1787079,435225,435288
470883,466137
1782459,1787583
487263,463806,471849
463806,466137
487263,470883,1784937,482160
463806,487263,470043,435267,470022,470106,1787079,435225,435288
1782459,460551,21212
1786029,477120
22457,1787079
463806,1776516
1787079,482160
1787583,470883
1786029,21212,1787583,22457,1784937,482160,487263,477120,466137,435225,463806,1776516,470631
463806,22457,1776516,471849
477120,1787079
1782459,470883
471849,1782459,487263,470043,435288,435267,460551,470106,1787079,435225,470631
1782459,463806
487263,1787079
1786029,463806
460551,470106,471849,1787079
470043,22457,463806,477120
466137,470883,470631
487263,466137,460551,463806,1787079,470631
487263,477120,466137,470022,435288
1782459,998886,21212,1786029
435267,435225,466137,471849
1787583,470631
1782459,435267,435288,470022
1782459,471849
1787583,1786029,470043,466137,470022,463806,435288
21212,463806,435288,470022
21212,487263,470022,460551,470106,435225
1786029,1787079
1787583,21212,482160,487263,477120,470043,435267,470022,435225,470106,460551,463806,1787079,1776516,435288
1787583,470043,435267,470022,435288
463806,1776516
1782459,1787583
463806,470883
463806,470883
435288,21212,1784937
1786029,1787583,22457,1784937,482160,477120,470106,1787079,470631
470043,435267,466137,470022,460551,1787079
487263,1787079
470106,471849
471849,435267,466137,470022,435225
1782459,487263,435288
1786029,463806,1784937
471849,470043,435267,470022,998886,1776516,435288
477120,1787079,435225,435288
470106,1787079
1782459,21212,471849,466137
1787079,471849
460551,1787583
1787583,470883
435288,1784937
487263,470022,463806,1787079,435288
477120,470883,482160
998886,21212
1782459,470106
1782459,470883,470631
998886,463806
1787583,463806,471849
1787583,1784937,470022,435225,435288
1786029,1787583,1784937,466137,1787079
487263,466137
463806,470022
1782459,466137
463806,1784937
1786029,21212
21212,471849,1782459,470043,435267,470022
471849,470043,466137,470106,463806,1787079,435225
21212,22457,1787079
1787079,466137
1787583,1776516
435225,435288
463806,471849
998886,1776516
435267,470106,1787079,435225,435288
998886,482160
1787583,1786029,21212,482160,1782459,435267,466137,435225,463806,1787079,1776516,470631
463806,470043
1786029,471849
1787583,470043,435267,466137,470022,463806,435288
998886,482160
1786029,463806
435267,470022,460551,1787079,435225,470631
1787583,470022
470043,435267,470022,460551,1787079,435225
477120,470883
22457,471849
1786029,21212,470883,1784937,470043,435267,466137,998886,463806,435225,435288
463806,21212
21212,463806,470043,482160
1782459,487263,1787079,470631
1782459,22457,470022
1786029,463806
21212,1784937
1787583,21212,487263,435267,466137,460551,470106,435288
460551,470883,466137
470883,470631
470043,435267,1776516,470022
1787583,470883
487263,1787079
1787583,463806,470883
463806,471849
1787583,1786029,22457,21212,470883,482160,487263,477120,466137,470106,463806,1787079,470631
1786029,1787583,22457,21212,471849,470883,1776516,482160,487263,477120,435267,470043,466137,470022,463806,1787079,435225,470631
1787583,1782459,470043,463806,435288
470043,435267,466137,470022,435288
463806,471849
1787583,470883,1782459,470022,463806
435288,470022
1787583,477120
1787583,21212,1787079,463806
435267,470022
1782459,463806
435267,470022
1782459,463806
470106,1787079,470883,471849
487263,463806,1787079
1787583,470043,435267,470022
1786029,1787583,22457,471849,482160,477120,460551,470106,1787079,470631
477120,482160
470043,1784937,470022
1784937,470043,435267,470022,435288
1787583,463806,466137
1782459,1786029,463806
1786029,470043,435267,470022,463806,435225,435288
463806,470043,22457,470883
470043,435225,466137
1786029,463806,1784937,482160
1787583,466137,470022,998886,1787079
1787583,477120,1786029
21212,487263,470043,435267,470022,470106,460551,463806,1787079,435225
470631,470022
1787583,1786029,21212,22457,470883,1784937,482160,477120,466137,435225,998886,463806,1776516
460551,435288,470022
470106,470883
463806,470883
487263,463806,1787079,470883
1787583,487263,470043,1787079
998886,477120,463806
470883,482160
998886,466137
1786029,1782459,477120,463806,435288
435288,1784937
998886,471849
1786029,1787583,22457,470883,482160,487263,470043,435267,477120,466137,470106,998886,463806,1787079,470631
1787583,1786029,22457,470883,482160,487263,477120,466137,470106,460551,463806,1787079,435225,470631
435267,470883,470022
470883,466137
460551,1787079,470631
471849,1787079,22457
470883,466137
470883,466137
487263,477120,1787079,470631
21212,1782459,487263,466137,1787079,470631
463806,22457
1782459,463806
1787583,466137
487263,1787583,1787079
1782459,463806
470106,477120
1782459,1787583,1786029
470043,435288,470022
22457,1784937,1782459,487263,435267,470022,1787079,435225,435288
1782459,487263
1787583,463806
470631,487263,1787079,435288
470883,487263,470043,435267,470022,460551,1787079,435225
998886,463806
1787079,466137
487263,463806,470631
435267,466137,460551,1787079,435225
463806,22457
471849,470883,1782459,470043,435267,470022,1776516
435267,435225
1787583,463806
1787583,1782459,487263,460551,1787079
1782459,470631
487263,1787079
22457,470883,435267,470022,435225
470106,463806,1787079
1782459,463806
1782459,1787583
487263,1787079,470631
1782459,1787583,477120,22457
477120,1784937,482160
1782459,435288
487263,477120
487263,482160
1782459,435267,435288
487263,470631
435267,1787079
1787079,435225
1787583,487263,460551,470106,1787079,1776516
487263,463806,470883
1782459,1787583
22457,1784937,487263,470043,998886,470106,1787079,435225
470043,435225,1784937
466137,470631,470022
463806,22457
21212,470883,1784937,470043,435267,466137,998886,463806,435225
463806,435225
1786029,1784937,466137
435288,435267,435225,466137
1782459,22457
470043,435267,460551,470106,1787079,435225,435288
1786029,21212,470883,466137,470022,463806,1787079,435225
1787583,471849,435267,470022,435288
470106,1787079,470631
463806,470883
1787583,1786029,22457,471849,470883,1784937,482160,487263,477120,435267,470043,466137,998886,463806,1787079,470631
998886,471849
470631,1786029,1787583,22457,482160,477120,460551,470106,1787079,435288
21212,477120,471849,466137
1786029,21212,22457,1787583,471849,470883,1784937,482160,487263,435267,466137,460551,463806,1787079,435225,470631
21212,466137
487263,466137,460551,470106,1787079
463806,1787079
487263,1787079,470631
487263,470883,1784937,470022
998886,463806
470043,435267,470022,460551,470106,1787079,435288
463806,466137
471849,487263,466137,470022,460551,463806
466137,470022
470043,470883
1786029,463806
470043,435267
21212,470883,1784937,470043,435267,466137,998886,463806,435225
1776516,1784937
22457,466137
1786029,1787583,1784937,482160,470043,463806,435225,435288
1786029,435288
1787583,1787079,470883,482160
1787079,470631
477120,463806
1787583,463806,487263,470043,435267,466137,470106,435225,470631
477120,471849,482160
470043,435267,435288,470022
1786029,21212
487263,470043,460551,1787079,435225,470631
435267,435288
435225,435288
470106,435225,435288,470022
1782459,463806
1782459,1786029
460551,22457,470883,482160
1787583,463806,470043,470022
435267,466137
470883,466137
471849,1787079
466137,1787079,470631
487263,463806,1776516,466137
487263,1787079,466137,460551
470043,435267,435225,435288
470043,1776516,466137
471849,470883
463806,1784937,466137
471849,466137
487263,463806
487263,463806,471849
1786029,21212,477120
21212,1776516,466137
460551,470043,1787079,435225
463806,477120
463806,22457,471849
470043,21212,463806,1784937
1782459,1776516,466137
1787583,21212,470883,482160,1782459,487263,477120,435267,466137,470022,435225,460551,463806,1787079,1776516
470631,1786029,21212,22457,1787583,471849,470883,482160,477120,466137,470022,435225,470106,998886,463806,1787079,1776516,435288
1787079,470631
463806,466137
1782459,1786029
477120,482160
487263,1787079
21212,477120,470883
470883,482160
21212,470883,1784937,435267,998886,463806,435225
470631,1787583,1786029,22457,482160,477120,466137,460551,470106,1787079,435288
1787583,1786029,22457,1784937,477120,470043,466137,463806,1787079
1782459,21212,435267,463806
470106,1787079,470631
1787583,22457
463806,466137
470043,22457,477120,435225
1786029,463806,998886
487263,1787079,466137
477120,1787079,470631
487263,463806
1787583,466137,1787079,1784937
1787583,1776516
487263,1787079,471849
1787583,470043,466137,463806,435288
1787583,998886,460551,470106,1787079,470631
487263,1787079
1786029,1787583,463806,1787079
1786029,22457,482160,435288,477120,466137,470106,1787079,470631
1786029,1787583,22457,1782459,466137,460551,1787079,1776516
1787583,22457,471849,1782459,470043,435267,470022,435225,435288
460551,1787079
1786029,21212,1787583,463806,470883,1782459,487263,477120,435267,466137,470022,435225,460551,470106,1787079,1776516,435288
1784937,1782459,477120,466137,1787079
1786029,21212,22457,1787583,471849,470883,463806,482160,487263,466137,470022,470106,1787079,435225
1786029,482160,470043,435267,466137,470022,435225,470631
471849,466137
1787583,482160
435267,435225,435288,470022
460551,470106,1787079,470631
1787583,22457
1787583,21212,463806,470631
487263,1787079,470631
1786029,21212,470883,1784937,435267,466137,998886,435225
1787583,21212,22457,471849
1787583,470043,435267,470022,1787079,435225
1784937,487263,435267,466137,470022,435288
21212,487263,466137,463806,470631
487263,1787079,470883
21212,435288
1782459,463806,471849
998886,463806,470883
435267,22457,466137
21212,470883
1786029,1787079,487263
1786029,21212,470883,482160
487263,470043,435267,470022,460551,1787079,435225
470043,435267
1782459,1776516
460551,466137,435288
477120,1776516,466137
470631,1786029,1787583,22457,482160,477120,466137,470106,1787079,435288
463806,435225
471849,1776516,466137
471849,1784937,435288,466137,470022,463806,470631
998886,463806
470631,1787583,1784937,477120,470106,1787079,435288
1786029,1784937,1782459,470106,1787079
1786029,21212,22457,471849,470883,482160,435288,470043,477120,487263,466137,470022,435225,463806,1787079,1776516,470631
1786029,22457,463806,1784937,482160,435288,477120,460551,470106,1787079,470631
22457,1782459,487263,435267,470106,1787079,435225
463806,470631,466137
470883,482160
1782459,1787583,470883,482160
1782459,22457
21212,470883
435267,1787079
1782459,1786029,470883
463806,1784937
1787583,477120,463806
1782459,463806,477120
1782459,466137
435267,435225
1787583,470043,435267,22457
487263,22457
435267,487263,471849,1787079
487263,1787079,470631,460551
1787079,1784937
435267,463806,1787079,1776516,435288
1787583,466137,470022
460551,1787079,470631
487263,477120,435267,998886,463806
1786029,1787583
463806,435225,435288,470022
470106,1787079
1787583,1786029,487263,435267,470022,435225
1786029,463806,477120
460551,1787079,470631
460551,1787079,470631
471849,22457
463806,482160
1782459,21212,466137
1787583,1786029,21212,22457,471849,470883,482160,487263,470043,477120,435267,466137,435225,460551,463806,1787079,1776516,470631
487263,1787079
460551,470106,1787079,470631
1787583,477120,470883
435288,463806,1784937,470631
463806,1776516
1787583,470043,471849,22457
1787583,477120,466137
463806,435225
1786029,21212,470883,1784937,470043,435267,466137,998886,463806,435225
482160,477120,470106,463806,1787079,470631
998886,1787079
1787583,21212,463806
22457,482160
1782459,1786029
471849,482160,477120,466137,463806
1782459,463806
463806,435267
1782459,470883
1787583,470043
1787583,471849
463806,21212
1787079,471849
470106,1787079,1784937
477120,470883
470883,1784937,1782459,998886,463806
477120,482160
463806,477120,470631,482160
1786029,477120,470883,482160
1787583,471849,1782459,435267,463806,435225
470631,487263,470043,435267,460551,470106,1787079,435225,435288
21212,487263,470043,460551,470106,1787079,435225
1787583,466137
1787583,470883
1782459,466137
1786029,21212,1787583,22457,471849,470883,998886,482160,487263,470043,477120,435267,466137,470022,460551,463806,1776516,435288
471849,466137,470022
21212,470022
487263,463806,998886
1786029,470043,435267,466137,470022,435225
463806,471849
1786029,22457,466137,470022
470106,463806,471849,1787079
1782459,466137,470022,463806,435288
1782459,470883
1787583,998886,487263,470043,435267,466137,470022,460551,470106,1787079,1776516,470631
21212,470883,470043,435267,466137,998886,463806,435225
22457,482160
1786029,463806,1787583
21212,1784937,470043,435267,470022,435225,435288
1786029,463806
470883,466137
22457,470883
487263,470043,477120,460551,1787079
1786029,463806
1786029,1787583,463806,1784937,482160,435288,477120,466137,460551,470106,1787079,1776516,470631
1786029,1787583,435267,466137
470631,1786029,1787583,22457,471849,463806,1784937,482160,477120,460551,470106,1787079,435288
487263,463806,22457,477120
463806,471849
1787583,21212,466137,463806,435225
463806,471849
1782459,487263,463806,1787583
21212,470883,477120
435267,1776516,466137,470022
1786029,21212,471849,1776516
1787583,1787079
1787583,1787079
1782459,460551
463806,466137
487263,470883
1786029,470883
1782459,435225,1776516,470883
463806,1776516
22457,1782459,435267,470022,998886,463806,435225
460551,463806,1787079
21212,22457,471849,1782459,435288,470022,470631
470106,1784937,470631
1782459,470043,471849
463806,470883
1787583,470883
998886,463806,22457,466137
1786029,1787583,22457,21212,470883,1784937,1776516,482160,477120,466137,470022,463806,435225,470631
1786029,1787583,22457,21212,470883,482160,1782459,487263,477120,435267,470043,466137,470022,435225,460551,463806,1787079,1776516,435288
21212,1784937,1782459,466137,998886,1786029,1787583,482160,487263,477120,460551,463806,1776516,435225,471849,1787079,470631,22457,470883,470043,435288
1786029,463806
1787079,1776516
1787079,435225,435288
487263,1787079,435225
1787583,477120
435267,435225,435288,470022
21212,470883,998886,460551,1787079
1786029,21212,470883,1784937,470043,435267,466137,470022,998886
435267,435225,435288
21212,22457,466137
1787583,471849,470043,460551,435225
487263,470043,435267,470022,460551,470106,1787079,435225
470883,482160
470043,466137,470022
1782459,21212,1787079
460551,470631
463806,1776516
487263,466137,460551,463806,1787079
470883,1784937,1776516
460551,1787079
463806,21212
463806,487263,470106,1787079,470631
435267,435225
998886,487263
1782459,1787583
21212,1787079,463806
1782459,1787079,435288
1782459,466137
460551,1787079,1784937,487263
471849,1782459,487263,470043,460551,470106,1787079,435225
435267,470022,482160
470631,1786029,21212,22457,471849,482160,487263,470043,477120,435267,466137,998886,463806,1787079,1776516,435288
1787079,482160
470043,435267
477120,482160
1787583,21212,487263,477120,466137
1787583,1787079,487263
1787583,1782459,487263,466137,463806
470883,482160
463806,435267
1786029,1787583,22457,471849,463806,1784937,482160,435288,477120,460551,470106,1787079,470631
487263,460551,470106,1787079,470631
487263,463806,470043,460551
487263,463806,435225
22457,470883
487263,470631
1787079,1776516
460551,1787079
463806,477120
460551,22457,466137,1787079
1782459,1787583,22457
1782459,1787583
1787583,463806,21212,482160
470043,435267,470022,463806,435225,435288
1787583,21212
1787583,1787079
21212,1784937,482160,487263,463806
470631,487263,435267,470106,1787079,435225,435288
1787079,466137
470883,482160
21212,435267,470022,435225,435288
487263,1787583,471849
21212,1787079,470631
1787079,470631
1786029,21212,22457,1787583,470883,482160,1782459,435288,470043,435267,477120,460551,466137,487263,998886,463806,1787079,470631
1786029,21212,22457,1787583,470883,482160,487263,470043,477120,435288,466137,470022,435225,460551,463806,1787079,1776516,470631
1787079,466137
1786029,1787583,22457,471849,1784937,482160,435288,470106,460551,463806,1787079,470631
1787583,471849
1786029,21212,470883,1784937,470043,435267,466137,998886,435225
435267,1787583,470043,471849
463806,435225
1787583,463806,1784937
477120,435267,435225,470022
487263,1787079
460551,1787079,487263
1787583,471849
1782459,1776516
463806,435225
1787583,435267,1787079,435225,470631
435267,470022
477120,22457
21212,1776516,470883
998886,463806,466137
1786029,1787583,22457,21212,470883,1784937,482160,487263,477120,435267,435288,466137,470022,470106,463806,1787079,435225,470631
477120,471849,435225
477120,482160
1787583,463806
470043,466137
1787583,470883
477120,1776516,466137
22457,471849
487263,463806,1787079
470631,1786029,21212,22457,1787583,1784937,998886,482160,1782459,477120,435267,466137,435225,460551,463806,1787079,1776516,435288
1786029,21212,470883,1784937,470043,435267,466137,998886
470631,1786029,22457,463806,1784937,482160,460551,470106,1787079,435288
1787583,471849,435267,466137,435225
463806,466137,460551,470106,1787079,470631
1787583,21212,22457
1787583,22457
1787583,21212
1787583,22457
1787583,21212
1787583,21212,22457
1787583,21212,22457
21212,22457
1787583,21212,22457
1787583,21212,22457
1787583,22457
1787583,22457
1787583,21212,22457
1787583,22457
1787583,21212
1787583,21212,22457
1787583,21212,22457
1787583,21212
1787583,22457
1787583,21212,22457
21212,22457
1787583,21212
1787583,21212,22457
1787583,21212,22457
1787583,22457
21212,22457
1787583,21212,22457
1787583,21212,22457
1787583,22457
1787583,21212,22457
21212,22457
1787583,21212,22457
1787583,21212
1787583,22457
1787583,21212
1787583,22457
1787583,21212
1787583,21212
1787583,22457
1787583,22457
1787583,22457
1787583,22457
1787583,22457
1787583,21212,22457
1787583,21212,22457
1787583,21212,22457
1787583,21212,22457
1787583,22457
21212,22457
1787583,21212,22457
21212,22457
1787583,21212
1787583,21212,22457
1787583,21212
1787583,22457
1787583,22457
1787583,21212
1787583,22457
1787583,22457
1787583,22457
1787583,21212,22457
1787583,21212
21212,22457
1787583,22457
1787583,21212
21212,22457
1787583,22457
1787583,22457
1787583,22457
1787583,21212
21212,22457
1787583,22457
21212,22457
1787583,22457
1787583,22457
1787583,22457
1787583,21212,22457
1787583,21212,22457
1787583,21212
1787583,22457
1787583,22457
1787583,21212,22457
1787583,21212
1787583,22457
1787583,22457
21212,22457
1787583,21212
1787583,22457
1787583,22457
1787583,22457
21212,22457
1787583,22457
1787583,22457
21212,22457
1787583,21212
1787583,21212,22457
21212,22457
1787583,21212
1787583,22457
1787583,21212,22457
1787583,22457
21212,22457
21212,22457
1787583,21212
1787583,22457
1787583,21212
1787583,22457
1787583,22457
1787583,22457
1787583,21212
1787583,22457
1787583,21212,22457
21212,22457
21212,22457
21212,22457
1787583,21212,22457
1787583,22457
1787583,22457
21212,22457
1787583,22457
21212,22457
1787583,22457
1787583,22457
1787583,21212
1787583,22457
1787583,22457
21212,22457
1787583,22457
21212,22457
1787583,22457
1787583,21212,22457
1787583,22457
1787583,21212,22457
1787583,22457
1787583,22457
1787583,21212
1787583,21212,22457
1787583,21212,22457
21212,22457
1787583,21212
1787583,22457
1787583,21212
1787583,21212,22457
1787583,21212,22457
1787583,22457
1787583,22457
1787583,22457
1787583,21212
1787583,21212,22457
1787583,21212
1787583,22457
1787583,22457
1787583,21212
1787583,22457
1787583,22457
1787583,22457
1787583,22457
1787583,21212
1787583,21212
1787583,21212,22457
1787583,21212
21212,22457
1787583,21212
1787583,21212,22457
1787583,22457
1787583,21212
1787583,22457
1787583,22457
21212,22457
21212,22457
1787583,22457
21212,22457
1787583,21212
1787583,21212
1787583,22457
1787583,22457
21212,22457
1787583,22457
1787583,21212
1787583,21212
21212,22457
1787583,22457
1787583,22457
1787583,22457
1787583,21212
1787583,22457
1787583,21212
1787583,21212,22457
1787583,21212
1787583,22457
1787583,22457
1787583,21212
1787583,22457
1787583,21212
1787583,22457
21212,22457
1787583,22457
21212,22457
1787583,22457
21212,22457
1787583,22457
1787583,22457
1787583,21212
1787583,22457
1787583,21212
21212,22457
1787583,21212
1787583,21212,22457
1787583,22457
1787583,22457
1787583,21212,22457
1787583,22457
1787583,21212
1787583,21212,22457
1787583,21212
1787583,21212
1787583,22457
1787583,22457
1787583,21212,22457
1787583,22457
1787583,22457
1787583,22457
1787583,22457
1787583,21212,22457
21212,22457
1787583,22457
1787583,22457
1787583,21212,22457
1787583,22457
1787583,22457
1787583,22457
1787583,21212
21212,22457
1787583,21212
1787583,22457
1787583,21212
1787583,21212,22457
1787583,21212
1787583,21212
1787583,21212,22457
1787583,22457
1787583,21212
21212,22457
21212,22457
1787583,22457
1787583,21212
1787583,22457
1787583,21212,22457
1787583,22457
1787583,21212
1787583,22457
1787583,21212
21212,22457
1787583,22457
21212,22457
21212,22457
21212,22457
1787583,22457
1787583,21212
1787583,21212,22457
1787583,21212,22457
1787583,21212,22457
1787583,21212,22457
1787583,21212,22457
1787583,21212,22457
1787583,21212
1787583,21212,22457
1787583,21212
21212,22457
1787583,21212,22457
1787583,22457
1787583,22457
1787583,21212,22457
1787583,22457
1787583,21212
1787583,22457
1787583,22457
1787583,21212
1787583,21212
1787583,22457
1787583,21212,22457
1787583,21212
1787583,21212,22457
1787583,22457
1787583,22457
1787583,21212
1787583,21212
21212,22457
1787583,21212
1787583,21212
1787583,22457
1787583,21212
1787583,21212,22457
1787583,22457
1787583,21212,22457
21212,22457
1787583,21212
1787583,22457
1787583,21212
21212,22457
1787583,22457
1787583,22457
21212,22457
1787583,21212
21212,22457
1787583,22457
1787583,21212
21212,22457
21212,22457
1787583,21212,22457
1787583,21212
1787583,21212
1787583,21212
1787583,22457
1787583,22457
1787583,21212
1787583,22457
1787583,22457
21212,22457
1787583,21212,22457
21212,22457
1787583,22457
21212,22457
1787583,22457
1787583,22457
1787583,21212
1787583,22457
1787583,21212,22457
1787583,21212
1787583,22457
1787583,21212
1787583,21212,22457
1787583,22457
1787583,22457
1787583,21212,22457
1787583,22457
1787583,22457
21212,22457
1787583,22457
1787583,21212,22457
21212,22457
21212,22457
1787583,22457
1787583,21212,22457
1787583,22457
1787583,22457
1787583,22457
1787583,21212
1787583,22457
1787583,21212
1787583,21212,22457
1787583,22457
21212,22457
1787583,21212,22457
21212,22457
1787583,22457
1787583,22457
1787583,22457
1787583,21212
1787583,21212
1787583,22457
1787583,21212,22457
1787583,21212
21212,22457
1787583,21212,22457
1787583,21212
1787583,21212
1787583,22457
1787583,22457
1787583,21212,22457
1787583,22457
21212,22457
21212,22457
21212,22457
1787583,21212
1787583,21212,22457
1787583,21212
1787583,21212,22457
1787583,22457
1787583,21212
1787583,22457
1787583,22457
1787583,22457
21212,22457
21212,22457
1787583,22457
1787583,21212
21212,22457
21212,22457
1787583,22457
1787583,21212
1787583,21212
1787583,22457
1787583,21212,22457
1787583,22457
21212,22457
1787583,22457
1787583,21212
1787583,22457
21212,22457
1787583,21212
21212,22457
1787583,21212
1787583,21212
21212,22457
1787583,21212,22457
1787583,22457
1787583,21212
1787583,21212
1787583,22457
1787583,21212
1787583,22457
1787583,21212,22457
1787583,21212,22457
21212,22457
1787583,21212
1787583,22457
1787583,21212
1787583,21212
1787583,21212,22457
1787583,21212,22457
1787583,22457
1787583,21212,22457
1787583,22457
1787583,21212
1787583,22457
1787583,22457
1787583,21212
1787583,21212,22457
1787583,21212
1787583,22457
1787583,21212,22457
21212,22457
1787583,22457
21212,22457
1787583,22457
1787583,22457
1787583,21212,22457
1787583,22457
1787583,21212
1787583,21212
21212,22457
1787583,22457
1787583,22457
1787583,22457
1787583,21212
21212,22457
1787583,22457
1787583,22457
1787583,22457
1787583,22457
1787583,21212
1787583,22457
1787583,21212,22457
21212,22457
1787583,22457
1787583,22457
21212,22457
1787583,22457
21212,22457
1787583,21212
21212,22457
1787583,22457
1787583,22457
1787583,21212
21212,22457
1787583,21212
1787583,21212,22457
1787583,22457
1787583,22457
1787583,22457
21212,22457
1787583,21212
21212,22457
1787583,21212
1787583,21212
21212,22457
1787583,22457
1787583,21212
21212,22457
1787583,21212,22457
21212,22457
1787583,22457
1787583,21212
1787583,22457
1787583,21212,22457
1787583,22457
21212,22457
1787583,21212
1787583,22457
1787583,21212
1787583,22457
21212,22457
1787583,22457
1787583,21212
1787583,22457
21212,22457
1787583,22457
1787583,21212
1787583,21212,22457
21212,22457
1787583,21212
1787583,21212
1787583,22457
1787583,22457
1787583,21212
1787583,21212
1787583,21212,22457
1787583,21212
21212,22457
1787583,21212
1787583,22457
1787583,21212
1787583,22457
1787583,21212
1787583,21212,22457
1787583,21212
1787583,22457
1787583,22457
1787583,22457
1787583,21212
1787583,22457
21212,22457
1787583,21212
21212,22457
1787583,21212
1787583,21212
1787583,21212
1787583,21212,22457
1787583,21212
1787583,21212
21212,22457
1787583,21212
1787583,21212,22457
1787583,21212,22457
1787583,21212
21212,22457
1787583,21212
1787583,22457
1787583,21212,22457
1787583,22457
1787583,21212
1787583,22457
21212,22457
1787583,22457
1787583,22457
1787583,22457
1787583,21212
21212,22457
1787583,21212,22457
1787583,22457
1787583,22457
1787583,22457
1787583,21212
1787583,22457
1787583,21212
1787583,21212,22457
1787583,22457
21212,22457
1787583,21212
21212,22457
1787583,21212
1787583,22457
1787583,22457
1787583,22457
21212,22457
1787583,22457
1787583,21212
1787583,22457
1787583,21212
1787583,22457
21212,22457
1787583,21212,22457
21212,22457
1787583,21212
1787583,22457
1787583,21212
21212,22457
1787583,22457
1787583,22457
1787583,21212,22457
1787583,22457
1787583,21212,22457
1787583,22457
1787583,22457
1787583,21212
1787583,21212
1787583,22457
21212,22457
1787583,22457
1787583,21212,22457
1787583,22457
1787583,21212
1787583,22457
1787583,21212,22457
1787583,21212
1787583,21212
1787583,21212,22457
1787583,22457
1787583,22457
1787583,21212,22457
1787583,21212,22457
1787583,21212
1787583,22457
1787583,21212
1787583,21212
1787583,22457
1787583,22457
1787583,22457
1787583,21212
21212,22457
1787583,22457
1787583,22457
1787583,21212,22457
1787583,22457
1787583,21212
1787583,21212
1787583,21212,22457
1787583,21212,22457
1787583,22457
1787583,22457
1787583,22457
1787583,22457
1787583,21212,22457
1787583,21212,22457
1787583,22457
21212,22457
1787583,22457
1787583,21212,22457
21212,22457
1787583,22457
1787583,22457
1787583,21212
1787583,21212,22457
1787583,21212
21212,22457
21212,22457
1787583,21212,22457
1787583,22457
1787583,21212,22457
1787583,21212
21212,22457
1787583,21212
1787583,21212
1787583,21212,22457
1787583,21212,22457
1787583,21212
1787583,21212,22457
1787583,22457
1787583,22457
1787583,22457
1787583,22457
1787583,21212,22457
1787583,21212
1787583,21212,22457
1787583,22457
1787583,22457
1787583,22457
1787583,22457
1787583,21212
1787583,21212,22457
1787583,22457
1787583,21212
1787583,21212,22457
21212,22457
1787583,22457
1787583,21212,22457
1787583,22457
1787583,21212
1787583,21212,22457
1787583,21212
21212,22457
1787583,21212,22457
1787583,21212,22457
1787583,21212,22457
21212,22457
21212,22457
1787583,21212
1787583,22457
1787583,21212
1787583,21212
1787583,21212,22457
1787583,21212,22457
1787583,21212,22457
1787583,21212,22457
21212,1784937,460551,470106,1787079,435225
463806,470631
22457,471849
1786029,482160
1787583,1787079,466137,482160
1782459,21212
1787583,1786029,435225,470022
1786029,21212,471849,470043,435267,466137,435288
1782459,21212,1784937
460551,1787079,466137
1786029,470043,435267,466137,470022,463806,435225,435288
1786029,463806,21212,471849
21212,482160,1782459,466137,470106,463806,1787079
470883,470631
1782459,1787583,470883
1787583,471849,1776516,466137
460551,1787079,1784937
1787079,470631
1786029,470883,470631,482160
470883,470631
21212,466137
463806,471849,22457
1787583,470043,435267,470022,460551,470106,1787079,470631
1786029,21212,1787583,22457,471849,470883,482160,470043,466137,463806,1787079,435225
1787583,1787079
435267,1787583,1787079
1784937,482160
1787583,22457
470631,1787583,21212,1786029,471849,470883,1776516,1782459,435267,460551,466137,470106,998886,463806,1787079,435225,435288
463806,466137
1787583,470631
1787583,470631
1787583,22457,470883,1782459,470106,1787079
1787583,470631
1787583,470631
1786029,21212
1787583,470631
1787583,470631
460551,470106,1787079
463806,482160
435267,22457
21212,466137,482160
998886,471849
1787079,1784937
463806,470883
1782459,470883
1787583,470631
1787583,470631
22457,470022
1786029,21212,470883,1784937,463806
1782459,1786029,22457
460551,463806,21212,471849
1782459,1787583,21212
1787583,470631
1787583,470631
470043,435267,466137
463806,466137
21212,435267,470022,463806,435225
471849,466137
1782459,470883
1787583,463806
1782459,435288
460551,470106,1787079
1782459,470883
1786029,463806
1787583,1786029
1782459,471849
435267,435225,1784937
471849,470883,435288,470022
470883,482160
1786029,1787583
1787583,463806
22457,471849,470883,466137,998886,470106,1787079,435225
1787583,482160,470043,435267,470022,435225
998886,1787079,435225
22457,471849,1776516,482160,470043,466137,998886,470106,1787079,435225
1786029,1787079,482160
1787583,21212,22457,1786029,471849,470883,482160,1782459,435267,460551,466137,470022,998886,463806,1787079,435225
460551,470106,1787079,1784937
1782459,463806,471849
470043,435267,435225,435288
1784937,471849,470631
1782459,1786029,21212,463806
21212,470883
998886,470883
471849,22457
463806,470883
1787583,1787079,470631
470631,1787583,1786029,21212,471849,470883,1784937,435267,460551,463806,1787079,435288
1786029,463806,470631
470043,435288
470043,435288,470022
21212,1787079
466137,1784937
1782459,1786029
463806,470883
471849,470883
1787583,471849
463806,470043,435225
470043,470022
1787583,471849
1787583,471849,435288
1782459,1787583
22457,1784937,470043,466137,470022,463806,1787079
470883,1784937,998886,435225,435288
1787079,470022
1787583,21212,22457,463806,460551,470106,1787079,1776516
998886,463806
1782459,1786029,463806
1786029,21212,22457,470883,1784937,463806,470043,470022,460551,470106,1787079,435225,435288
22457,471849,1782459,470043,435267,1787079,435225,435288
1787583,463806
998886,471849
1787583,471849,998886,466137,460551,463806,1787079,1776516
463806,1787079
1782459,998886,21212
21212,466137
1786029,470883,482160
1786029,1787079
1782459,471849
1782459,1787583,1776516,435288
470043,22457,435225,471849
470106,1787079,466137,482160
998886,466137
463806,21212,470883
463806,435267,470883,435288
1787583,463806
1786029,463806
470043,21212,1787079
1786029,1787583,22457,21212,471849,470883,1776516,482160,1782459,470043,435267,466137,470022,463806,1787079,435225,470631
1787079,471849
1782459,1787583
470631,1786029,21212,22457,1787583,471849,470883,1784937,482160,435267,466137,470022,470106,460551,463806,1787079,435225,435288
470631,460551,435288
1784937,466137,470022,460551,1787079,470631
466137,482160
1787583,471849,470883,22457
1787583,463806
463806,470631
1782459,482160
22457,1776516
435267,470022,1787079,435225,435288
460551,470106,1787079,470883
460551,1787079,470631
460551,470106,1787079
1786029,470043,466137
21212,463806,1784937
1787583,22457,471849,470043,435267,470022,435225,435288
463806,466137
463806,22457,470883,466137
471849,470043,435267,470022,460551,1787079,435225,435288
1782459,1787583
1787583,463806
1782459,1786029,470883
460551,1787079
1787583,463806,470883
463806,1784937
998886,482160
1782459,1786029,470883
1782459,463806
1787583,21212,22457,1786029,471849,470883,1784937,1776516,998886,482160,466137,470022,460551,463806,435225,435288
463806,470883
1782459,1787583
435288,435267,1784937
1782459,1786029
470043,435267,470022
1786029,471849
470043,435225,470022
1787583,463806,22457,471849
466137,482160
435267,470631,1787079
1787583,1787079,470883,466137
1782459,1787583,21212
1787583,470883
1787583,463806,471849
1787583,470106,1787079
22457,470883,1784937,1782459,463806
1787583,471849
460551,463806,1787079,470631
21212,470883
1786029,463806
1782459,21212
1786029,21212,22457,1787583,471849,470883,1784937,998886,482160,1776516,435267,466137,460551,463806,1787079,435225
470631,1786029,21212,1787583,470883,1784937,435267,460551,463806,1787079,435288
22457,471849,998886,470106,1787079,435225
22457,470043,466137,435225,998886,1787079,1776516
22457,471849,1776516,470043,466137,470106,1787079,435225
471849,466137,435225,470106,1787079,1776516
21212,470883,482160,470043,463806
1787079,466137
1787583,1787079,482160
435267,1787079,470631
1787583,21212,22457,1786029,471849,470883,463806,998886,482160,470043,435267,466137,460551,470106,1787079,435225
1787583,21212
435288,21212,435225,1784937
1782459,998886,471849
21212,1776516,470883
998886,463806,1786029
1787079,470883,470631
1787583,1787079
463806,1787079,482160
1787583,471849,482160,1782459,470106,1776516
463806,21212
1787583,22457,471849,482160,435267,470022,470106,435225,470631
21212,1782459,470043,463806,1787079
470043,435267,470022,460551,470106,1787079,435225,470631
471849,470883
22457,470883
21212,466137
466137,1784937
1786029,1787583,22457,21212,471849,470883,463806,1784937,482160,1782459,460551,466137,998886,470106,1787079,435225,470631
471849,466137
1782459,1787583
1786029,21212,470883,463806,1787079
435267,463806,471849,470883
1786029,1787583
470106,1787079,470883
1782459,1787583
463806,482160
470043,435267,470022,435225,435288
1782459,466137,22457,1784937
1782459,1787079,435225,482160
21212,466137
1786029,470883
1782459,435267,470022,463806,435225
471849,470883
1787583,470883,1784937,435267,470022,435225
21212,470883,466137
21212,22457
998886,1787583
1787583,21212,1786029,471849,482160,435288,1787079,470631
470106,1787079
1787583,463806,1776516
1787583,471849
463806,471849
1786029,21212,1787583,22457,471849,470883,1784937,1776516,463806,470043,466137,470022,998886,470106,1787079,435225,470631
21212,463806,1784937
21212,466137
1782459,463806
1782459,1787583,463806,998886
470043,466137,470022,470106,435225
1787583,471849,998886
460551,463806,1787079,466137
1787583,471849,470883
22457,471849,470883,482160,470043,466137,998886,435225
22457,471849,470883,1776516,470043,466137,998886,470106,1787079,435225
471849,470883,466137,435225,998886,470106,1787079,1776516
998886,470106,1787079,466137
1787583,1786029,466137
435267,463806,470043,435288
1786029,463806,21212
1782459,463806,466137
21212,470883
1787583,21212,1786029,22457,471849,470883,463806,1776516,482160,1782459,470043,466137,470022,460551,470106,1787079,435225,435288
1787583,471849
463806,466137,482160
1787583,471849
21212,470883
1782459,435225
1786029,1787583,22457
1786029,463806
470043,435288,470022
1776516,466137
1786029,463806,471849
21212,22457
463806,470883
1787583,471849
470883,470631,435225
1782459,1787583,435225
463806,470883
21212,435267
470631,470043,460551,1787079,435225,435288
1787583,463806
463806,482160
1786029,21212,22457,1787583,471849,470883,998886,482160,1776516,435267,466137,460551,463806,1787079,435225,435288
435267,1787583,1787079,435225
470631,1787583,21212,1786029,470883,1784937,435267,460551,463806,1787079,435288
21212,1787079,1776516
21212,1787079,482160
463806,1787079,466137,22457
471849,1784937
435267,435225
1786029,466137,1784937
1787583,435267,466137,482160
1787583,471849,482160,470043,435267,466137,470022,460551,470106,1787079,435225,435288
1786029,1787583,471849,1784937,482160
1787583,463806
435225,435288
1786029,463806,21212
463806,22457
463806,1784937
1787583,1787079,471849
1787583,466137
460551,1787079,470631,471849
435267,460551,470043,1787583
471849,22457
1786029,1787583,471849,470883,466137,1787079
470106,463806
1782459,463806,1787079,470883
1787583,463806
21212,466137
1787583,1786029,471849,998886,1782459,460551,463806
460551,470106
1786029,21212,1787583,22457,471849,470883,1784937,998886,482160,1782459,435267,466137,470022,460551,463806,1787079,435225,470631
1787583,22457,998886,471849
1787583,470883
1787583,466137
1787583,21212,22457,1786029,471849,470883,1784937,482160,1782459,435267,466137,463806,1787079,1776516,470631
463806,1787079,470631
1782459,22457
470631,22457,435288,470022
1787583,463806
470106,1787079,22457
21212,22457
1786029,1787583
1787583,21212,22457,471849,466137,470631
471849,470883
463806,482160
1782459,1786029
1786029,1784937,470043,470022,460551,435225
1787583,21212,1786029,470883,470022,460551,463806
1782459,1786029
1782459,1784937
463806,470883,470631
1787079,471849
435267,435225
1787583,463806,471849
1787583,1787079,471849
477120,1787079,470631
463806,471849
1787583,22457
1786029,1784937
1787583,463806,471849
1784937,482160
21212,435267,466137,463806,435225
477120,482160
1787583,21212,1784937,477120,460551,1787079,470631
1787583,1787079,471849
1787079,466137
435288,470043,435267,470022,460551,470106,1787079,435225,470631
1782459,998886,1787583
477120,482160
1782459,1787583
470043,435288
1782459,466137,1784937
435267,435225,466137
1784937,466137
1787583,22457,1784937,460551,1787079,470631
1787583,21212
1787583,477120
477120,482160
477120,470883
1787079,470631
466137,482160
470631,1786029,1787583,21212,470883,1784937,435267,460551,463806,1787079,435288
470043,466137
1787079,482160
22457,1776516,466137,998886,1787079,435225
1782459,21212,1787079,470631
435267,470883,470022
1782459,22457,470883
460551,470043,1787583,435288
471849,470883,466137,1787079
1787583,470883,470043,435267,470022,435288
21212,435267,435225,470022
1787583,21212,435288,466137,463806,470631
1782459,463806,1784937,482160
1782459,1787583,22457,466137
463806,470883
460551,470883
477120,22457
1787583,477120
1787583,471849,470043,470022,1787079
1787583,471849,482160
1787583,471849,22457
1787583,463806,435267,435225
470883,482160
471849,1782459,477120,470043,470022,435225
460551,1787079
470043,435225,435288,470022
21212,471849,470043,477120,466137
1786029,463806,21212
470043,470106,1787079,435225,470631
1786029,477120,471849
477120,21212
463806,1787079
1787079,482160
1787583,470043,463806,435225,435288
460551,1787583,1784937,22457
1786029,435225,435288
1782459,1787583
1787583,463806
1786029,435225
477120,470022,482160
1782459,1787583
1787583,470883
470106,1787079
460551,470106,435288,470022
1787583,22457,470883,482160,1782459
1786029,477120,471849,463806
460551,470106,1787079,470631
1787583,477120
1787583,1787079,470631
1782459,460551,466137
477120,470022
470106,1787079
477120,22457
1787583,22457
1787583,1787079,470631
460551,470043,435267
460551,463806,1787079
1787583,477120
1782459,477120
477120,482160
477120,482160
21212,477120
470106,1787079
1787583,482160
477120,482160
470883,482160
1787079,435225
470883,482160
470106,1787079,470631
1786029,21212,22457,1787583,471849,470883,482160,1782459,466137,470022,998886,463806,1787079,470631
1787583,21212,22457,471849,470883,1784937,482160,1782459,470043,466137,435225,460551,463806,1787079,1776516,470631
1786029,21212,22457,1787583,471849,470883,998886,482160,477120,435267,470043,466137,470106,460551,463806,1787079,1776516
1782459,1787583
477120,471849,470883
1786029,470883
1787583,463806
1787583,21212,22457,1786029,471849,470883,1784937,482160,1782459,477120,466137,470022,998886,463806,1787079,435225,470631
1787583,22457,471849,470883,1784937,463806,477120,435267,466137,470022,435225,460551,470106,1787079,1776516
470106,1787079,1784937
1782459,1787583
1786029,1787583
1786029,470883
1784937,470043,466137,470022,435225
998886,1787583
1787583,1786029,470631
477120,1784937
460551,477120,482160
1786029,22457,471849,470883,998886,482160,477120,466137,460551,463806,1787079
435267,471849
460551,1787079,435225
1786029,477120
477120,470883
1787583,470883,466137
1787583,1787079
1787583,477120,471849
998886,21212,22457,470883
1787583,21212,22457,471849,470883,482160,477120,466137,463806,1787079,435225,435288
21212,1784937,466137
477120,470883
471849,470883,1787079
1786029,21212,22457,470883,482160,477120,466137,460551,463806,1787079,435225
1786029,1787079,470883
22457,470883
471849,435225,470022
1787583,21212,482160,477120,463806,435288
463806,22457
1786029,1787583,22457,21212,471849,470883,477120,998886,435225
1782459,22457
1787583,21212,470883,482160,477120,466137,1787079
1786029,463806
1787583,471849,470631
21212,470043,1784937,470022
470106,998886,470043,466137
22457,482160,470043,466137,998886,1776516
1787079,1776516,466137
471849,470043,466137,998886,470106
22457,471849,482160,470043,466137,470106,1787079
470043,470106,1787079,22457
998886,470106,22457
998886,471849,1776516
998886,482160
471849,482160
998886,470043
470631,1786029,1787583,21212,470883,1784937,435267,460551,463806,1787079,435288
477120,470883
1786029,470883,998886
477120,482160
1787583,477120
1786029,22457,470883
1787583,471849,435225,435288
1787583,477120,998886
1787583,1787079
1787583,1786029
21212,482160
477120,1787079
21212,470883,435288,460551,1787079,470631
1782459,21212,470883,477120
1786029,22457,471849,470883,482160,470043,435267,477120,466137,435225,463806,1787079,1776516
1787079,470631
1787583,22457,466137
1787583,470106,1787079
477120,22457
1786029,1787583,470883
21212,482160,1782459,477120,435225
1786029,998886
470631,477120,1787079,1784937
22457,470883,471849
21212,470883,1784937,470022,998886,470106,1787079,470631
1786029,1787583,22457,471849,482160,477120,998886,463806,1776516,435288
1782459,471849
1787583,1784937
1782459,460551,1787583,471849
1782459,477120,22457
471849,22457
470883,466137
1787583,21212,471849,470043,435267,470022
1787079,435225,470883
1782459,1787583,477120
1782459,1787583,482160
460551,21212,1787079,1784937
1787583,998886
1786029,22457,470883,463806,1787079,1776516
1787079,1784937
1787583,471849
470043,1787079,471849
1787583,471849
1784937,477120,470022,460551,470106,1787079,435225
471849,482160
1782459,470883
1787583,471849
1786029,1776516
1782459,1787583
1787583,22457,471849,1782459,477120,470043,466137,470022,435288
1787079,470631
1786029,22457,1787079,1776516,470631
998886,1787583,22457
1787583,477120,482160
22457,471849
477120,482160
1787583,22457,1782459,466137,1787079,435225,435288
435225,466137
1784937,435267,466137,998886,470106,1787079,435225,435288
1784937,435267,466137,998886,470106,1787079,435225,435288
1787583,1787079,435225
1787583,21212,22457,1782459,435267,470022,460551,470106,1787079,435225,435288
1787583,477120,470883
477120,470883
1787583,21212,470883,1782459,470043,460551,1787079
21212,22457,470043,435267,477120,460551,470106,1787079
21212,435225
1786029,470883,477120,466137,435225,463806,1787079,1776516
22457,1784937,482160,435288,477120,435267,470043,466137,460551,1787079,470631
1786029,470883,1784937,435288,435267,470022,460551,463806,1787079,470631
470883,435288,460551,1787079,470631
470043,466137,470022,435225,435288
435267,1787079,1784937
1787583,477120,470883
1787583,22457
1787583,21212,470883,1784937,482160,477120,435267,470043,470022,998886,435225,435288
21212,22457,435225,477120
1782459,466137,470022
435267,435225,435288,470022
477120,482160
470106,1787079,1784937
477120,471849
22457,471849,470883,1784937,477120,998886,470106
21212,470883
1784937,435267,466137,998886,470106,1787079,435225,435288
1786029,1776516,470631,435225
477120,482160
460551,470106,1787079
21212,1784937,1776516,435267,435225
1787583,470883
1787583,22457,471849
1786029,463806,435267,998886,470106,1787079,1776516
1787583,470883,435267,466137,470022,998886,435225,435288
21212,471849,1784937
470043,470022
470106,1787079
460551,477120
998886,1787583,471849
1787583,471849
477120,482160
477120,1787079,470631
470883,482160
1782459,477120
1787583,22457,471849
470043,435225
460551,477120,1787079,470631
470043,435267
1786029,1787583,477120,22457
1787583,470043,460551,1787079,470631
470043,460551,470106,1787079,470631
1787583,470106,1787079,470631
1787583,471849
460551,470106,1787079,471849
1782459,1787583,21212,470883
1786029,471849
471849,470043,477120,466137,470022,435225
477120,22457,482160
998886,477120,470883,482160
1786029,21212,22457,482160,1782459,477120,435267,470043,466137,1787079,1776516
1787583,470106,22457,471849
460551,477120
470043,435225,435288
470883,460551,470022,998886,470106,1787079,470631
1786029,471849
1782459,470883
1786029,1787079,470883,998886
1787079,435225,435288
1786029,21212,22457,471849,477120,1776516
1787583,22457,471849,1782459,477120,466137
1782459,470883
477120,470883,470631
477120,21212,1784937,482160
460551,1784937
1786029,21212,471849,466137,463806,1787079,1776516
1782459,1786029
1787583,471849
1784937,470043,435267,470022,435288
1782459,1787583
1782459,1787583
470106,470043,435288,482160
477120,22457
1782459,1786029,21212,470883
1786029,477120,482160
1787583,471849,998886,470022
435225,470022
1786029,22457,482160,1782459,477120,466137,435225,1787079,1776516,470631
1782459,471849
1787079,470883,435288
1786029,21212,470883,435288,435267,470022,460551,1787079,470631
1787583,22457,471849,477120,998886
470043,435225,470022
435267,482160
1787583,22457,470883,482160,1782459
1782459,477120
470631,1787583,1786029,22457,21212,471849,463806,466137,460551,470106,1787079,1776516,435288
477120,21212,470883,482160
1787583,470883,1784937,482160,477120,470022,435288
477120,470883
998886,477120,470883
1787583,21212,22457,471849,1784937,435267
1787583,998886
21212,1784937,435267,1787079,435225,435288
477120,466137
1786029,21212,1787583,470883,1784937,435267,466137,470106,460551,463806,1787079,1776516
1787583,477120,471849
1787583,22457,482160,1782459,477120
1787583,477120,22457
1786029,22457,998886
21212,470883
21212,435225,435288,470883
1787583,1786029,21212,22457,1784937,998886,1782459,470043,466137,435225,460551,1787079,1776516,435288
470106,1787079
470043,435225
471849,470022,460551,1787079,470631
22457,1787079
1782459,998886,22457,470883
21212,1784937,470043,435267,466137,470022
1782459,1786029
998886,1784937
482160,470043,470022,1787079,435288
435288,470106,1784937
22457,470022,471849
21212,435225,435288,477120
1786029,1787583,471849,1776516,998886,482160,477120,466137,470022,460551,1787079,435225,470631
470106,1787079
1787079,435225
470043,22457
998886,470106,1787079
471849,466137,998886,470106,1787079
470106,1787079,466137,482160
470106,470043,466137,1787079
998886,470106,1787079,22457
1787583,21212,1784937,460551,470106,1787079,470631
460551,1787079,435225,1784937
21212,1787079,435225,470022
1782459,470883
1784937,466137,460551,470106,1787079,470631
1787583,22457
21212,1784937,482160,460551,435225
22457,470883,1784937,1782459,477120
1787583,22457,471849,470043,435267,470022,460551,470106,1787079,435225,435288
21212,435267
1786029,21212,22457,471849,435267,466137,435225,460551,1787079,1776516,470631
1786029,470883,482160,470043,477120,435225,435288
470631,470883,435267,470022,460551,435288
1787583,21212,1784937
435225,466137
21212,471849
1782459,1787583
1787079,482160
22457,470043,470022,460551,470106,1787079,435225,435288
1786029,1787079,470883,471849
435267,435225,470883
477120,471849
435267,1787583,471849,435225
21212,477120,482160
470106,22457,477120
471849,470043,435267,470022,460551,1787079
470631,466137
1782459,1787583,477120,22457
998886,477120,482160
477120,482160
1782459,998886,1784937
1787079,466137
998886,477120,1787583,22457
477120,470883
460551,470106,1787079,471849
1787583,471849
1784937,1787079,435225,470631
1787583,471849
1787583,470883
470043,21212,435267,470106
22457,466137
998886,1784937
998886,477120
1787583,22457,471849
477120,482160
1786029,21212,471849,1784937,1776516,435267,466137,470022,1787079,435225,470631
1786029,21212,22457,471849,482160,470043,435267,466137,998886,463806,1787079,1776516
1786029,1787583,470883,1784937,463806,482160,470043,477120,435267,466137,470022,998886,470106,1787079,1776516,470631
1787583,1786029,22457,471849,482160,1782459,470043,435267,460551,466137,470022,435225,998886,1787079,1776516
1787583,1787079,471849
21212,470883
1787583,471849
22457,471849,435267,470022,998886,1787079
470631,470883,435267,460551,435288
470106,470043,1787079
470106,1787079,22457
1786029,470883,482160,466137,460551,1787079,1776516,470631
1787583,470106,1787079,435225,470631
1782459,470043,1787079,471849
482160,470043,998886,470106,1787079
1787583,477120,471849
1787583,22457,470883
998886,477120
1786029,21212,22457,471849,482160,477120,460551,470043,466137,998886,470106,1776516
470631,1786029,21212,1787079,435288
435267,1787079,435288
998886,482160
470043,1787079,435225,470631
1787583,470106,1787079
1786029,1787583,21212,435267,1787079
1787079,435225,1784937
998886,471849,466137,1787079
1782459,1787583,21212,22457
435267,471849,435225
1786029,21212,22457,471849,482160,477120,435267,466137,470106,1776516,470631
1787583,21212,471849
1786029,470883
470043,470022
1787583,482160
21212,470043,466137,470022,1787079,435225,470631
998886,22457,471849
1787583,471849,1784937,22457
477120,482160
1787583,470883,470043,435267,470022,435288
1787583,470883,482160
22457,470043,477120,435267,470022,435225
477120,470022
1786029,470883,470043,470022,998886,470106,1787079,1776516,435288
1787583,1786029,22457,21212,471849,470883,477120,466137,435225,460551,470106,1787079,1776516
470631,470043,435267,460551,1787079,435225,435288
21212,1784937,482160,470043,477120,470022,1787079
1786029,477120
470883,466137
477120,471849
1787583,477120,471849
470883,482160,477120,470043,460551
1784937,470022,460551,470106,470631
477120,471849,466137,482160
470631,482160
470631,466137,1784937
470631,1786029,21212,1787583,470883,1784937,435267,470022,460551,435288
998886,470043,460551,470106,1787079
21212,1784937,460551,998886,470106,1787079
1787583,470883
1787583,22457,471849,460551,1787079
1786029,21212,22457,471849,482160,477120,466137,470106,1787079,1776516,470631
1786029,21212,22457,470883,482160,477120,998886,1787079,1776516
998886,470106,1787583,1787079
1782459,477120
1786029,471849,482160
1782459,1787583,477120,435288
1786029,477120,998886
22457,471849,482160,460551,1787079
477120,471849,482160
477120,21212,471849
435267,21212,471849,435288
1787583,21212,470883
471849,470883
471849,1784937,460551,470106,1787079,435288
1787583,22457,471849
1787583,477120,482160
435267,435225,1787079
1787079,471849
470631,471849,466137,470022,998886,1787079,435225,435288
1787583,21212,470883,482160,477120,460551,1787079,1776516,470631
21212,470883,482160,477120,470022,1787079,435288
21212,477120
1782459,470883
471849,482160,477120,998886,1787079
471849,470043,466137,460551,1787079,435225
470106,1787079
21212,435267,435225
460551,477120,1787079
22457,471849
477120,471849,470883
1782459,477120,470883
998886,470883
1782459,471849
477120,435267,1784937
477120,466137
1787583,22457,470883,466137,998886
21212,471849,482160
435225,1784937,470022
470883,460551,470106,1787079,470631
1787583,477120
1787583,22457
1787079,1784937
460551,470043,471849
998886,471849,22457
477120,1784937,482160
1787583,22457,471849,470043,470106,1787079,435225
1787583,471849,22457
22457,471849,470043,435267,466137,460551,470106,1787079,435225,435288
21212,471849,470022,998886,435225
460551,470106,1787079,470631
1787079,1784937
470106,1787079,435225
998886,1787079,470631
470043,435225,482160
435225,435288
1784937,482160,477120,470106,1787079,470631
1784937,435267,998886,470106,435288
1782459,21212,470883
435267,460551,1787079,435225
1787079,466137
1787583,21212,482160,466137,1787079
471849,470883,482160
1787583,22457,470883,471849
1787583,21212,22457,482160,477120,470022,435225,470631
470631,21212,470883,998886,435267,470022,460551,435288
21212,22457,1787079,435225,470631
21212,477120,471849,470883
1787583,1786029,21212,470106,1787079,435225
21212,22457,460551,470106,1787079,470631
471849,470883
22457,470883
471849,466137
470106,1787079
470106,1787079
470043,435267,435288
470043,435267,435225,470022
1786029,470883
470883,482160,470043,435267,435225,435288
477120,435267,470883,22457
1787583,1784937
477120,21212
471849,22457
1782459,1787583,477120,482160
470043,435225,470022
1786029,477120,22457
1787583,471849
1782459,471849,1776516,1784937
1787583,471849
21212,22457,1784937,470043,466137,470106,1787079,435225
1787583,21212,22457,471849,482160,477120,435267,460551,1787079,435225,470631
1787583,477120
1787583,22457
1786029,21212,470883
477120,471849,482160
460551,470043,1787583,435225
470106,1787079,477120,482160
998886,477120,470883,482160
1782459,1787583,22457
466137,435288,482160
998886,477120,470883,482160
1787079,470883
21212,22457,470883,482160,470043,477120,466137,460551,1787079,435225,470631
1786029,470106,466137
470043,435267,470022,460551,435288
1782459,1787583,477120,482160
460551,470106,1787079
1787583,22457,471849
470106,1787079,470022
470883,482160
477120,470883
21212,22457,477120
1787583,470883,466137
435225,470022
1787583,22457,470883
1786029,22457,482160
435288,470022
21212,1784937,470022,470106,435225,435288
21212,470883
22457,482160
1786029,470883
470043,470022,460551,470106,435288
1787583,466137,482160
471849,1782459,470043,435267,435225,435288
435288,470043,470022,470106,470631
22457,471849,470883,1784937,1782459,477120,470022
1782459,1787583
21212,470883,435288,435267,460551,470022,998886,470631
1787583,470043,22457,435225
1787583,21212,1784937,1782459,477120,460551,1787079
477120,22457,470883,482160
1784937,466137
1787583,477120,466137
1782459,1787583,470883,482160
477120,482160
1787583,471849
1787583,471849,22457
1787583,470106,435267,1776516
471849,1784937,1787079
477120,21212,482160
1787583,471849
998886,22457
1782459,435267,1784937,471849
1787583,22457,471849,482160,477120
477120,22457,470883,471849
998886,21212,470883
1787583,471849,466137,435225,1776516
1787583,21212,22457,470106,1787079,435225
1787583,21212,471849,470106,1787079,435225
21212,435225
1782459,435225
21212,470883,1784937,470022,998886,435288
1782459,477120
477120,470883
477120,1784937
477120,22457,482160
1782459,477120,470883
471849,1776516
998886,21212
21212,482160,435267,466137,470022,1787079,435225
22457,471849,470883,998886,470043,435267,460551,1787079
21212,998886,470043,470022,460551,1787079,435225,435288
21212,435267,482160
1786029,477120,1787583,998886
21212,477120
460551,470043,1787079,470022
1782459,998886,471849
1782459,1787583,471849
1787583,471849,1782459,466137,1776516
460551,1787079,466137
470043,435225,435288
470631,1787079,466137
1787583,1787079,435225,470022
1782459,470883
21212,470883
1787583,1787079,998886,460551
1787583,1782459,470043,998886,1787079
1787583,460551,1787079
1786029,471849,477120,470022,998886,1787079,470631
22457,1787079,482160
1782459,477120
1787583,22457
21212,1784937,470043,435267,466137,1787079
21212,471849,1784937,435267,435225
21212,470022
1787079,435225,1776516
435288,470022
1787079,435225
21212,22457,471849,470883,1784937
460551,1787079,435288
998886,21212,477120
1776516,1784937
1787583,482160
22457,470883,482160,1782459,477120
1787583,22457,471849,998886,477120,460551,1787079
477120,482160
470043,470883
1787583,21212,22457,471849,470883,470043,435267,470022,998886,470106,1787079
1787583,477120,22457
1787583,435267,470883,1787079
435288,470043,460551,470106,1787079,435225,470631
470883,435225
1787583,477120
470106,1787079,471849,22457
1782459,1787583,21212,22457
477120,482160
1776516,470883
477120,22457
1787583,470883
998886,471849
470043,470106,1787079,470631
998886,1787079,435225
471849,470043,466137,470106,1787079,435225,470631
1782459,471849
1787583,1784937
470043,435267,1784937
477120,470883,482160
1787583,471849,22457
1787583,470883,482160,466137,998886,1787079
1787079,435225
470106,1787583,477120,471849
470106,470631
1787583,471849,470883
1787583,471849,22457
1787583,1787079
1787583,471849
1787583,21212,471849,470883,1784937,435267,435225,1776516
998886,470106,471849
477120,470883
22457,470043,460551,998886,470106,435288
1786029,477120,435267,470043,435225
1787583,21212,22457,471849,482160,477120,1787079,470631
21212,1787079,470883
1782459,1787583
1787583,21212,22457,1782459,470043,470022,460551,470106,1787079,435225,470631
477120,482160
1787583,477120,471849
21212,471849,482160,22457
470631,1787583,470043,435267,470022,460551,1787079,435225,435288
22457,471849
470106,1787079,470022
21212,477120
1787583,471849
1787583,435225
466137,998886,1787079,435225,470631
471849,470043,466137,470106,1787079,435225,470631
477120,435225,482160
1786029,1787583,1784937
1786029,21212,470883,1784937,477120,470043,466137,460551,1787079,435225,470631
1787583,477120,482160
1786029,21212,482160,477120,470022,435225
998886,477120,470883
470043,435267,470022,435225,435288
470043,998886,1787079,435225,470631
998886,1787079,435225,470631
998886,470883
21212,1784937,435267,470022,998886,435288
470106,1787079
998886,21212,482160
1787583,21212,470883,470043,477120,460551,1787079,470631
22457,471849
1787583,470631
1782459,477120,460551,470106,1787079
470883,482160,477120,998886,1787079
470106,1787079
1787583,22457,471849,1782459,998886
998886,22457,470883
477120,482160
998886,477120,470022
1782459,1787583
1786029,1787583,21212,998886,460551,1787079,1776516
1784937,435225,435288,470022
470106,466137
1787583,21212,22457,471849,470883,482160,477120
1786029,470883
1787583,470883
22457,471849
998886,477120,482160
1787583,21212,22457,471849,477120,998886
1787583,1786029,470106,1787079,435225,470631
460551,470631,998886,482160
1787583,471849,22457
460551,470106,1787079
460551,470106,1787079,435225
1786029,471849
1787583,22457,471849,435267,1787079,435225
460551,470631
1787583,1787079,470631
1786029,471849,470883,998886,1782459,477120,460551,1787079
1787583,22457
470631,482160,470043,460551,435288
21212,470883,1784937,435267,470022,998886,435288
470106,1787079,435225,470631
466137,460551,470106,1787079,435225,470631
435267,435225,435288,470022
460551,1787079,470631
1787079,466137
1787583,21212,470883,482160,477120,466137,460551,470106,1787079,1776516
998886,477120,435225
1787583,471849,1784937,470022,460551,470106,1787079,435225,470631
471849,470883
21212,1787079
477120,470883
1782459,477120,435225,482160
21212,460551,470106,435225,470631
998886,435225
1784937,470043,470022,435225,435288
1787583,471849
22457,471849,470043,435267,1787079,435225
460551,466137,998886,470106,1787079,435225,470631
460551,466137,998886,1787079,435225,470631
21212,1787079
471849,1776516
470106,21212,1787079,470631
22457,477120,470043,998886,435288
435225,470022
1787583,470883
1787583,21212,22457,471849,470883,482160,477120,470043,435267,466137,998886,1787079,435225,435288
1787583,470883,435288,477120,435267,470043,466137,460551,470106,1787079,435225,470631
470883,482160
1782459,470883
471849,470883
470883,1782459,466137,470022,998886
1787583,470883
998886,466137,460551,470106,1787079,470631
1782459,22457
1787583,21212,470883,477120
435267,470022
470106,470043,435225,435288
1787583,22457
435288,1784937,470022
1776516,470883
21212,1784937,435267,460551,435225,470631
471849,470883,1784937,470043,477120,435225
477120,470883
21212,470883,1784937,435267,998886,435288
460551,1784937
22457,471849,1784937,482160,470043,466137,460551
1787583,22457
477120,1784937
460551,1784937
998886,477120,1787079
1782459,470106,1787079
470043,435267
1787583,1776516,466137
470106,1787079
477120,471849,435225,1787079
1787583,482160,477120,466137,435225
1787583,471849,1784937,1782459,998886
998886,477120
471849,22457
21212,471849,477120,998886,1787079,435225
477120,22457,471849
1786029,477120,22457,482160
21212,470883
1786029,470883
21212,482160,477120,998886,1787079
1787583,21212,471849,470883,477120,460551
470883,470043,477120,435267,470022,1787079,435225,435288
470106,1787079
1782459,477120
477120,482160
460551,1787583
21212,1782459,998886,435225,470631
470043,435288
1782459,470043
1787583,471849,470883,482160,477120,466137,435225
471849,1776516,466137
470106,1787079,470631
470043,435267,470022,435225,435288
1782459,1786029
1782459,470883
22457,477120,435267,435225,470631
21212,482160,1782459,470043,435267,470022,435225,470631
460551,466137,470022
471849,470883
1786029,21212,460551,1787079,435225,470631
470883,482160
21212,470883,1784937,482160,470022
1787079,482160,22457
482160,435267,460551,470106,1787079,435225,470631
1786029,998886
477120,21212,471849,482160
1786029,477120
477120,470883
477120,460551,1787079,435225,435288
1782459,1787583
21212,1787079
460551,1787079
1782459,1787079
1782459,470043,466137
470106,1784937
477120,470883,482160
477120,482160
1786029,477120,460551,1787079,470631
471849,466137
22457,466137,471849
477120,471849,482160
21212,1784937,470043,470022,435225,435288
998886,477120,470883,482160
1782459,1786029,470883
1782459,1787583,435225,466137
22457,471849,477120,470106,1787079
1787583,22457,471849
998886,22457
471849,1787079
1782459,22457
1787583,471849,470043,435267,470022,998886
1782459,22457
1782459,1787583,22457
1787079,435225,435288
1782459,22457,471849
1787583,477120
1782459,1787583,470883
1782459,1787583
1787583,471849,998886,1782459,477120,466137,460551,435225
998886,22457,471849
477120,1787079,482160
21212,471849,1784937,477120,435267,460551,466137,998886,470106,1787079
21212,435225
1782459,998886,435225,482160
477120,1787079,482160
460551,1787079,466137
1787583,1787079
460551,470043,435225,1784937
22457,471849,1784937,477120,466137,460551,470106,1787079,470631
460551,470106,1787079,466137
998886,435225,435288
1786029,22457,471849,482160,470106,1787079
1784937,470043,466137,435225,470106,460551,463806,1787079,1776516
471849,470043,466137,460551,1787079,435225,470631
466137,435225,460551,470106,1787079,1776516,470631
1784937,477120,470043,460551,470106,1787079,435225,470631
1787583,471849,22457
21212,470883,1784937,435267,998886,435288
470043,21212,435267
1787583,22457,470883
21212,477120
21212,470043,435267,466137,470022,460551,470106,1787079,435225
477120,471849,466137
1784937,470043,435267,470022,435225,435288
1787583,1776516,466137
477120,470883
21212,470883,470043,466137,435225
998886,477120
998886,470883
1787583,470631
21212,471849,1784937,482160,477120,435225,470106,1787079,1776516
1786029,477120,482160
1787583,21212,1784937,1782459,435267,470022,435288
477120,470883
470883,21212,477120,482160
460551,1787079,470631
21212,1787079,477120
1784937,470043,460551,470106,1787079
435288,470043,470022,460551,470106,1787079,435225,470631
470631,435225,1784937
470043,435267,466137
998886,466137
1782459,470883
21212,471849,470883,477120,435225,998886,1787079,1776516
470043,470883,435288,477120
21212,477120,466137,435225
998886,477120,22457,1784937
1786029,471849
998886,477120,470883
460551,470106,1787079
460551,470106,471849
1786029,477120,482160
1782459,470883
1786029,1776516
1787583,477120,1786029
477120,21212
1787583,470883,482160
477120,22457
21212,1776516,477120
470043,1787079,435225,1784937
1787079,470883,470631
21212,470883,1784937,477120,470022
21212,482160
1782459,477120,482160
460551,470883,482160
1787583,21212
1787583,482160
471849,470043,477120,466137,460551,1787079
1787583,21212,1786029,22457,471849,482160,466137,435225,1787079,1776516
1782459,470883
1784937,470043,470022,435225,435288
477120,482160
1784937,470022
1787079,470631
21212,477120
1787583,21212,482160,477120,998886,435225
22457,1784937
470043,470883,470022
1787583,470883,470022
998886,1786029
477120,470883
1787583,1784937,435267,466137,460551,470106,1787079
1787583,477120,471849,470883
21212,1784937,482160,470106,1787079
466137,460551,463806,1787079,1776516,470631
21212,1787079,22457
1782459,1787583,471849,470883
1787583,21212,471849,482160,466137,998886,1787079
1787583,21212,22457,471849,482160,477120,435267,470043,998886,1787079
470883,470043,470022,435225,435288
1787583,470883,466137
21212,477120,482160
1782459,470883,435288
477120,435288,482160
471849,470043,466137,460551,470106,1787079,435225,470631
22457,471849,470043,460551,470631
466137,1787079,470631,471849
1787079,435225,466137
471849,460551,998886,470106,1787079,435225
22457,471849,1784937,470043,466137,460551,470106,1787079,435225
21212,470883,1784937,435267,998886,435288
1787079,22457
22457,482160
1787583,998886,435288,470043,435267,466137,460551,1787079,470631
1782459,1787583
1786029,1787583,471849,22457
435267,1787079,435225
470043,21212,477120,435267
435267,470883,470631
22457,471849
998886,471849
1787583,1782459,477120,998886,470631
1787583,21212,471849,482160,477120,435267,466137,470106,1787079,435225
1787583,470883,482160,1782459,477120,435267,470106,1787079,435225
471849,470883
1782459,1787583
471849,470883,482160,477120,470106,1787079,470631
1787079,470883
435267,998886,21212,1787079
998886,477120,482160
1787583,22457,471849,470883,435288,470106,1787079,470631
1786029,1784937
470043,435267,470022,435225,435288
435225,435288,470022
998886,482160
1787583,22457,998886,477120,460551,1787079,435225
998886,470883
21212,22457
1787583,471849
21212,1787079
460551,470022
1782459,470883
460551,1787079,466137
21212,435225,466137,482160
470043,435267,435225,1784937
998886,471849,1787079
22457,1784937
435267,470043,471849,470022
1782459,1787583,466137
998886,471849,1784937
22457,471849
1786029,470106,477120,470631
477120,471849,22457
998886,471849
470043,435225,470022
470883,482160,477120,466137,1787079
435225,470022
21212,22457,1784937,1787079,435225,435288
477120,470043,460551,1787079,435225,470631
470043,477120,466137,460551,1787079,435225,470631
21212,470883,1784937,998886,435288
1787079,470631
1787079,435225
1784937,470883,466137
460551,1787079,470883,435225
477120,471849,435225,482160
21212,471849
1787583,471849,998886
1787583,22457,471849
1787583,477120,470022
998886,22457,470631,471849
22457,435288
471849,470883,435267,1787079,435225
1782459,1787583
21212,477120
1782459,470883
1786029,471849
1786029,1787583,471849
21212,471849
1787079,470883
470106,1787079,470883
21212,22457,470883,477120,466137,460551
1787583,470106,470043,460551
21212,1787079
477120,1787079,482160
21212,1776516,477120
1787583,477120,460551,470106,1787079,470631
1787583,998886
22457,470106,1787079,482160
1787583,21212
998886,22457
470043,470022
1787583,470106,1787079
1782459,1786029,477120
470043,1787079
1786029,470883
471849,1784937,1787079
477120,21212
477120,22457,470883
1787079,435225,470631
1787583,21212,471849,470883,482160,477120,998886,1787079
482160,470043,477120,466137,998886,1787079
21212,463806,470883,482160,1782459,477120,466137,998886,470106,435225
482160,477120,470106,1787079,435288
477120,22457
435267,470043,1787079,470106
1786029,1787583,482160,998886,470106,1787079
21212,477120
1787583,22457
1787583,477120,471849
435267,463806,1787079,435225,470631
998886,470043,435267,482160
1787583,482160
470043,435288
1782459,1787583,471849,470883
22457,1784937
470631,470106,1787079,466137
471849,470043,466137,460551,1787079,470631
1782459,470106,1787079,470631
470106,1787079,470631,471849
1787583,435288
1787583,22457,471849,470883,470043,435267,460551,466137,998886,1787079,435225
21212,470883,477120,482160
21212,22457,471849,470883,1784937,482160
998886,22457
21212,470043,435267,466137,1787079
435288,435267,470631
998886,21212,1787079,470883
1786029,21212,470883,466137,435225
477120,22457,482160
1787583,477120,998886,1787079,470631
470883,482160
477120,470022
477120,470883
477120,470883
1782459,470883
470043,435225
1787583,477120,470883,482160
21212,470883,482160,477120,470631
998886,470883
470883,470106,1787079,1776516,470631
21212,470883,482160,470043,470022,460551,1787079,435225,470631
998886,477120,471849
1786029,1787583,471849,470883,1782459,998886,435225,435288
477120,482160
1782459,477120,470883,466137
470883,1784937,470022,482160
477120,482160
1787583,470043,435267,470022,435225,435288
998886,477120,466137
435288,482160
470043,435267,1787079
1786029,435225,1784937
470883,460551,470106,1787079,470631
1787583,466137,998886,1787079,435225
1787583,470883,482160
21212,435267,470022,435225,435288
1787583,471849,435267,470106,1787079,1776516
1787583,22457,471849,470883,998886,482160,477120,460551,470631
477120,470883
1787583,1786029,470883,1782459,477120,998886
1786029,477120,482160
1787583,435267,435288
1787079,470631
470043,1787079,470022
460551,1787079
470106,21212,466137
21212,1776516
1782459,1787583
470043,466137,1787079,435225,470631
435288,470043,1784937
470106,1787079,470631,22457
1782459,22457
1787583,466137,460551,1787079,470631
460551,1787079,470631
1787583,21212,470022
1787583,471849,482160,1782459,477120,466137,470022,1787079
1787583,21212,466137,998886,1776516
1787583,470883,998886
1786029,21212,470883
21212,22457,471849,470883,482160,477120,998886,1787079
1787583,470043
998886,1787583,471849
1787583,22457,435288
1784937,1782459,477120,435267,470022,1787079,435288
1782459,477120,471849,482160
1787583,22457,482160,477120,998886
1787583,1784937
998886,21212
998886,477120,1786029,482160
1782459,1787583
1782459,1787583,477120
1787583,470043,460551,435267,998886,1787079,435225
1787583,477120,470883
1782459,22457
1786029,21212,470883,1784937,470022,998886,435288
471849,1784937,470043,466137,460551,470106,1787079,1776516,470631
471849,470043,460551,998886,470106,1787079,470631
471849,460551,470106,1787079,470631
471849,1784937,477120,470106,1787079,470631
21212,470883,482160,477120,998886
470043,460551,470106,1787079,470631
998886,477120,466137,482160
1787583,1784937
22457,471849,477120,998886,470106,1787079
477120,470883
470106,1787079,477120,470631
435288,998886,435267,466137
470883,477120,470043,1787079,435288
1787583,22457,460551,470106,1787079
470106,1787079
460551,435267
471849,435267,470106,1787079,1776516,435288
1782459,477120,471849
1787583,21212,471849,470883,998886,482160,1782459,435267,460551,1787079,435288
470631,21212,471849,482160,477120,435267,1787079,1776516,435288
477120,435225,466137,470022
1787583,22457,1787079
482160,477120,470043,466137,470022,460551
460551,470106,1787079,470631
21212,1787079
1787583,21212,1784937,482160,477120,470022,470106,1787079,435225,435288
1782459,22457
477120,470883
477120,1787079
1782459,477120
470631,1782459,470043,460551,470106,1787079,435225,435288
21212,1784937,482160,435288,477120,470043,435267,460551,470022,998886,470106,1787079,470631
435267,470022,470106,1787079,435288
1787079,470631
1787583,435225
1782459,471849,1787079,435267
21212,482160,477120,435267,470022,998886,435288
477120,1787079
435267,1787079,470022
1782459,470883
998886,435267,435225
21212,470883,482160,477120,466137,470106,1776516
1787583,471849,482160,435225,998886,1776516,470631
1787583,21212,22457,471849,482160
1787583,470883,470631
1786029,470106
1787583,466137,1784937,470022
1787583,21212,1787079,477120
435267,435225
1786029,1787583
470106,21212,1787079,1784937
21212,470883,435267,1787079,435225
998886,470883,1784937,482160
998886,1787583,470883,466137
1787583,477120,482160
1776516,470883
470106,1787079,1784937
435288,470022
1787583,466137
1787583,470883
1782459,1787583
477120,21212
1787583,477120,471849,470883
470106,1787079,470631
1782459,477120
1782459,998886,477120
998886,470883
466137,470022
998886,477120
21212,471849,482160,470043,477120,466137,435225,998886,1787079,1776516
477120,435225,435288
470883,482160
470106,1784937
22457,466137
998886,477120,1787079,22457
435288,482160
435288,470043,435267,470022,460551,1787079,435225,470631
998886,22457
470631,21212,435267,1787079,435288
477120,1787079,470883,1784937
1787583,477120,22457,1787079
477120,470883,482160
21212,435267
1787583,470022,998886,435225,435288
470106,1787079
1787583,471849,1784937,1782459,470043,470022,1787079,435225,435288
22457,471849
460551,1787583,1787079,470631
435225,470022
1787583,22457,471849,470883,998886,482160,1782459,470043,477120,466137,435225,460551,1787079,1776516
998886,477120,470883
998886,1787583
1782459,477120
435267,1787079
998886,21212,470883
1782459,998886,470883
435225,435288
1782459,1787583,998886
22457,470883
477120,482160
21212,470883,1784937,998886,435288
477120,22457,482160
1787583,21212,435225,470022
477120,21212,482160
477120,482160
1786029,22457,471849,470883,998886,477120,466137,460551,1787079
1787079,470631
1782459,477120
477120,435267,470022,1787079,470631
1782459,1787583
1782459,482160
1787583,435267,435288
998886,21212
435225,435288
1782459,477120,466137,482160
1787583,435288,470022
1787583,22457,460551,435267,470022,998886,1787079,1776516
998886,466137
21212,470883,460551,470106,1787079,470631
998886,470883
21212,1782459,477120,998886,435225
998886,477120,22457
460551,435225
477120,21212
1782459,477120,435225
470883,477120,466137,470022,998886,435225
435267,22457,435225
1786029,477120
22457,482160,470043,435267,470022,998886
1787583,470883,1784937,470043,470022
1787583,998886,477120,21212
998886,477120,470631
1787583,470883
22457,466137
1787583,470631
435288,435267,470022,460551,470106,1787079,435225,470631
1786029,470043,435267,466137,435225
1782459,1787079
1787583,477120,22457,482160
470106,477120,21212,470883
1787583,1776516,466137
21212,470883,1784937,998886,435225,435288
1786029,470043,477120,1787079,435225,470631
470043,477120,998886,470106,1787079,470631
1786029,470106,1787079
471849,1784937,470043,1787079,470631
1784937,998886,470106,1787079,435225,470631
22457,482160,470106,1787079,435225,470631
998886,470106,1787079
1786029,470106,1787079,470631
470043,22457,470022
477120,482160
1787583,435267
1782459,470883,482160
1786029,21212,470043,477120,435267,466137,460551,1787079,435288
1782459,998886
435267,470106,21212,1787079
998886,477120,482160
1782459,477120,482160
470106,1787079
1782459,22457,1787079
1782459,998886,1787583,470883
1782459,1787583
998886,1787583
1782459,998886,477120
21212,470883,466137,470106,470631
1787583,1786029,435225
470043,470883
477120,482160
435288,470022
998886,470883
477120,470883
998886,435288,470043,460551,435225,470631
998886,470883
460551,482160
1787079,435225
1782459,1787583
470106,1787079
435267,1784937
477120,1776516,466137
1787583,470883
1786029,470043,470883,1784937
998886,435225,1784937
21212,435267,470022,435225,435288
1787583,470043,435267,470022
1782459,998886
1787583,477120
470043,435225,435288,470022
1786029,21212,22457,471849,470883,482160,435225,1787079,1776516
1787583,22457,477120,470022,998886,470106,1787079
1787583,482160,477120,460551,1776516
21212,1784937,470043,466137,470106,1787079,435225
21212,22457,470883,1784937,482160,477120,435267,466137,1787079,1776516
460551,470106,1787079,470631
477120,435225
1784937,470043,477120,466137,470022,435225
1787583,1786029,477120,466137,1776516
1782459,470883
477120,470883
1787583,460551,998886,470106,1787079
1787583,1787079
470631,1784937,470022,482160
21212,466137
21212,470883,1784937,998886,435225,435288
482160,477120,470043,998886,470106,1787079,435225,470631
470043,1787079,470631
435267,998886,470106,1787079,435225,470631
1786029,470043,435267,460551,1787079,470631
998886,477120,21212
1787079,470883,470631,482160
22457,482160
1786029,466137,460551,435225,470631
998886,1787583,1787079,22457
1782459,998886,482160
470106,1787079,470022
470883,482160
1786029,477120,1787583
477120,1784937
21212,1787079,22457
998886,1787583
470043,435225,470022
1782459,477120
1787583,22457,998886
470106,1787079
1787583,22457,471849,470883,482160,477120,1787079,1776516
1787583,1787079,470631,998886
1786029,1787583,435267,466137,435225,435288
1786029,435267
1787583,470883
1787583,21212,1786029,482160,1782459,470043,466137,470022,998886,1776516
435288,460551,998886,1787079,470631
21212,435267,435225,435288
1782459,460551,470106,1787079
22457,1784937,435267,470106,1787079
21212,470043,435267,470022,435288
1786029,477120
1787583,470883,470043,470022,998886
477120,482160
477120,21212,482160
1787583,22457
998886,21212
477120,21212,470883
470043,435267
477120,22457,482160
470883,470631
470631,470043,435267,998886,470106,1787079,435225,435288
470106,1787079
21212,470883,470631,477120
470883,435267,470022,460551,470106,1787079,470631
1782459,477120,22457,1784937
1787079,435225,470022
470043,435267,477120,435225,470022,1787079,1776516,435288
1782459,470043,435267,435225,435288
1782459,435267
22457,470883
998886,1787079,470883,482160
1787583,21212,470883,470043,435267,466137,470022,998886,435225,435288
21212,482160,1782459,470043,435267,470022,435225
22457,470022
1786029,477120
1782459,1776516
998886,470106
998886,482160
21212,22457,470883,998886,435267,466137,460551,470106,1787079,1776516
1787583,21212,470883,477120,435267,470022,998886,1787079,435225
22457,470883,477120,466137,998886,470106,1776516,470631
1782459,1787583
1787583,477120
435225,1784937
1787583,477120,470883
1787583,21212,22457,1784937,1782459
21212,1782459,460551,435267,470022,998886,1787079,470631
998886,1787079,482160
1782459,998886,466137
1782459,998886
1782459,477120,482160
470631,21212,470043,435267,470022,460551,1787079,435225,435288
1782459,470043,435267,470022,998886,435225
482160,477120,460551,470106,1787079
1787583,22457,466137,998886,1787079,1776516,470631
1786029,1787583,22457,470883,482160,470043,477120,435267,998886,1787079,435225,470631
998886,470043,470631,482160
21212,470883,1784937,998886,435225,435288
1784937,470043,435267,470106,1787079
22457,470043,460551,435267,998886,1787079,470631
470043,460551,470106,1787079,470631
22457,998886,466137,460551,470106,1787079,1776516,470631
21212,435225
1787583,21212,22457,466137
1787583,22457,470883
998886,477120
1787583,21212,1784937,470043,435267,466137,435288
460551,470106,1787079
1782459,1787583
1782459,477120,1784937,482160
1787583,1784937,470043,435267,470022,1776516
21212,1784937,482160
22457,482160,477120,1787079,435225
1782459,998886
22457,470883
470106,1787079
470043,470106,1787079,435288
460551,470106,1787079,470631
460551,1787079
1787583,21212,22457,482160,466137,998886,470106,1787079
22457,435225,470022,482160
1787079,435288
1786029,435267,460551,466137,998886,470106,1787079,470631
1784937,998886,470043,466137,470106,460551,463806,1787079,470631
1787583,998886
998886,1787079
463806,21212
1786029,470631,998886
470022,482160
482160,435288,470043,466137,460551,470631
1782459,470883
1787583,470043,1784937,482160
1787583,477120,470883,482160
21212,435267,435225,435288
1787583,21212,435267,466137,435225,470022,460551,470106,1787079,1776516
470631,482160,1782459,470043,435267,477120,470022,460551,470106,1787079,435225,435288
21212,470043
1787583,477120,470883,482160
1787583,21212,1786029,998886
477120,470631
21212,470043,477120,435225,1776516
1782459,477120
460551,470043,21212,435288
998886,1776516
477120,482160
477120,1787079
460551,1787079,435225,482160
460551,1787079
1787583,998886
1786029,1776516
21212,470043,470022,470106,1787079,435225,470631
1782459,1786029,21212,470883
477120,470022
1787583,477120,22457
1782459,470883
470106,460551,1787583,1787079
998886,470883
470883,470043,435267,470022,435225,435288
1787583,477120
435225,1784937
998886,470106
21212,1776516,470883
1782459,22457
21212,470883,435267,466137,1787079
998886,477120,470883
1787583,22457,1784937,435267,998886,435225
470106,1787079
1787583,21212,22457,470883,998886,482160,460551,435225
21212,466137
1786029,21212,470883
22457,470883
470883,470043,435267,470022,470106,1787079,435225,435288
21212,435225,470883
470883,466137
1782459,1787583
1787583,22457,470883,1784937,482160,466137,470022,435225,998886,1787079,1776516,435288
435288,460551,470106,1787079,435225,470631
1782459,1787583,470883
1787583,998886
21212,470883
1786029,21212,470883,482160,477120
1787583,435288,482160
21212,466137
1787583,1786029,470883
1782459,998886,470883
470106,1787079,477120,482160
477120,470022
21212,482160,466137,470022,1787079
1787583,470631,470022
435288,470043,1787079,470631
477120,466137
460551,1787079,1776516,470631
1786029,1787583,1776516,470043,435267,477120,466137,470022,460551,470106,1787079,435225,435288
22457,482160,470043,477120,998886,435225,435288
1782459,1787583,22457,435288
1782459,998886,470883
1782459,21212,477120
1787583,22457
470043,460551,470106,1787079,435225,470631
435267,435225,470022
1786029,21212
1782459,1787079
21212,1787079,1776516,482160
1787583,22457,470883,482160,466137,435225,998886,470106,1787079,1776516
1786029,1784937,470022,460551,435288
470043,435267,470631,470022
470043,435267,435225,435288
460551,1787079
21212,460551,1787079,435225,470631
1787583,998886
21212,1787079,470883
470043,435267,998886,1787079,435225,435288
21212,470883,435267,470022,470106,1787079
1787583,1787079
21212,477120,482160
1787583,1787079
998886,470883,470631
470106,477120,470631
1782459,998886,22457
460551,470106,1787079,470631
1782459,1786029,22457
21212,470883,1784937,998886,435225,435288
470043,435267,466137,460551,470106,1787079,1776516,470631
1784937,470043,477120,460551,470106,1787079,470631
1786029,470043,435267,460551,466137,998886,470106,470631
22457,435267,466137,460551,470106,1787079,470631
466137,460551,470106,1787079,470631
998886,460551,470631
21212,470043,435267,998886,470106,1787079,435225,435288
998886,1784937
1787583,21212,22457,435267,470022,998886,1787079
1787583,435267,435225
1787583,470883
1786029,22457,471849,1787079,1776516,470631
1784937,470043,435225,435288
1786029,21212,22457,471849,482160,998886,1787079
435267,435225,470022
460551,470106,1787079
22457,471849,482160,477120,466137,470022,998886,1787079
21212,470883
470883,1784937
435225,1784937,470022
1787583,22457,470883,466137,998886,470106
470043,435267,470022,435225,435288
470043,435267,435225,435288
1787079,435225,470883
1782459,470631
21212,470883,1784937,460551,1776516
998886,477120,1787583,22457
477120,21212,470883,482160
1782459,470883
998886,21212
1776516,482160
1787583,482160,477120,460551,998886,1787079,470631
470043,435267,470022,460551,1787079,435225
1787583,477120,998886,482160
21212,470043,435267,470022,435225
460551,1787079,998886
435267,435288,1787079,466137
1787583,21212,22457,471849,470883,482160,1782459,470043,460551,998886,1787079,1776516,470631
1787583,1784937
22457,470883,477120,466137,1787079
1787583,22457,477120,435267,470106
470043,435267,466137,435225,435288
1782459,435267,470883,435225
1786029,435225,435288
470043,435267
22457,482160
477120,22457,482160
470106,1784937
1782459,1787583
460551,1787583,466137
435225,482160
21212,470883,1784937,482160,1787079
22457,435267,470022,998886,435225,435288
470883,435288
470106,1787079
22457,482160,1782459,477120,435267,470106,1787079,435225
470631,1787079,1784937
21212,470883,1784937,998886,435225,435288
477120,460551,470106,1787079,470631
477120,460551,435267,466137,998886,470106,1787079,470631
435267,435225,470022
998886,482160,477120,466137,460551,1787079,470631
1787583,471849,470883,482160,1782459,435267,435225,998886,1787079,1776516
21212,470883,470043,435225,1776516
1786029,22457,482160,477120,460551,1776516
1782459,1787079
21212,470883
477120,1787079,470631
1787583,470883,1782459,477120,435288
435288,470022
1787583,460551
470043,435225,435288
1787583,22457,470883,1784937,470043,470022
460551,470106,1787079,998886
1787583,470631
21212,1784937,1782459,435267,470022,460551,470106,1787079,435225,470631
998886,1776516
22457,435225,466137
998886,1776516
435267,1787583,22457
1787583,470043,435267,470022
1787583,21212,470883,1782459,435225
22457,470883
22457,998886,460551,470106,470631
1786029,22457,466137
22457,1776516
1782459,470883,470631
1782459,477120,435267,470022
1782459,470883
1787583,1776516,466137
1787583,470883
21212,22457,466137
1787583,1786029,470043,460551,1787079,435225
1787583,21212,466137,998886,1787079,1776516
1776516,466137
1787583,1776516,466137
1786029,21212,482160,477120,998886
1786029,463806,435267,460551,470106
1782459,470883
470043,1787079
460551,1787079
998886,470043,470022,460551,1787079
477120,470883,482160
460551,470106,1787079
470043,21212,435225,470022
470883,1782459,470043,470022,998886,1787079,435225
460551,21212,470883,482160
460551,21212,470883,482160
1787583,470106
998886,21212
22457,470631,1787079
21212,1782459,435267,466137,998886
470631,435267,470022,435225,460551,1787079,1776516,435288
470043,470883,482160
998886,21212
1787583,470883,998886
998886,460551,470022
1787583,1786029,470883,998886
477120,21212,470883
470631,435288,1787079,466137
1787583,477120
21212,470883,482160,1782459,477120
1787583,470883
460551,435267
1787583,470883,482160
1787583,471849,470883,482160,470043,460551,435225,998886,1787079,1776516
1786029,21212,471849,482160,1782459,477120,470022,998886,1787079
1782459,21212
1782459,21212
470883,470022
998886,22457
470106,1784937,1787079,466137
1787583,22457,470883,466137,998886,470106
1787583,22457,470883,466137,998886,470106
1782459,470883
1787583,21212,470883,477120,470043,466137,435288
1787583,470883
1786029,21212,1784937,477120,435267,470022,998886,435225,435288
1787583,21212,22457,470883,1784937,482160,477120,998886
21212,1776516
477120,435267,998886,1776516,435288
1782459,1787583,21212
1782459,470883
1787583,471849,470883,470022,998886,1787079,470631
470043,435267,470022,1787079,435225,435288
21212,1787079,477120
1782459,1787583,435225,435288
1787583,21212
998886,470883
998886,1787079
1787583,470043,435267,470022,998886,435225,470631
1786029,21212,470883,1784937,470022,998886,435225,435288
1787583,470883,470043,466137,470022,1787079,435225
1787583,998886
470883,1784937,435267,435225,435288
1782459,470883
21212,482160
998886,1776516,470631
22457,466137
998886,470043,21212,435225
1787583,21212,22457,1784937,482160,998886,470106,1787079
1784937,482160
1782459,470883
21212,470883,466137
435267,435288,470022
998886,470022
1787583,470883
1782459,1784937
1786029,470631
1787583,22457,998886,470043,460551,470106,1787079,435225
435267,470022,460551,470106,1787079,435225,435288
1787583,21212,1784937,435267,466137,470022,1776516
21212,470043,466137,470022,1776516
1786029,460551,470106,1787079,435225
1787583,466137
1782459,466137
1786029,1787583,482160,998886,463806,1787079
470106,21212,1787079,470631
477120,21212,1776516,466137
998886,470883
460551,1787079,998886
470043,470022
998886,22457
1782459,1787583
1787583,435225,470022,1776516
21212,463806,477120,466137,460551,470106,1787079,1776516
470883,466137
470043,435288
1782459,22457
1782459,998886,22457
1782459,470883
470883,482160
1784937,470043,435267,470022,435225
1786029,21212,460551,1787079,435225
998886,470883,1784937
998886,482160
1782459,998886
460551,470043
1784937,470043,435267,470022,435225,435288
470043,460551,470106,1787079
998886,1787583
21212,470883
1787583,998886,470106,1787079,470631
1782459,998886,470043,22457
470106,1787079,435225,435288
998886,477120,470883
1782459,21212
22457,435225,482160
21212,22457,471849,998886,1787079,1776516,470631
21212,471849,482160,477120,466137,1787079
460551,1786029,1787079
460551,1784937
21212,22457,477120,466137,460551,435225
470883,435267,466137,470022,998886,435225
998886,1776516,470631
1787583,998886
1786029,470631
477120,1787079
22457,466137
1782459,998886
1786029,1787079
1787583,22457,470883,998886,1787079,470631
1787583,21212,1782459,470043,435267,470022,460551,470106,1787079,435225,435288
998886,477120,482160
1787583,22457
1787583,998886
22457,470883,470043,435225,435288
21212,470883
1782459,1787583,470883,998886
1786029,21212,470883,1784937,470022,998886,435225,435288
435267,435225
21212,470883
1782459,998886,1787583
21212,470883
998886,22457
998886,466137
471849,470883,482160
1787583,482160,466137,435225,435288
1782459,21212,435225
466137,482160
470631,470043,435267,435225,470022,998886,1776516,435288
1787583,21212,22457,998886
435267,435225
1787583,22457
1782459,21212,482160
1782459,998886,470106,1787079,470631
1782459,470883
460551,998886,1787079,435225,435288
1782459,1787583
1787583,21212,1776516,1784937
998886,470043,435267,435225
470883,1784937
460551,1787079,435225,435288
1787583,470043,470022,460551,1787079,435225
21212,470883,466137
470043,435267,470022,435225,435288
1782459,998886
1787583,470631
21212,1787079,470883,482160
998886,482160
1787583,22457,1782459,470043,466137,470022
1787583,998886,482160
21212,470043,470022,435225,435288
1782459,1787583,998886
1782459,998886,1787583,1776516
22457,470883,435225
1787583,470883
1782459,470883
466137,482160
470883,482160
460551,470043,435225
1787583,998886
998886,1776516
998886,470883
1782459,470883
1787583,470883,482160,470043,998886,1787079,435288
470631,22457,470043,435225,435288
1782459,998886
1784937,470043,435267,470022,435288
460551,470043,435225
1786029,1776516
470631,470043,435267,460551,470022,998886,470106,1787079,435225,435288
460551,1787583,1787079
1782459,1787583,21212,470883
1782459,1787583,998886
470883,482160
1782459,998886
998886,1787583
21212,22457,470043,1787079,470631
1782459,1787583,998886
460551,470043,435267,470022
1787583,435267,470022,460551,470106,1787079
470631,22457,1782459,998886,470106,435288
460551,998886,470106,1787079,1776516,470631
998886,470043,1787079,435225
1787079,435225,470883
1782459,1787583,22457
998886,470106,1787079
998886,21212
21212,22457,470883
998886,21212,470883,482160
1782459,998886,470106
1787583,1784937,435267,466137,470106,1787079,435225
1782459,998886,21212,22457
998886,482160
435267,1787079,435225,470631
470883,470022
1787079,435225
1782459,470883
21212,482160
435267,435225
460551,470106,1787079,470631
21212,470883,482160,1782459,466137
998886,1787583
21212,470883
470631,470043,1787079,435225,435288
470883,470022
998886,460551,470106,1787079,470631
460551,470106,1787079,470631
460551,470106,470043,470631
998886,477120,435267,460551,470106,1787079,470631
435267,998886,470106,1787079,470631
470043,435267,460551,470106,1787079,470631
460551,435267,470631
470043,435267,460551,470106,1787079,470631
477120,470043,460551,466137,998886,470106,1787079,470631
460551,470106,470043
470043,460551,477120,466137,998886,470106,470631
998886,470106,470043,460551
22457,998886,482160,470043,466137,460551,470106,1787079,470631
1782459,998886
470883,482160
1782459,22457,482160
1784937,435225,435288,482160
1786029,21212,470883,1784937,435267,470022,998886,435225,435288
460551,470106,1787079,470883
22457,470043,435267,460551,470106,1787079,435225,435288
470043,470883
435225,470022
1787583,1787079,470631
21212,482160
1786029,482160
21212,22457,482160,470043,466137,435288
460551,435225
21212,1784937
21212,1787079
1787583,470043,435267,470022,460551,1787079,435225
1786029,21212,998886
998886,470883
1782459,22457
998886,435267
1787583,22457,435288,482160
1782459,1787583,21212
998886,470883,466137,482160
470043,435267,470022,460551,470106,1787079,435225,470631
1782459,470883,482160
998886,1787583,482160
470043,470883,470022
1787583,998886
998886,1787079,435225
1787583,21212,22457,471849,482160,477120,470043,466137,470022,435225,998886,470106,1787079,1776516,470631
1787583,1776516
1787583,471849,470043,460551,470106,435288
998886,1784937,470883,466137
1787583,470043,998886,470022
1787583,470043,435267,470022,435225
1787583,1786029,471849,470883,482160,470043,435267,460551,435225,998886,470106,1787079,1776516
470631,1787583,21212,22457,471849,1782459,466137,435225,998886,463806,1787079,1776516,435288
460551,1787079,470631
1787583,21212,22457,471849,477120,435267,466137,998886,470106,1787079,1776516,470631
1787583,21212,22457,1787079
435225,435288,470022,482160
21212,1787079,470631
470631,470883,998886,466137,460551,1787079,435225,435288
1787583,21212,22457,471849,1784937,482160,477120,998886,1787079,435225
1787583,21212,22457,471849,470883,998886,482160,470043,435267,470022,460551,1787079,435225,435288
1787079,470883
1787583,470043,435267,470022,998886,435225,435288
1782459,1786029,1787583
1782459,1787583,470883,998886
1787583,21212,482160,470043,1787079,435225,435288
1782459,470106
435225,435288
21212,482160
1782459,470883
1782459,1787583,470883
1787583,470631
470106,1787079
1787583,21212,22457,470883,1782459,1787079,1776516
1787583,21212,1782459,466137,998886
1787583,1787079
460551,435288
998886,1776516
1787079,470883,482160
998886,21212
435225,470631,470883
998886,1787583
1782459,470883
1787583,1776516
1782459,998886
998886,22457
21212,22457,1782459,477120,998886,470106,1787079,1776516
470631,1787583,470043,470022,460551,470106,1787079,435225,435288
1787583,21212,22457,470883,482160,1782459,477120,435267,460551,1787079,1776516
477120,470883
1786029,21212,435225,466137
1787583,22457,435267,466137,1787079,1776516
435225,470022
21212,460551,470106,435225,470631
1787079,1784937
1787583,998886
435225,470022
998886,470043
470106,435267,435288
1786029,21212,470883,1784937,435267,470022,998886,435225,435288
1787583,22457,470022,998886
998886,470106,1787079,470631
22457,1782459,466137,470106,435225
1787583,21212,22457
22457,435267,998886,470106,1787079
998886,1787079,482160
998886,470883
470631,998886,1787079,466137
470043,470022
470883,470022,998886,470106,1787079,435225
1787583,470883,470043,470022,998886,435288
21212,435267,435225,435288
21212,470043,435267,998886,1787079,470631
21212,470043
1782459,1787583
1787079,470631
435225,470022
470106,1787079,470631
998886,470883
1787583,22457
470043,435225,435288
460551,470043,470022
435288,482160
998886,21212,466137
21212,470883,1784937,482160,998886
435225,1784937
998886,470883,466137
1787583,21212,470883,1782459,998886
22457,470883
1782459,1787583,998886
1782459,998886
1787583,1786029,22457,470883,1782459,477120,470022,998886
470043,1784937,470022
21212,470043,466137,470022,460551,470106,1787079,435225,435288
1787583,470883,998886
470883,466137
1787583,1776516
470883,435225,482160
470883,466137
1787583,470883,998886,1782459,460551,1787079,435225,470631
1787583,22457,1782459,470043,460551,470022,998886,1787079,435225,470631
998886,470106,1787079
470043,435267,460551,470106,1776516
470043,435267,435288,470022
470043,435267,470022,435225,435288
1782459,21212
460551,1787079,470631
998886,466137,460551,470106,1787079,470631
460551,470106,1787079,470631
998886,470043,466137,460551,470106,1787079,470631
460551,998886,470106,1787079,470631
1784937,477120,460551,998886,470106,1787079,470631
1786029,1784937,998886,470043,460551,470106,1787079,470631
22457,477120,460551,998886,470106,1787079,470631
21212,470883,1784937,470043,435267,470022,998886,435225,435288
21212,470883,435288,470043,435267,466137,470022,1787079,435225,470631
998886,466137
1782459,21212,470883,482160
21212,1782459,466137,470106,1787079
1782459,1787583,1787079,482160
998886,21212
1786029,22457,470883,998886
1787583,1782459,470022,998886,435225
998886,482160
1782459,1787583
22457,466137
1786029,21212,470043,998886,1787079
21212,466137
1782459,998886,22457,482160
1787583,1787079
1782459,1787583,998886
1786029,1787583,470883
998886,1787583
1787583,21212,470883,482160,1782459,998886
1787583,21212,470883,998886,1787079,470631
470106,1787079
1782459,435225,470022
460551,470043,1787079,435225
470106,435225,435288,470022
998886,470043,460551,22457
1786029,470883,460551,470106,1787079
1787583,22457,482160,435267,470022,470106,1787079,435225,435288
435267,460551,21212,1787079
998886,22457
1787583,21212,22457,466137,435225,470022,1776516
435225,1784937
998886,21212,1776516
1787583,466137,998886
998886,1787583
1782459,1787583,470883,998886
470631,470043,435267,998886,1787079,435225,435288
470883,466137
1782459,1787583,1787079,998886
998886,1787583
1787583,1784937,998886,1787079,435288
1787583,21212,998886,470106,435225
998886,470106,470883
998886,470043,470022
21212,470883,482160
21212,470883
1782459,22457
470043,435267,460551,1787079,435225
22457,470883,998886,470106,1787079,470631
1782459,435267,435225
435225,470022
470631,22457,470043,435267,470022,460551,470106,435225,435288
1782459,482160
1787583,21212,22457,1784937,998886,470106,1787079
21212,470022,998886,470106,1787079,435288
435267,470631
1782459,1787583
1787583,22457,470883,1784937
1786029,998886
470043,466137,460551,470106,435225,435288
1786029,21212,1787079
998886,470883
470883,470631
460551,470106,1787079,470631
998886,22457
1786029,21212,470883,1784937,470043,435267,470022,998886,435225,435288
22457,470043,435267,470022,460551,1787079,435225,435288
1787583,22457,1784937,470043,460551,435225
1782459,21212,435225
470106,21212,1787079,470631
998886,1787583,1787079,470883
998886,435267,470022
998886,22457
1782459,1787583
435288,470043,435267,460551,470106,1787079,435225,470631
1786029,21212
21212,435267
1787583,460551,998886
435267,470883,435288
1786029,1787583,1776516,470883
470631,21212,470883,998886,470043,460551,470106,1787079,1776516,435288
998886,470043,435267,460551,1787079,1776516
435267,1776516,435288,435225
998886,435267,435288
1782459,1787583
22457,466137
1787583,470883,482160
1787583,1784937,470043,466137,998886
1787583,21212,998886,470106,1787079,470631
21212,470883,460551,466137,998886,1787079,435225,470631
1782459,998886
470043,470022
1782459,460551,1787079
21212,1787079
998886,470883
998886,22457
1782459,998886
1782459,1786029,1787079,470883
470883,482160
1787583,470883
1782459,21212
1782459,1787583
21212,435288,482160
998886,21212,482160
470883,466137
1782459,470631
22457,1776516
1782459,1787583
1782459,998886,470043,1787583
1782459,1787583
1787583,470883,1782459,470043,435267,470106,1787079,435225,435288
21212,435288,470043,435267,470022,998886,470631
998886,1787583
1787583,998886,435267,460551,1787079,435225,435288
1782459,1787583
1782459,1787583,470883,482160
1786029,470043,466137,470022,998886,1787079,435225,435288
1787583,21212,998886,466137,460551,470106,1787079,1776516,470631
1786029,21212,22457,460551,466137,470022,998886,1787079,1776516
466137,470631
1787583,1784937,470043,435267,470022,435225,435288
1786029,21212,998886,435267,470022,460551,1787079,435225,435288
1787079,470631
460551,470043,435225
21212,482160
21212,435225
1787583,21212,470883,470043,435267,466137,435225,998886,1776516,435288
1787583,21212,1787079
21212,1776516,470883
435267,22457
460551,1787079,482160
1787583,1787079
470043,435267,435225
21212,1782459,470043,460551,998886,470106,1787079,470631
435225,470022
470106,470043,1787079,470631
460551,435267,435225,998886
470106,1787079
1787583,22457
470883,435288,482160
1787583,1776516
470043,460551,470106,1787079,435225
21212,470883,1784937,435267,435225
22457,435225,470022
435288,435267,435225,1784937
1782459,460551,22457,998886
470883,482160
1787583,21212,482160,1782459,435267,466137,435225,998886,470106,1787079,1776516
1787583,21212,22457,470883,1776516,487263,435267,460551,466137,470022,998886,1787079,435225
1787583,470883,463806,482160,487263,477120,435267,460551,998886,470106,1787079,470631
1782459,470106,22457,470883
1787079,435225
1787079,470631
1782459,998886
21212,470883
22457,470883
470043,435267,435288,466137
487263,466137
1782459,1787583,470883
487263,470106,1787079,460551
1787583,482160,1782459,487263,470106,1787079
1782459,998886
1787079,435225
487263,1787079,470631
435267,1776516
487263,1787079,435225
1787583,470631,482160
1786029,1787583,22457,1782459,998886
1787583,21212,22457,470043,435267,435225
470631,487263,470043,1787079,435288
1787583,1784937,487263,470043,435267,1787079
1787583,998886,487263,460551,470106,1787079,470631
470631,470106,1787079,1784937
998886,1787583
21212,470043,435267,998886,435225
460551,470106,1787079,435225,470631
470043,470022
470106,487263,21212,470022
1787583,1784937
1786029,21212,470883,1784937,1782459,1787079
1787583,470043,998886,470022
435267,435225,470022
470106,1787079
1787583,470883
470106,1787079,435225
21212,435225
487263,470106,1787079,435225
21212,470883,470043,435267,466137,1787079
1782459,1787583,470883
21212,466137,470022
487263,466137,435288
487263,466137
21212,1776516
1787583,998886
998886,21212,487263
1782459,470043,1784937
487263,1787079,998886
435225,470022
470022,470106,1787079,435225,435288
998886,435225,470631
1787583,470043,435267,998886,435225,435288
487263,470043,435267,435288,470022,460551,1787079,435225,470631
487263,435267,470106,1787079,435225,435288
1782459,1787583,470043,466137
998886,470043,435288
1782459,435267,470022
21212,482160,487263,470043,470022,460551,435225,470631
21212,22457,1776516,477120,460551,470043,998886,470106,1787079,435225,470631
470631,21212,470883,998886,482160,460551,470106,1787079,435288
1784937,487263,460551,435267,998886,470106,1787079
470631,1787583,21212,482160,477120,470043,470022,998886,1787079,435288
470043,22457,1787079
1782459,998886,470883
21212,487263,435267,470022,435225
435267,435225,435288,470022
1786029,998886,1787583,1787079
1782459,998886
1782459,1787079
460551,998886,470106,1787079,470631
1782459,998886
998886,435267,1784937,1787079
22457,1784937,435267,460551,470106,1787079,470631
1782459,487263,470883
1782459,998886,1787583
1787583,22457
21212,487263,435267,1787079,435288
463806,470883
1787583,21212,470883,998886
998886,470631
1787583,435288
21212,1784937,470043,435267,470022,998886,435225,435288
1786029,22457,998886,470106,1787079,470631
1787583,477120,466137,460551,470106,1787079,470631
1784937,460551,470106,1787079,470631
1787583,1784937,460551,1787079,470631
1787583,460551,470106,1787079,470631
460551,470106,1787079,470631
466137,460551,470106,1787079,470631
1786029,22457,466137,460551,470106,1787079,470631
1787583,466137,470106,460551,463806,1787079,470631
1787583,460551,470106,1776516,470631
466137,460551,470106,1787079,470631
466137,460551,470106,1787079,470631
1784937,466137,460551,470106,1787079,470631
1787583,466137,460551,470106,1787079,470631
1787583,1784937,482160,466137,460551,1787079,470631
470631,460551,1787079,466137
1786029,998886,466137,460551,470106,1787079,470631
998886,1787079,470631,460551
1787583,460551,470106,1787079,470631
1786029,460551,998886,1787079,1776516,470631
470883,482160
1782459,482160
470631,22457,482160,470043,435225,998886,1787079,1776516,435288
470883,435288
1787583,1787079
487263,470631
1787079,470883,482160
1782459,470883
998886,1786029
470631,1787583,470043,470106,1787079,435225,435288
466137,435225,470631,482160
470883,435288
1782459,1787079,470883
487263,466137,460551,1787079,435225
470883,1784937,487263,470043,435267,998886,470106,435225,435288
1787583,470043,460551,466137,998886,470106,1787079
487263,466137,1784937,470022
998886,470043,1776516
487263,1787079,470631
487263,470043,22457,435225
487263,466137
998886,21212
470043,1787079,435288
470022,998886,470106,1787079,435225
1787583,470883,998886,487263
1782459,435267,435225
21212,435267,435225,470022
487263,435267,435288
460551,21212
21212,22457,470883,487263,435267,470022,998886,435225
460551,470106,470883,470631
998886,470106,1787079,487263
1782459,435288
1782459,1787583
470043,435225
1787583,1782459,487263,470022,1776516
487263,482160
470043,435267,998886,435225,435288
998886,1787583,22457
21212,470883,1782459,470043,1787079,435225
1782459,435225
470631,1787079,470883,435288
1782459,1787583
1787583,22457,998886,482160
1782459,482160
22457,1787079
487263,435288
1787079,466137
470043,435267
1787079,470631
998886,470883
470883,466137
1782459,998886,470883
22457,1787079
998886,487263
998886,470883
1787583,470883,1776516
1782459,1787583
21212,1776516,1784937,470022
470106,435267,1787079
1787583,470883,477120,470043,435225
1786029,21212,470043,435267,466137,470022,998886,435225,435288
470631,21212,487263,470043,460551,470106,1787079,435225,435288
1782459,1787583,998886
21212,470043,435225,470022
435225,435288
487263,435267,470022,460551,470106,1787079,435288
435225,466137,470022
470883,470043,435267,470022,1787079,435225,470631
21212,482160
487263,1787079,470631
1782459,21212,22457
460551,435267,1787079,470022
487263,1787079,435225
22457,470883,435288,470043,460551,470631
1782459,470043,435267,435288
487263,435267,482160
1782459,487263
470883,482160
21212,1784937,482160,470022,435288
1782459,435225
21212,470043,435267,470022,435225,435288
1787583,21212,470883,1784937,1782459,998886,470631
21212,470883
21212,22457,470883,1782459,487263,477120,466137,998886,470106,435225,470631
460551,1787583
1786029,21212,1784937,470043,435267,470022,998886,435225,435288
1787583,22457
1787583,21212,482160,470043,435267,470022,435225
21212,22457
21212,435225,470022
487263,21212
1787583,1782459,470043,460551,470106
1782459,435225,435288,470883
1782459,22457
487263,470043,435267,435225,998886,1787079,1776516
21212,466137
435225,435288,470883
487263,1787079
1787583,1787079,435225
998886,22457,470883
435267,435225
21212,470883,482160,1782459,487263,435267,998886,1787079
470043,435288,470022
470106,22457
487263,466137,460551,1787079,435225,470631
998886,1787583,482160
21212,22457,470883,1787079,470631
1787583,1782459,470043,470022,998886,435225
998886,21212,470883
1787583,21212,22457,1776516,435267,466137,460551,470106,1787079,435225
1784937,435288,470043,435267,460551,1787079,470631
998886,1787583,470883,487263
435267,470022,470106,1787079,435225,435288
21212,470883,482160
435288,487263,470631
435267,435225,466137,470022
470883,470043,435267,466137,435225,435288
1782459,21212
1787583,21212,482160,487263,477120,998886,1787079
22457,470883,1784937,998886,487263,470043,460551,1787079,470631
1787583,21212,435225,435288
1787583,21212,482160,487263,477120,460551,470106
460551,1787079
470883,1782459,487263,470043,435267,470022
487263,1787079,470883,470631
1787583,471849
435267,435288
998886,1787079,470883,466137
1787583,22457
470043,435267,466137,435225,435288
1782459,470883
998886,1787583,471849,22457
1787583,1787079,470631
1787583,471849,470631,1787079
487263,470022
435267,470883
1787583,471849
1782459,998886,1787583
998886,471849,466137
435288,470043,1784937
470043,435225,470022,998886,470106,1787079,1776516
21212,1784937,470043,435267,470022,998886,435225,435288
1782459,470883,1784937
1787583,21212,471849,470883,998886
460551,998886,470106,1787079,470631
1786029,22457,998886,466137,460551,470106,1787079,470631
1787583,1784937,998886,466137,460551,470106,1787079,470631
1787583,1784937,466137,460551,470106,470631
1787583,470106,460551,470631
998886,22457
435267,1784937
1787583,22457,487263,477120,460551,998886,1787079,435225
1784937,487263,470106,1787079,435288
1786029,470631,487263
1782459,460551,466137,998886,1787079
1782459,998886,21212
1787079,470631
998886,21212
487263,482160
998886,1776516
998886,471849
1784937,470043,435267,466137,1776516
460551,1787079
998886,1787583
487263,470883
998886,470883
487263,21212,1787079,482160
22457,998886,1787583,487263
1782459,22457,482160
21212,22457,470883,482160,466137,998886,1776516,435288
22457,1784937
1786029,1787583,1776516
1782459,470043,435267,435225,435288
487263,1787079,482160
1782459,470883
471849,435225,435288
1787583,21212,22457,998886,1782459,487263,435267,466137,435225,460551,1787079,1776516
1782459,1787583,1787079,470883
470106,1787079
21212,1784937,482160
1782459,487263
1787583,470883,435225,998886
1782459,998886
1787583,471849
470883,482160,470043,470106,1787079,435288
998886,460551,470883
21212,482160,487263,466137,1787079,435225
460551,466137,998886,470106,1787079,470631
1787583,460551,466137,998886,470106,1787079,470631
22457,1784937,460551,466137,998886,470106,1787079,470631
21212,22457
1787583,470043,470022,460551,1787079,435288
466137,482160
470043,435225,435288,482160
460551,1787079,435225,1784937
998886,1787583
1787583,22457
21212,22457,466137,1787079,435225
487263,1786029
435267,435288
470043,470883
470883,487263,460551,470106,1787079,470631
471849,435288
487263,1787079,470631
998886,471849
487263,435267,998886,1787079,435225,470631
487263,471849
470043,435267
487263,1787079
1787583,22457,470883,1776516,487263,998886,470106,1787079,435225,435288
1787583,998886
998886,471849,470883
487263,470883
487263,470883
435267,487263,470043,1787079
22457,482160,487263,998886,1787079
1787583,471849,22457
487263,470106,1787079,482160
998886,470043,435225,435288
435225,435288
470043,21212
435267,435225,1784937
470043,470022,460551,470106,1787079,435225,470631
1787583,21212
487263,1787079,470631,470022
487263,435288,435267,470043,460551,470106,1787079,435225,470631
1782459,1787583,470883,998886
1787583,470883
487263,1787079
435225,470022
470043,435288
435225,482160
998886,1787079,470022
1787583,22457,1784937
998886,470883
998886,22457,471849
1782459,435288,470022,470106,1787079,470631
1782459,470883
1787583,21212,22457,471849,470883,1784937,470043,460551,1787079
470883,487263,470043,460551,470631
998886,1787079
471849,470022
1787583,471849,470883,482160,1782459
998886,1787583,471849
470106,1787079
435288,1787583,466137,470022
21212,471849,470883,487263,1787079
470106,435288
1782459,471849,470883
1787583,998886,470106,1787079,470631
1787583,471849,435225
1782459,998886,1787583,471849
1786029,21212,471849,482160,1782459,466137,998886,435288
435267,21212,1787079,435225
1782459,435225
471849,1787079
998886,21212
1787583,1782459,470043,435267,460551,470022,998886,1787079,435225
460551,1786029,470883
471849,1776516
435267,1784937,470022
998886,471849
1787583,1787079,460551
487263,1787079,435225,435288
1787583,21212,471849,470883,487263
21212,435225
471849,470883
1782459,1787583
1782459,1787583,1776516
1782459,998886,470883
470043,435267,470022,998886,435225,435288
470043,435267,470022,1787079,435225,435288
21212,470043,470106,1787079,470631
435267,435225
22457,470883
1786029,487263,460551,1787079,470631
1784937,470043,470022,460551,470106,1787079
471849,470883,1782459,466137,1787079,1776516
1787583,22457,435267,466137,460551,470106,1787079,435288
22457,471849
487263,460551,466137,998886,470106,1787079,470631
1786029,471849,998886,460551,470106,1787079,470631
460551,1787079,470631,998886
998886,1784937
1787583,21212,471849,470883,482160,487263,460551,435225,470022,998886,470106,1787079,1776516
1782459,470043,435225
21212,470043,435225
998886,470883
487263,1787079,435225
1787583,21212,22457,482160,466137
998886,470106,1787079,21212
998886,1787583,1787079,435225
998886,482160
470106,487263,21212,1787079
1787583,435267
470631,1787583,482160,487263,470043,998886,470106,1787079,1776516,435288
1782459,470883
435288,1786029,1784937
21212,471849,1787079
1782459,998886,470883
470043,1787079,470631
998886,470043,1787583,470883
1782459,471849
1787583,22457
22457,471849,1782459,470043,435267,435225
21212,466137
1786029,1787079,466137
470631,1787583,22457,471849,482160,487263,460551,998886,1787079,435288
1787583,21212,22457,435225,998886,1787079,1776516,435288
1786029,1787583,22457,471849,482160,487263,470043,998886,1787079,1776516,470631
470043,435288
435288,466137,998886
435288,466137,998886
1782459,471849
1787079,470631
1782459,470883
998886,470883,470631
1787583,470043,435225,470022,1776516,435288
471849,487263,435267,1787079,435225
471849,470883,1784937,435288,487263,460551,470106,1787079,470631
21212,1784937
487263,470043,435288,435267,470022,460551,470106,1787079,435225,470631
998886,435225
470631,470043,460551,470106,1787079,435288
460551,1787079
1787583,470883
460551,1787079,466137
460551,1787079
487263,470106,471849
1787583,471849,466137
998886,470043,471849
487263,470043,435267,470022,460551,1787079
1787583,487263,460551,470106,1787079,470631
1782459,470883
21212,470883,998886,487263,470043,435267,470022,460551,470106,1787079,1776516,470631
487263,470106,1787079,460551
998886,470883
470883,460551,466137,998886,470106,1776516,470631
435288,1787583,435225,466137
1787583,998886
1782459,487263,435288,435267,470043,460551,998886,470106,1787079,435225,470631
1787583,487263,466137,998886,1776516
1787583,22457,471849,1784937,470043,470022,460551,435288
998886,1787079
998886,470043,435225,435288
1787583,435267,1787079,487263
998886,470043,435225,435288
470043,435225,435288
1782459,470883,435225
1782459,1786029,482160
1782459,1787583,471849
1787583,471849,470883
1787583,471849
487263,470106,1787079
998886,21212,22457
1782459,471849
1782459,470043,460551,435225,470631
470043,1787079,435288
470106,1787079
998886,470883
487263,21212,460551,470883
470106,470043,1787079,1784937
470043,435225,1784937,470022
998886,22457,471849
1784937,470043,435288
470106,1787079,470631
1786029,21212,470883,1784937,470043,435267,470022,998886,435225,435288
470106,1787079,470883,470631
460551,466137,998886,1787079,470631
482160,460551,470106,1787079,470631
1786029,466137,460551,470106,1787079,470631
470883,1784937,998886,466137,460551,470106,1787079,470631
435288,435267,466137,1787079,435225,470631
470631,1787583,1782459,470043,435267,470022,460551,435288
1787583,471849,470043,435267,435225,998886,1776516,435288
1787583,22457,482160
1787583,21212,22457,471849,470043,470022,435225,435288
1787583,471849
1787583,471849
487263,470106,1787079,470022
998886,1787583,1787079
471849,482160
1787583,1782459,470043,435267,470022,998886,435225,435288
998886,470883
471849,470883,487263,435225,998886,1776516
998886,470043
435267,470106,1787079,435225
435288,470022
1782459,470883,466137
487263,998886
460551,470106,1787079,470631
1787583,471849,470883,998886
1786029,21212,22457,471849,470883,998886
1787583,470043,435267,470106,1787079,435288
998886,471849
1787583,471849,466137
1786029,21212,470883,1784937,470043,435267,470022,998886,435225,435288
1786029,21212,471849
487263,470043,460551,470106,435288
470043,435288
1782459,487263,460551,998886
1786029,470883
1786029,21212,22457,471849,470883,482160,435288,477120,998886,1787079,470631
471849,487263,470043,477120,998886,1787079,470631
998886,470883
1782459,460551,470883,482160
470043,1784937
1782459,487263
1787583,22457,471849,470883,487263
1787583,466137
470106,1787079,1776516
998886,1787583
487263,1787079
470043,21212,435267,466137
1787583,471849
435225,470631
470106,471849,1784937
1787583,1786029
998886,470883
1787583,470043,435225,435288
1787583,471849,470883,998886,482160,1782459,487263,435267,460551,1787079,1776516
1787583,21212,22457,471849,998886,482160,487263,460551,470106,1787079
1787583,435225,470022,998886,1787079,1776516,470631
22457,470883,1776516,998886,470022,460551,1787079,435225
21212,466137,482160
471849,470883
21212,487263,460551,1787079,470631
470883,998886,466137,460551,1787079,1776516,470631
471849,466137,998886,470106,1787079,470631
460551,1784937
460551,470106,1787079,470631
460551,1784937,466137
1787583,460551,470631
460551,470106,1787079,466137
1787583,471849,487263,470043,998886,470106,1787079,435288
435267,470022,470106,1787079,435288
470043,470106,1787079,435288
1787583,1782459,470043,435225,998886,1776516
1787583,471849,487263,466137,435225,998886,1787079,1776516,435288
470106,1787079
1782459,998886,21212,471849
470631,1786029,21212,470043,466137,470106,1787079,435225,435288
1782459,998886,471849,22457
1787583,471849
1787583,471849,1784937,487263,460551,1787079,1776516
470043,435267,435225,470022
1787079,470883,435288
1787583,998886
1782459,1787079,470631
471849,470022
435288,470022
1787583,470043,435225,435288
1787583,22457,998886
998886,471849,470022
1784937,487263,470043,460551,1787079,435225
998886,1787583,1786029,1776516
435267,435225
1787079,470883
998886,470883
471849,482160,487263,470043,435267,470022,1787079,435225,435288
998886,22457,435225,435288
487263,470043,470106,1787079,435288
1782459,470883,466137
487263,1787079,470631
21212,471849,466137,998886,1787079
1787583,487263
1782459,487263
998886,1787583,470631,487263
1784937,470022
435267,470043,1787079,435225
21212,435267
487263,1787583
1787583,470043,470883
460551,1787079,470631,487263
470106,1787079,471849
1787583,22457
1782459,470883
1786029,482160
1782459,22457,471849
998886,470043,435267
21212,471849,435288,470043,487263,460551,435267,998886,470106,1787079,435225,470631
460551,470043,435267,1787079
998886,470883
1787583,22457,471849,470022,435225,435288
470043,22457,435225,470022
1787583,1782459,487263,998886,470106
1787583,21212,487263,470043,435267,466137,435225,470022,1776516,435288
487263,470043,435267,1787079,435225
435288,998886,1787079,470631
471849,487263,466137,998886,470106
21212,487263,466137,998886,1787079
471849,487263,435267,1787079,435225
1786029,998886,482160
21212,470043,435225,466137
998886,21212,1784937
1787583,471849,466137
21212,470883
435225,1784937
1782459,482160
487263,471849
470106,1787079
998886,471849,470883,482160
1782459,487263
470631,1787583,470043,460551,1787079,435288
1787583,471849,998886
998886,470043,435267,466137,460551,1787079
1782459,470883
1786029,471849,470883,487263
1787583,470106,22457,1787079
1787583,21212
1782459,487263,470106,1787079,470631
435267,435288
1786029,21212,470883
470883,998886,1787079,435225,435288
22457,470043,435267,1787079,435288
1787583,21212,22457,471849
1787583,435267,435288
22457,471849,470883,998886,470106,1787079,1776516,470631
1786029,21212,466137
487263,1787079
470043,435225
1784937,470043,470022,470106,1787079,435225,435288
998886,1787079,435225,470631
998886,1787583
1787079,435225
998886,21212
487263,470043,435267,470106,1787079,435225,470631
470106,1787079
435267,471849,435225
470043,470022,460551,470106,435288
1786029,470883,487263,998886,1787079
435267,435225
21212,435267,466137,1787079,1776516
470106,1787079,470883
998886,471849
1782459,21212,482160
1787583,22457,471849,1782459,998886
998886,21212,466137,482160
1786029,470883,1782459,487263,998886,1787079,1776516
1786029,471849,1776516
1787079,435225,1784937,470022
1776516,435225,470022,1787079
460551,1787079
487263,435225,470631,470022
1787583,471849
998886,21212,1776516
1787583,470883,487263,460551,1787079,435288
21212,22457,487263,998886,470106,1787079,1776516
1787583,21212,22457,471849,1784937,482160,487263,470043,435267,460551,435225,998886,1787079,1776516
21212,22457,471849,998886,463806,1776516,470631
470106,435288,470022
471849,435225,435288
998886,470106,1787079
998886,471849,470883
998886,1784937,470022
1787583,471849,470883,998886
21212,435267,470106,1787079,435225
998886,470043,471849
998886,471849
487263,21212,470043
435267,1787079,435225,435288
470106,1787079
998886,471849
435288,470043,435267,460551,998886,470106,1787079,435225,470631
470631,1787583,477120,998886,470106,1787079,435225,435288
470883,482160,477120,435267,466137,470022,460551,435225
998886,470883
435267,460551,1787079,435225,435288
1784937,435267,470022,470106,1787079,435225
477120,482160
21212,471849,1784937,470043,435267,470022,435225,435288
435288,998886,466137,1784937
998886,22457
435225,470022
1786029,21212,470883,1784937,435267,470022,998886,435225,435288
1784937,466137,460551,470106,1787079,470631
1784937,460551,470106,1787079,470631
460551,470106,1787079,470631
1787583,22457,998886,460551,470106,1787079
460551,470106,470631
460551,470106,1784937
460551,1787079,470631
1784937,460551,470106,1787079,470631
470631,460551,22457,466137
998886,1787079,470631,460551
998886,466137,460551,470106,1787079,470631
22457,998886,460551,470106,1787079,470631
460551,470106,1787079,470631
463806,460551,466137,998886,470106,1787079,470631
1782459,22457
470043,435267,435225,435288
21212,487263,470043,460551,435225
1782459,1787583,470106,998886
1787583,22457,471849,487263,470043,460551,998886,1787079,1776516
460551,1787079,482160
470043,435288,470022
998886,435225,470022
470043,1784937
460551,470043,1787079,435288
471849,487263,477120,470043,470106,1787079,470631
470043,466137,470022,998886,435225,435288
998886,1787583,471849
477120,470883
1776516,470631
470883,487263,470106,1787079,435225,435288
21212,1776516,466137
998886,470883
998886,470883
487263,460551,466137
470043,470631
21212,471849,470883,1784937,998886,487263,435288,435267,470043,460551,1787079,435225,470631
470106,1787079,477120
22457,471849
21212,470883,482160,487263,998886,470106
1786029,1787583,1784937,482160,470043,435267,460551,998886,435225
21212,487263,477120,1787079,1776516
21212,1784937
21212,466137
998886,21212,471849
998886,1787079,1776516,470883
470883,487263,435288,435267,470022,1787079,470631
998886,470883
1787583,22457
998886,477120
1782459,1787583
460551,470043
1787583,470883,477120,998886,470106
1782459,477120,1787079,435288
487263,477120,22457
435225,435288,470022
998886,470883
1787583,22457
1787583,21212,460551,1787079,435225,435288
470106,1787079
1776516,466137
435267,470022,482160
21212,470883,482160,998886,1787079
487263,1787079,470883,482160
1787583,1782459,470043,470022,435225
460551,470106,1787079,470631
998886,460551,470106,1787079,470631
1784937,460551,470106,1787079,470631
1786029,21212,470883,1784937,470043,435267,998886,435225,435288
477120,470883,482160
487263,470043
1787583,1776516,466137
1787583,21212,471849,470883,998886,487263,460551,1787079,1776516
487263,21212,435288
470106,1787079,470631
1787583,487263
21212,998886,487263,466137,460551,470106,1787079
1787583,477120,22457,466137
22457,471849
998886,482160
477120,1787079,470631
1784937,435267,470022,435225,435288
1787583,21212,1786029,22457,1784937,482160,477120,435267,998886
435267,435288
1787583,471849,1787079,487263
435267,471849,435225,435288
1786029,21212,1784937,487263,460551,1787079,470631
1787583,1787079,998886
487263,477120,1787079,435288
487263,477120,482160
1787583,470883
1786029,998886
1782459,1787079,435288
487263,470883
460551,470106
460551,470631
466137,998886,470106,1787079,470631
460551,470631
998886,1787583,466137
487263,1776516,466137
998886,1787079,466137
460551,470106,470631
998886,22457
471849,482160
470883,435288,470022
487263,470883,482160
1786029,477120
470106,1787079,482160
998886,435225,470631,487263
1787583,471849
1787583,21212,471849,470883,1784937,1776516,482160,998886,1787079,435225,470631
21212,1787079
998886,22457,487263
470631,460551,466137,998886
998886,1787079
487263,1787079
487263,470043,460551,477120,435225,998886,470106,1787079,1776516
1787583,487263,470043,435267,470022,470106,1787079,435225
21212,471849,1784937,487263,477120,470022,470106,435225
998886,21212
1787079,470631
487263,477120,466137
998886,477120,21212
1787583,470883,1784937
1782459,471849,470883,1784937
1786029,21212,470883,1784937,470043,435267,470022,998886,435225,435288
22457,470883,466137
998886,470883
21212,22457,471849,470883,482160,487263,477120,470106,998886,463806,1787079,435225
1787583,21212,22457,471849,487263,466137,470022,470106,1787079,1776516,470631
1782459,1787583,1787079,435225
435225,435288
998886,1787583,460551,466137
460551,470631
460551,998886,470106,1787079,470631
1784937,460551,998886,470106,1787079,470631
477120,470883
1787583,21212,487263,435267,466137,998886,1787079
1787583,21212,487263,470043,435267,470022,998886,470106,435225,470631
998886,470883
998886,471849
470106,1787079
487263,435267,466137,460551,470106,1787079,435225,470631
487263,435267,435225,470022,1787079,1776516,435288
998886,435225
1787583,487263,470043,435267,477120,460551,1787079,435225
487263,477120,435267,470022,435225,470106,1776516
487263,1787079,435225,470631
1787583,470043,435225,466137
21212,470883,1784937,482160,487263,477120,1787079,435225
1787583,22457,1776516
1787583,22457,471849,482160,1782459,477120,470022,460551,470106,1787079,1776516
21212,471849,487263,470022,1787079,1776516,435288
1787583,21212,471849,22457
1782459,435267,1787079
998886,477120
470106,1787079
21212,482160
1787079,1776516,470883
998886,477120,1787583
487263,470043,435225
998886,435225,466137
1782459,1786029,22457
470106,1787079,470631
487263,470883,470631,998886
470043,435267,460551,435225,435288
1782459,466137
1787079,470022
487263,21212,1787079
1786029,477120
477120,470883
477120,471849
487263,435225
487263,435267,1787079,470022
1787583,470883,477120,470043,435225,1776516,435288
1782459,487263,470106,471849
1787583,470022
487263,470043,470022,460551,435288
1782459,998886,477120
21212,471849,470883,998886,482160,487263,470043,466137,470022,460551,470106,1787079,470631
998886,470883
21212,435267
1782459,487263,21212
460551,21212,487263
482160,487263,998886,1787079,435225
470043,435267,435225
1787079,470883,1784937
21212,470883
1786029,21212,1787079,466137
470883,1782459,470043,435267,470022,435225,435288
998886,470883,470631,487263
998886,1782459,487263,477120,460551
1787583,998886,477120,470043,466137,435225,460551,1776516
487263,1784937,1787079,466137
21212,482160,1782459,435288,477120,470631
1787583,22457,1784937,466137,1776516
21212,470883,482160,435267,998886,1787079,435225
435267,470022
998886,1787079,487263
1786029,21212,470883,1784937,470043,435267,998886,435225,435288
487263,1776516
998886,435267,435288,470022
1782459,470883,435225
470043,477120
21212,470043,470022,1787079,435225
1786029,998886
998886,470883
1782459,1787583,477120,998886
435267,435225
1787583,998886,470022,482160
435267,466137,435225,470022,470106,1787079,1776516,435288
1787583,998886
470043,435288,470022
998886,21212
998886,477120,1787583,470883
998886,471849
22457,482160
21212,471849
487263,477120,1776516,470631
487263,1787079
21212,1784937,482160,1782459,466137
470043,435267,470022
21212,22457,471849,470883,482160,487263,470043,466137,998886,1787079,1776516
998886,460551,470631,487263
487263,1787583,998886
477120,435267,470106,1787079,435225
471849,470043,435267,470022,470106,1787079,435225,435288
998886,477120,466137
21212,22457,1784937,482160,487263,466137,470106,1787079,470631
21212,470883,470043,435267,470022,435225,435288
998886,435267
998886,477120,466137
460551,470631,482160
460551,470106,1787079,470631
460551,998886,470106,1787079,470631
21212,1776516
470106,1787079
487263,470106,1787079
466137,460551,470106,1787079,470631
22457,1784937,460551,470106,1787079,470631
460551,1787079
460551,466137,998886,470106,470631
1787079,1784937
21212,22457,471849,482160,460551,435225
1787583,21212,471849,487263,470043,470022,460551,470106,1787079
1782459,1786029
1787583,470883,1784937,482160,470022
21212,470883,1782459,487263,1787079
470883,466137,482160
1787583,1786029,1782459,470043,435267,466137,470022
1782459,998886,1787079,482160
1782459,435267,1787079
435288,470043,487263,460551,466137,998886,470106,1787079,1776516,470631
470883,435288,470043,460551,1787079,435225,470631
22457,466137
1782459,22457,470883
435225,470022
470883,466137
435288,460551,470106,1787079,1776516,470631
487263,435267,460551,470106,1787079,435225,470631
470043,435267,435288,470022
435267,1787079,22457
1786029,21212,470883,1784937,470043,435267,470022,998886,435225,435288
470106,477120,470631
460551,470631,998886
460551,470106,1787079,470631
1786029,1787583,22457,21212,1784937,482160,487263,477120,470022,998886,1787079
470631,1787079,466137
1787079,470883,435225
21212,1782459,998886,435225,470631
487263,1787079
998886,21212
470106,1776516,477120
471849,470043,435267,460551,470106,1787079,470631
1786029,466137
460551,1787079
477120,482160
998886,471849
998886,477120,471849
21212,1784937,470022,435225,435288
435267,1787583,470106,470043
22457,1782459,435267,1787079,435225
1787583,477120
460551,1787079
1782459,998886
998886,22457,470883
470043,470883
21212,1784937
1782459,998886,470106,1787079,470631
998886,435225,482160
470883,482160,470022,998886,435225
435267,1787583,470043,460551
21212,466137
487263,998886
470043,435267,466137,470022,435225
1787583,21212,470043,435267,477120,466137,470022,1787079,435225,435288
1782459,22457
435267,482160
487263,477120,466137
470631,1786029,1787583,477120,435267,470043,466137,470022,998886,1787079,435225,435288
21212,1784937
1787583,470883,482160,470043,435267,1787079,435225,435288
1787583,487263,477120,466137,998886,463806,1787079,1776516
998886,21212
998886,470883
998886,470883
1787583,471849
21212,435267,466137,998886,435225
1787583,21212,22457,470883,487263,477120,466137,998886,1787079,1776516
487263,470106
1787583,22457,1784937,487263,477120,470106,1787079
1787583,471849
470631,1787583,21212,1784937,487263,470043,435267,460551,470106,1787079,435225,435288
487263,1787079
22457,482160
998886,487263
998886,470883
22457,1784937
435267,466137,470022
471849,482160
1787583,1784937,470043,998886,470106,435288
470106,1787079
460551,470043,435225
470043,435288
1787583,470043,435267,470022,460551,435225,435288
1786029,1787079,1784937
21212,471849,482160,487263,460551,998886
470043,435267,435225,435288
482160,470043,435267,466137,460551,1787079,435288
470883,477120,460551,1787079,1776516
435267,1787079,435288
1787079,470631
1787583,435225
1787079,435225,470631,22457
22457,482160
477120,470883,1784937,482160
21212,1776516,482160,470043,435267,470022,435225,435288
998886,470106,435267
998886,470883
22457,1782459,477120,466137,470022,1787079
998886,477120,460551,470106,1787079,470631
463806,1784937,466137,460551,470106,1787079,470631
1782459,460551,466137,998886,470106,470631
998886,471849,470631,460551
460551,470106,1787079,466137
1782459,21212,470043,435288
460551,470043,470022
1787583,22457
998886,470883
435267,477120,470043,466137
470106,1787079
998886,1787583,466137
21212,471849,487263,470043,435267,470022,460551,1787079,435225,435288
998886,477120,435288
487263,1787079
1776516,470043,435267,470022,435225
22457,482160,470043,998886,1787079
487263,477120,435267,470022,470106,1787079,435225,435288
482160,1782459,487263,470043,998886,435225
1786029,22457,1782459,487263,460551,998886,1787079,470631
1787079,1776516
487263,470106,1787079,460551
470631,487263,470043,470022,470106,1787079,435225,435288
998886,1787583,471849
1782459,477120,435267
1786029,463806
1786029,460551,470106,1787079,470631
466137,460551,470106,1787079,470631
1776516,466137
21212,435225,482160
435225,435288
1787583,1787079
466137,1784937
487263,470022,460551,1787079,435288
1786029,21212,470883,1784937,470043,435267,470022,998886,435225,435288
471849,1782459,487263,998886,1787079,435225,470631
1782459,471849
1787583,22457,471849,470883,482160,1782459,477120,466137
470883,482160,1782459,998886,1776516
487263,470106,1787079
1786029,1787583,471849
460551,470043,1787079,470022
460551,470106,1787079,487263
470106,1787079
460551,1787079,470631
487263,470106,1787079,1784937
1787583,471849,22457
998886,1787583
460551,21212,22457,463806
460551,21212
1787583,1786029,435225,470022,1776516,435288
1787583,1787079
998886,463806
1786029,21212,22457,470883,1784937,998886,482160,470043,435267,435225,470022,460551,1776516
998886,1787583
1782459,998886,477120,435225
1782459,998886,22457
1787583,477120,470883,482160
487263,477120,1784937
21212,470043,466137,1787079,435288
1782459,1787583
487263,435267,470022,1787079,435225
487263,477120,470043,435267,470022,998886,1787079,435225
998886,1787583,22457
1787583,471849
470106,1787079
1776516,466137
470043,435225,435288
470043,435267,466137,435225,435288
470043,470022
470106,1787079,470631
998886,477120,1787079,482160
460551,470043,435267
1787583,998886
1787079,435288
1786029,470043,435225,998886,1787079,1776516,435288
471849,482160
1782459,471849
460551,1787079,470631
487263,1787079
21212,470043,477120,998886,470106,435225,470631
435267,435225,470022
470106,435225
477120,470883
470043,435225
998886,1787079
487263,470106,1787079
470043,435267,470022
470043,435267,998886,435225,435288
998886,470106,1787079,470631
460551,470106
1784937,460551,998886,470106,1787079,470631
998886,460551,470106,1787079,470631
1786029,470883,435288,470043,435267,470022,470106,470631
21212,435267,466137,1776516,435288
1782459,470883,466137
1787583,470043
21212,482160
487263,470043,470022,435225,435288
998886,21212
998886,471849
1787583,460551,470106,1787079,470631
998886,470043,435267
470631,470043,435267,435225,435288
463806,435267,435288,470022
435267,470883,470022
998886,1787079,435288
1787583,470106,1787079,435225
435267,470043,471849,435288
998886,463806
998886,470883
460551,21212
22457,470883,471849
471849,435225
22457,998886,482160,487263,470043,435267,466137,435225,460551,1787079,1776516,435288
1787583,21212,470883,487263,477120,435225,998886,1787079,1776516,470631
487263,435267,460551,1787079,435225,435288
460551,470106,471849,466137
470631,460551,471849,466137
1787583,22457,460551,470106,1787079,470631
998886,470106,460551,22457
482160,435288,470043,466137,460551,470631
470043,435225,435288,470022
460551,1787079,1784937
460551,998886,470106,1787079,470631
470883,466137,482160
1787583,470043,477120
1782459,477120,470883
21212,470043
1784937,470043,435267,435225,435288
21212,470883
460551,435267,1776516,435288
22457,1782459,435267,1787079,435225
470043,435225,435288
998886,21212,470883
487263,1787079,435225,470631
470043,435225,435288,470022
1787583,466137
998886,477120,21212,435225
1786029,1784937,998886,482160,435288,477120,435267,470043,435225,460551,470106,1787079,1776516,470631
471849,470043,435267,470022,435225
21212,470883
1782459,998886,1787583
487263,460551,470106,1787079,435225,470631
470043,466137
998886,1787583,1787079,460551
487263,470043,435267,435225,460551,470106,1787079,1776516,435288
1787583,471849,1787079
487263,471849
1786029,435288
477120,471849,470883
1782459,998886,470043,435225
1782459,998886
998886,22457
998886,1787079,470631,487263
1787583,471849,1787079,998886
1786029,463806
1782459,470106,1787079
998886,470883
487263,998886
1782459,21212
487263,466137
466137,470022,998886,1787079,1776516
435267,1784937
998886,470043,470022
1786029,21212,470883,1784937,470043,435267,470022,998886,435288
1784937,460551,470106,1787079,470631
460551,1787079
460551,470106,998886
1784937,998886,466137,460551,470106,1787079,470631
1786029,463806
21212,471849,482160,487263,470043,435267,998886,1787079,1776516,435288
1786029,21212,471849,470883,487263,435267,466137,460551,470106,1787079,1776516,470631
1786029,21212,22457,471849,470883,1784937,1776516,482160,487263,470043,466137,470022,998886,1787079,435225,470631
435267,22457,435225,1776516
21212,1776516,466137
21212,22457,435267,460551,1787079
435288,435267,435225,1784937
1787583,22457
998886,22457
487263,470043,470022,460551,470106,1787079,435225,435288
487263,470631
460551,487263
998886,470883
22457,1784937,1787079
460551,1787079
470043,435267,470631,470022
1782459,998886
435225,470022
487263,470043,470883
470043,466137
1787079,1776516
487263,470106,22457,1787079
487263,998886
1782459,22457
487263,460551,470106,1787079,1776516
1787583,471849,1782459,487263,477120,460551,998886,1787079,1776516,470631
487263,1787079
470631,471849,1782459,487263,470043,435267,460551,1787079,435225,435288
471849,487263,470043,435267,998886,1787079,435225
470883,1782459,477120,435267,435288
21212,487263,477120,466137,1776516,470631
1787079,435288
1782459,477120
998886,470043,435267,435288
998886,487263,435267,460551,1787079,470631
487263,470043,435267,1787079,1776516
1782459,471849
470043,435267,466137,470022,435288
477120,1787079,482160
21212,470106,1787079,1784937
1786029,22457
487263,470883
470106,1787079,1784937
477120,1787079
998886,470106,1787079,470631
1787583,470883,998886,482160,487263,460551,470631
1787583,471849,477120,470043,470022,998886,1787079,1776516,470631
1782459,998886
1782459,22457
1782459,470883,466137
998886,470883
1782459,1787583,470043,470631
1787583,482160,487263,1787079,435288
1787583,998886
21212,477120
1786029,477120
487263,470106,998886
487263,470043,435267,470022,460551,470106,1787079,435225,435288
1787583,466137
470043,435267,1787079,435225,435288
470883,487263,470043,470022,460551,1787079,470631
998886,471849
998886,1787079,487263
1787079,435225
1782459,22457
1776516,1784937
1787583,470883,998886
435288,470022,482160
470043,435267,435225,1787079
487263,1787079
1784937,470043,460551,435267,998886,470106,1787079,435225,435288
460551,470043
1782459,998886,1787079
1787079,22457
1787583,477120,470883
22457,998886,477120,460551,470106,1787079,470631
460551,22457,1787079
1787583,998886,466137,460551,470106,1787079,470631
470631,460551,1787079,466137
460551,466137,998886,470106,1787079,470631
460551,470106,22457,470631
998886,477120,466137,460551,470106,470631
1786029,21212,470883,1784937,470043,435267,470022,998886,435288
22457,471849,470883,466137,998886
1787583,21212,1786029,470043,435267,466137,435225,470022,1787079,1776516
998886,435267,435225,466137
487263,470106,1787079,435225
1787583,22457,460551,470106,1787079,470631
470106,1787079,470631,466137
460551,470106,1787079,470631
470043,435288,470022
21212,435267,435225,466137
471849,22457
1787583,21212,1776516,435225
1787079,470631
1787583,22457
1787079,435288,482160
1787583,471849,1782459,435267,470022,435288
1786029,435267
487263,470043,435267,998886,1787079
1787583,471849,487263,470043,435267,466137,470022,1776516
21212,435267,435225,470022
435267,470883,435288,435225
998886,21212,477120,435288
470883,435288
1782459,471849,1784937
1787583,998886
1786029,998886
21212,477120,482160
1787583,21212,22457,471849,1782459,435267,470022
435267,435225,435288
1787583,477120
1787583,471849,466137,487263
460551,1787079,998886
477120,21212,1776516
482160,1782459,470043,470022,435225,435288
998886,1784937
1782459,477120,471849,470883
998886,470106,1787079,470631
1782459,998886,1787583,487263
22457,470043,435267,466137,435225,470022,460551,1787079,1776516,470631
1784937,470043,435267,470022,435288
1782459,21212,470883
470043,435267,466137,470022,435288
1787583,471849
1787583,22457,470883
435225,1784937,470022
487263,21212,22457
470883,482160
435267,470106,1787079
435267,1787583,22457
1787583,470043,470022,998886,435225
487263,1787079,435225
1786029,21212,470883,1784937,470043,435267,470022,998886,435288
460551,470106
1787583,470106,470631
1787583,460551,470106,1787079,470631
21212,470883,470043,460551,998886
1782459,1787583,21212,1784937
998886,1787079,466137
1784937,466137
477120,1784937,482160
1784937,470043,435267,470022,435225,435288
1786029,1787583,22457,1784937,482160,487263,435267,466137,470022,1787079,1776516
21212,22457,470883,1784937,470043,998886,463806,1787079,1776516
1787583,471849,998886
487263,435267,460551,470106,1787079,470631
1787079,470883,470631
477120,482160
470106,1787079,470631
460551,998886
471849,435267,435225,470106,1787079,1776516
1787583,470043,477120,470022,435225,1776516,435288
1782459,1787583,435288
1787583,21212,482160,435267,466137,470022,435225,998886,1776516,435288
998886,460551
470106,21212,1787079
487263,21212,22457,471849
998886,471849,22457
1787583,471849
487263,470043,435225
435267,1787079
1782459,998886
1786029,22457,466137,460551,470106,1787079,470631
1786029,1787583,487263,1787079,470631
1787583,470631
21212,470883,487263,477120,435267,460551,466137,470022,998886,1776516
998886,487263
998886,477120
470883,482160
1787583,21212,470883
487263,470106,1787079,998886
998886,1787583
470631,1787583,471849,487263,1787079,435288
998886,463806,477120
998886,477120,470883
1786029,21212,1776516,470022
998886,435267
487263,435288,470022
21212,435267,466137
998886,477120,1787583,466137
1787583,21212,487263,470043,435267,470022,460551,470106,1787079,435225
998886,463806
1787583,1787079
1787583,470883,487263,477120,466137
470883,1784937,482160
487263,435267
1786029,1787079,998886
1787583,470883
487263,1787079,470631
470883,1782459,435267,998886,435225
435267,435225
22457,482160,998886,463806,1787079,1776516
477120,21212,466137
435267,435288
1782459,998886,1787583
1787583,435225,435288
22457,471849,470043,435267,470022,435288
1787583,470043,460551,470106,1787079
477120,482160
1786029,21212,22457,1784937,482160,470043,435288
998886,463806,1787583,435225
1782459,998886,477120,471849
998886,470106
435267,22457
1786029,470883,998886
1786029,470043,460551,1787079,435225
435267,470022,1787079
487263,1787583,1786029,466137
1786029,21212,1787583,22457,470883,998886,1776516,487263,477120,435267,470043,460551,470106,1787079,435225,435288
487263,435267,470022,470106,1787079,435225,435288
1776516,470043,435267,466137,470022,470106,1787079,435225,435288
487263,470043,460551,470106,1787079,435225
1786029,477120,471849,21212
1782459,487263,1787583
998886,435288
1782459,471849
466137,482160
21212,1784937,1782459,487263,477120,435267,1787079,435225
998886,1787583,471849,470883
1782459,470883
998886,482160
477120,482160
487263,435267,998886,1787079
1787583,470043,435267,477120,470022,435225,435288
1782459,998886,471849,22457
1787583,22457,482160,435267,470106,1787079,435225,435288
477120,470883
460551,435267,435288
1782459,998886
1787583,21212,471849
1782459,477120
460551,470106,1787583,470631
1787583,1784937,460551,470106,1787079,470631
460551,470106,1787079,470631
466137,460551,470106,1787079,470631
471849,460551,470106,1787079,470631
1787583,463806,460551,470106,1787079,470631
487263,1784937
487263,435267
1787583,21212,998886
1787583,22457,471849,470883,998886,463806,1776516
998886,1787583,1784937,482160
1787583,21212,471849,470883,435267,466137,470022,998886,435288
477120,482160
1787583,1776516,435288
1782459,1786029,1784937
1784937,487263,435267,466137,470106,1787079,435225,435288
1787583,22457,1776516,487263,466137,435225
435267,435225,470022
470022,470106,1787079,435225,435288
487263,470106,1787079
487263,470043,435267,470022,460551,1787079,435225,435288
487263,1787079,466137
1787583,21212,22457,487263,435267,466137,998886,470106,1787079,435288
1787583,21212,22457,487263,470043,460551,466137,998886,1787079,1776516
477120,22457
21212,22457,482160,998886,470106,1787079,470631
998886,435225,482160
1782459,998886
470043,435267,435225,435288
435288,435267,466137
470043,435288
487263,477120,1787079,435225
22457,1782459,470043,435267,470022,998886,435225,435288
1787583,21212,470883,477120,470043,435267,466137,470022,998886,435225,435288
435225,466137
21212,470043,466137,470022,435225,435288
22457,471849,470022,1787079,1776516,435288
21212,482160,487263,470106,1787079
487263,477120,1787079,435225
1782459,998886
1782459,998886,1787583
1787583,22457
1786029,21212,470883,1784937,470043,435267,470022,998886,435225
998886,471849,435225,1784937
1786029,470883
470883,470043,435267,470022,435225,435288
1782459,470883
1782459,998886,477120,1787079
1782459,1786029,470883
470631,470883,482160,998886,470106,1787079,435225,435288
1787583,471849,477120,470043,435267,470022,1776516,435288
22457,466137
460551,470631
1787583,21212,487263,1787079,470631
435288,435267,460551,466137,998886,470631
470043,435225,435288,470022
487263,466137,460551,1787079,470631
487263,470043,470022,470106,1787079,435288
21212,470883,487263,470043,460551,1787079
1787583,471849,1776516
470631,487263,470022,460551,470106,1787079,435225,435288
470106,1787079,470631
487263,1787079,435288,470022
1782459,487263,470043,435267,470022,998886,1787079,435288
1787079,435288
487263,460551,470106,1787079,1776516,470631
1787079,470883,22457
21212,1784937,487263,470043,470022,998886,1787079,435225
998886,1787079,466137,487263
21212,470883,463806,470106,1787079
1782459,21212,435288
1787583,477120,466137
1787583,470883,1784937,998886,460551,435288
435267,435225,470022
435267,1787583,21212,471849
1787583,477120
1787583,21212,22457,471849,470883,487263,477120,466137,463806,1787079,1776516
1787583,21212,22457,471849,470883,998886,487263,470043,435267,470022,460551,463806,1787079,1776516,470631
470043,435267,435288,471849
1784937,460551,463806,1787079,470631
1787583,460551,470106,1787079,470631
1787583,1784937,470106,460551,463806,1787079,470631
477120,466137
435288,466137
22457,482160,487263,463806,435288
460551,21212,1787079,466137
487263,470106,1787079,470631
1787583,22457,471849,470883,466137
470883,470022
1786029,471849
1786029,1787583,470883,1782459,477120
477120,482160
470043,435267,470022,435225,435288
435288,470022
487263,1787583,1787079,470631
1782459,470106,22457,435225
998886,435288
998886,471849
487263,470883
477120,470883
435225,1784937
998886,471849,470883
487263,470106,1787583
1782459,482160
1787583,21212,22457,471849,1784937,487263,477120,460551,435225,998886,470106,1787079,1776516
1787583,1782459,470043,1787079,435225
470043,435267
1786029,21212,470883,470043,435267,470022,998886,435225,435288
470043,470022,1787079,435225,435288
1787583,471849
998886,482160
998886,477120,1787583
1787583,1782459,487263,477120,998886,470106,1787079
1787583,22457,470883,1782459,477120,998886
998886,21212,1787583
470883,477120,435267,470022,435225,435288
487263,470043,435267,470022,460551,470106,1787079,435225,470631
1787079,470631
1787583,466137
21212,435225
477120,1787079,1776516
1782459,470883
1787583,998886,487263,470043,435267,470022,460551,470106,470631
487263,21212,1787079
435225,470631
1782459,998886,477120,435225
487263,470106
1782459,471849
470106,1787079
487263,21212,435288
487263,470043,470022,460551,1787079
1787583,471849,470883,22457
471849,470043,435267,466137,435288
998886,477120
487263,470883,482160
435267,435288,470022,482160
1787583,22457
998886,470043,460551,435225
460551,470106,1787079
21212,470883,998886,487263,470043,477120,460551,470106,1787079,435225,435288
1782459,1786029,463806,435225
1776516,466137
21212,435288,477120,470043,435267,460551,470022,998886,470106,1787079,435225,470631
435225,470022,482160
460551,1787079,470631
460551,471849,466137
22457,1776516
1782459,1787583,21212,435225
1782459,470883
470106,1787079
487263,21212
22457,470883,487263,1787079,470631
1787583,477120,482160
487263,1787079
1782459,998886,435267,22457
1786029,470043,477120,435267,435225,470022,1776516,435288
470106,1787079
1787583,21212,22457
21212,1784937
1787583,21212,1776516,477120
1782459,22457
435267,435225
470631,1786029,471849,470883,487263,477120,470106,1787079,1776516,435288
1787583,22457,471849,487263,460551,998886,470106,1787079
1787583,21212,22457,471849,482160,487263,435288,466137,998886,470106,1787079,1776516,470631
998886,470106,1787079,1776516,470631
998886,22457
1787583,470883,998886
998886,1776516,470883
487263,470043,470022,998886,1787079,435288
487263,470631
1786029,21212,463806,466137
477120,1787079,435225
435267,470043,1787079
471849,487263,470043,435267,460551,470106
998886,463806
21212,487263,470022,1787079,470631
487263,463806,1787079
487263,470043,435267,470022,435225,435288
21212,22457,482160
487263,1784937,470022
471849,1784937
21212,470883,470043,435267,470022,998886,435225,435288
22457,471849,998886,435267,470022,460551,470106,1787079,1776516,435288
1787583,22457,471849,466137,998886,1787079,435225
1782459,466137
487263,470043,435288
470043,460551,1787079,435225,435288
998886,487263
1787583,482160,1782459,1787079,470631
1787079,482160
435267,435288,470022
477120,470883
435267,435288
21212,22457,482160,466137,435225
487263,460551,470106,1787079,435225,470631
460551,470106,1787079,1784937
1787583,470106,1787079,998886
487263,470043,460551,1787079,435225
1787583,482160,1782459,435267,463806
477120,470883,470022,435225
471849,487263,470043,460551,470106,1787079,1776516
1787583,22457,471849,460551,998886,1787079,1776516,470631
477120,435288,482160
1786029,21212,463806,1784937,470022,998886,470106,1787079,1776516,435288
487263,470043,998886,470106,1787079,435225,470631
998886,21212
998886,435288,470022
1782459,1787583,22457
435267,471849,435225,435288
22457,482160
487263,463806,1787079,435225
1787583,1784937,470043,466137,470022,1776516,435288
21212,435267,477120
477120,470883
470883,482160,487263,1787079,435225,470631
470883,1784937,470043,470106,1787079
487263,435267,470022,1787079
471849,1782459,470043,435267,435225,435288
487263,470883
1786029,1784937,998886
22457,466137
463806,470883
470106,1787079
463806,435225
1786029,471849,435288
1786029,463806,1787079,460551
1787583,21212,22457,470883,1782459,460551,466137,998886,1787079,470631
1782459,470883
487263,470106,471849,998886
1782459,470883,470631
1787583,471849
1782459,460551,1786029
1782459,477120
470883,482160
1786029,435288
22457,470043,460551,1787079,435225
470106,1787079,470022
1787583,435225
487263,470043,435267,470022
1787583,1787079,470883
21212,470883
1787583,470883
1782459,998886
1787583,470883,482160,477120,998886
487263,1787079
487263,1787079
1787583,22457,482160,435267,435288
1787583,466137
460551,1787079,998886,487263
487263,435288,460551,470106,1787079,435225,470631
1776516,1782459,487263,470043,470022,998886,435225
1782459,22457
998886,21212
1784937,487263,470043,435267,470106,1787079,435225,435288
1787583,21212,470883
1787079,470631
998886,470106,1787079,470631
487263,460551,466137,22457
487263,463806
487263,460551,1787079
998886,22457
1782459,487263,1787079,460551
1787583,471849
1786029,22457,471849,470883,1782459,466137,470022,998886,1776516
470106,1787583,21212,435267
998886,1787079,435225
487263,435267,470022,470106,1787079,435288
1787583,471849,1776516,435288
21212,22457,470883,1782459,477120,1776516
463806,477120
998886,463806
1782459,1787583
487263,470043,435267,435288,466137,470631
998886,477120,21212
470043,470022,998886,470106,1787079,435225,435288
1782459,1787583
1782459,470022
435267,487263,1787079,470631
1787583,22457,470883,1784937,1782459,470043,435267,998886,435288
460551,470106
21212,435225,466137
1782459,1786029,470883
463806,21212,477120
21212,482160
21212,435225,470022
470106,1787079
1782459,1786029,471849
1787583,435225
487263,460551,470106,1787079,470631
1787583,22457,1784937,487263,460551,470106,1787079,470631
1782459,477120,470883
1782459,1787583,466137
998886,466137
470883,487263,1787079,435225,470631
487263,460551,470106,1787079,470631
998886,477120
1787583,470883,1776516,1782459,435288,487263,435267,998886,470106,435225,470631
460551,1787079,487263
470883,482160,1782459,487263,477120,998886,1787079,470631
487263,463806,477120,482160
477120,470883
1786029,21212,1784937,470043,435225,435288
1787583,1787079,435225
470043,435288,470022
1787079,466137
435267,460551,470106,1787079,435225
22457,470883
487263,470043,470106,460551,463806,1787079,470631
487263,435267,470022,998886,1787079,435225
1786029,21212,470883,470043,435267,470022,998886,435225,435288
22457,1782459,466137,435225,998886,470106,1787079,1776516,470631
1784937,477120,435225,998886,1787079,1776516
1782459,998886
470043,435225,470022
998886,477120,471849
1787583,477120,1787079,470631
470043,466137,470022,1787079,435225,435288
487263,470106,1787079
1782459,487263,477120,470043,470022,1787079,470631
470631,470883,487263,470043,435267,998886,1787079,435225,435288
998886,470106
998886,463806
435225,435288,470022
1787583,471849
470106,477120,1787079
460551,1787079,470883,998886
1782459,470883
1786029,1787583,22457,1776516
1782459,998886
1786029,21212,487263,470043,460551,998886,470106,1787079,470631
998886,1787583,482160
1787583,21212,470883,482160,487263,435225,1776516,435288
1782459,470883
470043,435267
1787583,470106,1787079,470631
1786029,21212,22457,487263,477120,466137,998886,1787079
22457,470883
1787079,471849
21212,471849,470883,470043,435267,460551,470022,998886,470106,1787079,435225,470631
487263,435267,470022,1787079,435225,435288
470043,435267,435225,435288
487263,470631
435267,435288
471849,466137
1784937,470106,1787079,435225,435288
460551,1787583,435225,487263
487263,1787079,1776516,435225
21212,1787079,470631
470631,998886,1787079,435288
1786029,1787583,470883,477120,1776516
1787583,1784937,1782459,487263,466137,460551,470106,1787079,435225
470106,1787079
470883,482160,487263,470043,435267,435288,470022,1787079,435225,470631
1787583,470883
1782459,470043,21212
471849,22457
463806,470883
463806,470883
487263,1787079
1787583,22457,471849,1784937,487263,470043,477120,470022,998886,470631
1782459,1786029
21212,1787079,435225
477120,21212,1776516,466137
487263,470883
1782459,487263,463806,1787583
21212,471849,482160,1782459,470043,470106,460551,463806,1787079,435225,470631
1787079,435288,470022
1787583,22457,471849,470883,1782459,487263,477120,470043,466137,1787079
477120,470883
1782459,487263
477120,471849,466137,22457
487263,1787079,435225,470631
487263,1787079,466137
477120,482160
1782459,487263,466137
1786029,1787583,435288,487263,435267,470043,470022,460551,1787079,435225,470631
1782459,435288,470022
460551,470106,487263
1782459,22457,482160
1782459,470106,471849
460551,470106,1787079
1787583,470043,1787079,470631
1782459,477120
1787583,22457
22457,477120,470043,435267,470022,998886,1787079,435225,470631
22457,471849
1787583,471849,470043,1776516,435288
1787583,470883
1782459,470883
477120,463806,482160
1782459,460551,22457,466137
998886,1787583,1786029
470106,1787079
1782459,1786029
1787583,471849,1782459,477120,460551,470022,998886,1787079,470631
1786029,21212,487263,470043,435267,466137,470022,998886,435225,435288
470631,470883,487263,470043,1787079,435288
487263,1787079,470631
435267,435225
1786029,435225,487263
21212,471849,1782459,1787079,1776516
1787583,22457,470883
998886,435267,470022
470883,487263,998886,470106,1787079
1787583,21212,470883,1782459,487263,460551,1787079,470631
998886,22457
1787583,1786029,471849,470022,998886,435288
487263,470043,435267
1786029,1784937
1787583,22457
470106,1787079,435225
1782459,477120,470883,482160
470883,470043,466137,998886,435288
1787583,21212,22457,471849
1787583,435225,460551,1787079,1776516,435288
998886,1787079,466137
487263,470043,470022,1787079,435225,470631
998886,1787583,1787079,1776516
21212,470883,482160
21212,487263,470043,435267,435288,470022,460551,1787079,435225,470631
1787583,1786029,471849,1782459,470043,477120,470022,435288
1782459,470883
1787583,471849
1787583,466137
1787583,1784937,435288,470043,435267,470022,460551,470106,1787079,470631
21212,22457,471849,470883,998886,1782459,487263,470043,435267,435225,460551,470106,1787079,1776516,470631
1787583,471849,1782459,998886,435225,435288
21212,1784937,482160,1782459,487263,435267,466137,470022,998886,470106,1787079,435225,470631
470043,435225,470022
1787079,435225
1787583,22457,471849,470883,1782459,998886,470106,1787079
1782459,1787583
487263,470106,1787079
470043,435267,460551,1787079,435225
1787583,22457,487263,470043,435267,470022,435225,435288
998886,470883
487263,470043,470022,460551,470106,1787079
21212,470043,435267,998886,470106,1787079,1776516,435288
470043,435267,470022,435225,435288
435267,435225
1787583,470883,470043,470022,998886,435225,435288
487263,470106,435267,1787079
482160,487263,477120,470106,1787079,435288
482160,435288,487263,435267,470022,1787079,435225,470631
21212,470883,482160,487263,477120,1787079,435225
998886,470043
1787079,482160
1787583,998886
1786029,22457,1784937,1782459,477120,466137,998886,470106
1782459,477120,470883
1786029,21212,470883,470043,435267,470022,998886,435225,435288
1782459,1787079
470043,460551,998886,1787079,435225,435288
998886,477120,482160
1787583,477120,435267,470043,435225,470022,998886,1776516,470631
470106,1787079,1784937
470043,435267,477120,470022,435225
460551,477120,1787079,470883
487263,470106,1787079,998886
1782459,487263
1782459,1786029
998886,1776516
487263,477120,998886
1787583,435267,470022,1787079,435288
1782459,470043,22457,470022
998886,487263
1776516,470043,435267,470022,435225,435288
470631,1787583,998886,482160,1782459,470043,460551,1787079,435288
1786029,21212,22457,470883,482160,470043,435267,998886,1787079,435225
1787583,470883,487263,460551,470106,1787079,470631
1786029,487263
1784937,435267,470022,470106,1787079,435225
471849,470022
1786029,1787583,22457,471849,1784937,482160,477120,466137,470106,460551,463806,1787079,470631
1776516,466137
1782459,1787583,470043,22457
435288,470043,435267,998886,435225,470631
435225,470883,470022
1786029,22457,470883,435288,470043,477120,435267,487263,460551,470106,1787079,435225,470631
470043,435225,1784937
21212,487263,470043,435267,470106,435225
21212,435267,435225,435288
1784937,435225,435288,470022
1787583,470631
1786029,470883
470043,435267,435288
998886,470883
487263,470106,1787079
470106,1787079,1776516,435225
1782459,471849,470883
471849,470043,435267,470022,470106,1787079,435288
1782459,466137
1787583,477120,435267,470043,435225,1776516,435288
1786029,471849,487263,1787079,435225,435288
435267,435225
1786029,463806
487263,471849,435288,482160
1782459,487263,466137
470883,487263,470043,435267,470022,998886,470106,435225
998886,470631,487263
21212,22457,1784937,482160,487263,470043,470022,998886,1787079,435225
470043,435288,466137
435288,435267,1784937,470022
487263,470106,1787079
21212,435267,482160
998886,477120,470883
1787583,477120
1782459,487263,21212
470043,435225
460551,1787079
470043,435267,435225
477120,482160
487263,21212,1787583,466137
1786029,435225
470043,435288
470043,435225
1787583,460551,470631
1782459,471849
1787583,477120,435267,482160
487263,998886
22457,471849,487263,477120,460551,470022,998886,470106,1787079,435225,435288
21212,22457,482160,487263,435267,470022,470106,1787079
487263,1787079
1787583,22457
1782459,477120,470106,1787079
487263,1787583,470631,1787079
1782459,471849
1787583,22457
487263,1787079,435225,435288
998886,470043
477120,470106,1787079,435225,470631
1787583,21212,1786029,463806,470043,460551,470106,1787079,435288
487263,463806
460551,470043
470043,1776516,470022
487263,470043,435288,470022,470106,1787079,435225,470631
460551,470106,1787079,470631
998886,21212
1787583,1787079,487263
1787079,22457
435267,435288
1787079,466137
470883,470043,435267,470022,435225
487263,1787079
460551,1787079,470631,487263
487263,470106,1787079,470631
1787583,471849
477120,470883,1784937,482160
460551,470883
1787583,470883,477120,435267,435288
21212,22457
470043,435267,435225,435288
998886,477120
470043,435225,435288
487263,435225,470106,1787079,1776516,435288
1782459,1787583,435267,466137
998886,435288,470043,470022,460551,1787079,435225,470631
998886,470883
487263,1787079,435225,470631
1787583,21212
470043,435267,435288,470022
1782459,1787583
21212,470883,1784937,470043,435267,466137,470022,998886,435225,435288
1782459,482160
1787583,470883,1782459,470022,998886,435288
487263,470043,470022,460551,470106,470631
22457,1782459,470043,435267,470022,435225,435288
435267,435225,435288,470022
1787583,482160
487263,1787079,435225,460551
998886,482160
487263,470043,466137,470106,1787079,470631
1787583,487263,470022,470106,1787079,435225
470043,435267,470022,435225,1776516,435288
470883,1784937,487263,470043,460551,466137,998886,470106,1787079,435225,470631
1776516,487263,470043,470022,1787079,435225
1787583,463806,482160,477120,460551,470106,1787079
21212,1782459,487263,470043,460551,435288
998886,466137
1787583,466137
1787583,998886,466137,470022,470106,460551,463806,1787079,435225
487263,1787079,435225,470631
1787583,21212,22457,1784937,1782459,466137,998886
470631,470883,470043,435267,477120,470022,460551,463806,435225,435288
460551,1787079
998886,22457
1787583,477120
1787079,435225
1787583,470883,1784937,487263,477120,460551,1787079,435225,470631
487263,1787079,470631,460551
998886,477120,471849,466137
1782459,487263,998886,1787079,470631
487263,1787079,466137,22457
1786029,470043,477120,470022,435288
477120,482160
21212,470883,482160,487263,477120,466137,470106,470631
470883,487263,477120,470022,998886,1787079
487263,460551,470106,1787079,435225
435225,1784937
1787079,22457
21212,470106,1787079,435225,470631
460551,470106,1787079
22457,470043,435267,460551,470106,1787079,435225,435288
435267,435225
487263,460551
470631,487263,435267,1787079,435225,435288
1787079,470631
1776516,487263,466137,1787079,435225
1782459,1787079,435225,1784937
21212,471849,1782459,477120,998886
1782459,1787583
487263,1787079,470631
1782459,487263,470106
460551,470106,1787079
1782459,470883
1782459,487263,470022,998886,1787079
1787583,22457
487263,21212,1787079
21212,487263,477120,470106,1787079
471849,22457
1787583,22457,470883
998886,21212,1776516
470106,435225,435288,470022
470043,21212,435267,482160
487263,1787079,435225
487263,1787079,435288
1782459,998886
487263,1787079
487263,470043,460551,470106,1787079,435225
487263,477120,470631,470022
21212,463806,466137
998886,21212
470631,487263,435267,460551,470106,1787079,435288
1787583,22457
470043,435267
470106,1787079
21212,487263,470043,435267,1787079,435288
1782459,998886,470883
470043,470883
998886,477120
471849,470883,477120,998886,463806,435225
470631,482160,470043,466137,460551,435288
1782459,487263,477120,470022,998886,1787079,435225
1787079,482160
998886,470883,466137
1787583,998886
1782459,460551,1787583
21212,22457,1784937,482160,1782459
1787079,470631
460551,1787079
21212,1784937,1782459,487263,470043,435267,460551,435288,470022,998886,470106,1787079,435225,470631
998886,477120,1787583,435225
463806,470883
998886,1776516
1782459,998886
1782459,471849
487263,435288,435267,470043,470022,460551,1787079,435225,470631
470106,1787079
1784937,487263,460551,466137,470022,998886,470106,1787079,470631
1786029,22457
1782459,470106,1787079,435267
487263,470043,435267,435288,1787079,470631
460551,470043,435267
471849,1787079
1787079,470631
998886,1787079,466137
435267,435288
21212,471849,1787079,482160
470043,435267,470022
1786029,470106
21212,487263,470043,435267,470022,460551,435225,435288
1782459,470043,435267
487263,470106
998886,470043,470883
477120,470883,435225
1787079,470883
998886,482160
1787583,1786029,487263,470043,435267,435288,470022,470106,1787079,435225,470631
1786029,477120,463806
1787079,1784937
470106,1787079,470883,470631
487263,998886,470106,1787079,470631
470883,1784937
487263,470106,435225
460551,1787079
1787583,21212,477120,470022,435225,435288
22457,487263,470022,998886,1787079,435225,435288
21212,22457,1784937,482160,466137,998886
1787583,470043,435267,435225,470022,1776516,435288
435267,998886,460551,435225
1782459,470043,470883
470631,21212,470043,460551,470106,1787079,435225,435288
470883,435267,998886,1787079,435225
470043,435288,470022
487263,470106,1787079
998886,1787583
998886,487263,470043,435267,470022,460551,470106,1787079,435225,435288
435267,1776516,435288,22457
998886,477120,482160
435225,470022
487263,1787079,470631,998886
435288,466137,482160
435288,435267,1784937,470022
21212,470883
1787583,487263,470043,435267,470022,460551,1787079,435288
487263,998886
1787583,21212,435267,470106,435225
1786029,1787583,470883,477120,435267,470043,470022,435225,1776516,435288
1782459,1786029
1787583,1786029,471849,1784937,482160,477120,460551,470106,1787079,470631
435288,470022
1786029,21212,470883,1784937,470043,435267,466137,470022,998886,435225,435288
435267,470043,1787079,470631
477120,21212,470883,1776516
487263,470883,482160
1787583,477120,470883,466137
487263,1787079
21212,1787079,477120
470106,1787079,1784937
1787079,1784937
466137,1784937
487263,435267,1787079,470022
435267,471849
470106,1787079,470631
460551,470106,1787079
998886,1787583
1787583,477120
463806,21212,1776516,482160
1786029,1787583,998886
998886,487263,470043,435288,435267,460551,1787079,435225,470631
477120,435225
1782459,998886,471849
470043,435267,1787079,435225,435288
470043,435267,470022,435225,435288
466137,470022,998886,1776516,435288
470043,435267,470022
470631,470043,470022,460551,1787079,435225,435288
470043,435267,470022,435225,435288
1787583,21212
487263,466137,470022,1787079,470631
470883,1782459,460551,470106,1787079,470631
470631,1784937,487263,470043,460551,470022,998886,1787079,435225,435288
487263,477120,470883,998886
463806,482160,477120,460551,470106,1787079,470631
21212,22457,477120,998886,1787079
1782459,998886,482160
1787079,470883,22457
1787583,22457,470883
1786029,466137
470883,435288,487263,435267,470022,470631
1787583,487263,460551,1787079,435225
1787583,470883,477120,998886,1787079
487263,1787079
1782459,470883,470631
487263,1787079
21212,470883,466137
21212,487263,470043,470022,460551,470106,1787079,435225,470631
998886,435288
1782459,998886
998886,22457
463806,471849,435288
1782459,998886,1787583
998886,22457,470883
22457,470043,998886,470106,1787079,435225,470631
460551,470043,1787079,470022
460551,435288,487263
21212,470883,1784937,470043,435267,466137,470022,998886,435288
21212,1784937
470043,463806,435288,477120
435267,470022
998886,470883
1782459,1787583
487263,470043,435267,470022,470106,1787079,435225,435288
1782459,998886
1787583,21212,470043,470022,435225,435288
998886,21212,477120,487263
1786029,21212,1784937,487263,435267,470106,1787079,435225
1782459,435267,435288
470043,435267,477120,460551,1787079,435225,435288
1786029,477120,470043,435267,466137,470022,998886,1776516,435288
1782459,460551
1787583,998886
1787583,482160,470043,435267,470022,435225,435288
1786029,470043,435267,470022,1787079
1786029,21212
998886,22457
487263,460551,470631
470883,1776516,998886,487263,435288,435267,466137,470022,460551,1787079,435225,470631
21212,998886,470043,435267,470022,460551,470106,1787079,1776516
1787583,1776516,482160,435267,998886,470106,1787079,435225
21212,22457,471849,470883,482160,477120,435267,463806,1787079,1776516
1787583,21212,22457,1784937,482160,487263,470043,460551,998886,1787079,470631
21212,22457,1776516,487263,470043,435267,460551,998886,1787079,435225,435288
1786029,463806
1786029,21212,998886,487263,477120,435267,435225,460551,470106,1787079,1776516
1786029,1787583,22457,470043,477120,466137,470022,460551,1787079,1776516
1786029,21212,471849,487263,435267,1787079,1776516,435288
1786029,22457,487263,477120,463806,1787079,435225
1787583,21212,1786029,470883,482160,477120,435267,466137,470022,998886,1787079,435225
1786029,21212,471849,470883,1776516,482160,477120,460551,998886,470106,435225
1787583,22457,470883,463806,482160,435288,470043,460551,487263,466137,435267,477120,998886,470106,1787079,435225,470631
1786029,21212,22457,1787583,1776516,477120,435267,470043,460551,470106,435225
1786029,21212,470883,1784937,470043,435267,466137,470022,998886,435288
470631,482160
1782459,1787583,470106,470631
1784937,466137
1787583,477120,435225,1784937
998886,1787079,1776516
1787079,1784937
1787583,1786029,471849,1784937,482160,477120,460551,470106,1787079,470631
1782459,466137,470631
463806,466137
487263,1787079,1784937
435288,470022
487263,470043,435288,466137
1786029,21212,470883,487263,460551,470106,1787079
1786029,1787583,22457,470883,482160,487263,470043,435267,470022,998886,1787079,435225,435288
477120,21212,22457
470883,487263,470043,460551,470106,1787079,435225
477120,470883
1787583,477120
1786029,22457
1787583,21212,466137
1787583,22457,1782459,487263,477120,998886,1787079,435225
471849,487263,470043,435267,466137,998886,470106,470631
435267,470043,1787079,470022
998886,477120
1787583,21212,487263,470043,435267,470022,460551,470106,1787079,435225,470631
998886,470043,1787583,466137
22457,435225
487263,1787079,470631,460551
998886,22457
1787583,22457,471849,470883,482160,466137,460551,470106,1787079,1776516,470631
1786029,470883,477120,435267,470043,435288
487263,470043,435267,470022,470106,1787079,435225
21212,1787079
435267,435225
487263,1787079
477120,482160
1782459,487263,470043,470022,998886,1787079,435225
1782459,998886
435288,470022
21212,22457,470883,470043,435225
1787079,466137
1787583,471849,435225,470022,1776516,435288
487263,1787583
470043,435288,470022
21212,1787079,466137
1787583,470883,1784937,482160
1787583,1786029,22457,487263,477120,460551,470043,435267,998886,435288
1787583,21212,1786029,1782459,487263,460551,1787079,470631
1786029,482160,435267,466137,435225,463806,1787079,1776516,470631
1786029,1787583,22457,1776516,482160,487263,477120,470043,435267,470022,460551,470106,1787079,435225,435288
21212,22457
487263,1787079,1784937
1787583,477120
460551,470106,1787079,435288
435225,470022
1787583,22457,487263,1787079,435288
463806,1784937,460551,470106,1787079,470631
998886,470883
1787583,21212
22457,487263,460551,470106,1787079
435267,435225,1784937,470022
21212,435267
463806,435225
470883,1776516
1782459,998886,482160
487263,1784937
1784937,998886,487263,435267,470022,460551,470106,1787079,435225
21212,470883,1784937,470043,435267,466137,470022,998886,435288
22457,471849
463806,22457
470631,471849,470043,435267,460551,470106,1787079,435225,435288
1786029,21212,22457,1787583,487263,477120,435267,460551,466137,435225,470043,998886,470106,1787079,1776516,470631
22457,1776516,482160
1787583,466137
435225,466137
470106,1787079
487263,1787079,1776516,470631
1786029,487263,477120,998886,470631
460551,1787079,466137
21212,466137
1786029,477120,21212
470106,1787079,470631
1787583,471849,470043,435267,477120,998886,435225,470631
1786029,21212,482160,1782459,487263,470043,470022,435225,470631
1786029,477120,998886,482160
470022,470106,1787079,435225,435288
1782459,1787583,470043
1784937,470022
1782459,998886,470883
470106,1787079,470631
21212,435267,435225,470883
482160,1782459,470043,435267,435225
21212,482160,487263,463806,1787079,435225
998886,1787583,482160
470043,487263,470106,1787079
463806,470883
487263,21212,1787079,22457
477120,466137
998886,22457,466137,487263
998886,21212,435225,482160
487263,470043,435267,466137,470022,460551,470106,435225,435288
487263,1787079,470631
487263,463806
470043,1787079,470883
1787583,21212,1784937,487263,470043,435267,466137,470022,460551,470106,1787079,435225,435288
21212,487263,470043,435267,470022,460551,470106,1787079,435225,435288
1782459,998886,21212
1787583,487263,435267,470022,470106,1787079,435288
487263,470043,435267,470106,470631
460551,470106,487263
1782459,998886,470043,470022
1787583,21212,463806,466137
998886,477120
1786029,1787583,22457,471849,998886,1782459,487263,477120,435267,466137,460551,1787079,435225,470631
470106,435267,1784937,1787079
470043,435267,470631,470022
998886,463806,21212
1787583,471849,22457
1786029,1787583,471849,1782459,998886
1787583,21212,1776516
1782459,470883,470631
435267,466137,470022
1787583,463806,21212,471849
487263,435267,470106,1787079,435225,435288
1786029,1787079,435225,435288
487263,1787079,470631
1782459,1787583,470883
1782459,21212
487263,470043,460551,470106,1787079,435225,470631
1786029,477120,998886,1787079,435225
21212,470883,1784937,470043,435267,466137,470022,998886,435288
435267,435225,1787079
470106,1787079,470631
463806,435267,435225
470106,1787079
470106,487263,21212,470631
1787583,466137
470883,1784937,487263,470022,470106
487263,470043,435267,460551,470106,1787079,435225
470043,435267,470022,435225,435288
487263,1787079,466137
487263,460551,470631,1787079
998886,22457,471849
1787583,21212,22457,1784937,998886,482160,487263,470043,466137,460551,470106,1787079,435225,435288
1786029,471849,482160,487263,466137,998886,463806,1787079,1776516
487263,470106,1787079,470631
1787583,22457,471849,463806,1784937,998886,482160,477120,460551,470106,1787079,470631
460551,1787079,998886
1782459,470883
1784937,435267,466137,470022,435225
1787583,21212,1782459,487263,435267,466137,1787079
1787079,435225
487263,435267,470106,1787079,435225,435288
1786029,482160,477120,435267,460551,463806,1787079,435225
1786029,21212,22457,471849,998886,435267,435225,460551,470106,1787079,1776516,435288
998886,463806,466137
1782459,1786029
1787583,470883,482160,1782459,477120
487263,1787079
1782459,1787583,21212
21212,470106,435267
487263,466137,460551,463806,1787079
487263,460551,470106,1787079,470631
1787583,22457,482160,470022,435225,435288
470106,1787079,470631
487263,470106
470043,470022,460551,470106,435288
1784937,487263,435267,470106,1787079,435225
487263,477120,1787079
470631,21212,466137
487263,22457,466137,1787079
998886,477120,435267,470043,460551
487263,482160
1782459,470883
21212,435288,482160
435267,470022
1786029,21212,1787583,470883,1776516,482160,487263,470043,435267,466137,460551,463806,1787079,435225,470631
1786029,471849
21212,470043,435267,470022,435225,435288
1782459,435225,482160
1787079,470883,466137,435225
1786029,21212,470883,1784937,470043,435267,466137,470022,998886,435288
1787583,22457,470043,460551,1787079,435225
487263,1787079,470631
470043,435267
470883,487263,470043,435267,460551,1787079,435288
21212,477120,435225,470883
1787583,21212,1782459,435225,1776516
21212,1776516,466137,477120
470106,1787079,471849
1787583,21212,22457,471849,466137
1786029,1776516
470631,21212,477120,463806,435288
1786029,463806,998886,482160,487263,477120,470043,466137,460551,470106,1787079,435225,470631
487263,470106,1787583
1787079,470883
1787583,477120,998886
1782459,471849,22457
1786029,21212
21212,470883
21212,470883
471849,470883,1782459,487263,470043,470022,460551,435225,470631
21212,435288
477120,470883
1787079,470883
1782459,998886
460551,463806
477120,463806,435288,482160
470106,471849
1787583,1786029
1787583,21212,471849,1787079
998886,1787583
1786029,487263,477120,463806,470631
1776516,482160
470106,487263,463806,1787079
1787583,998886,487263,470043,435267,466137,470022,460551,470106,1787079,435225,470631
477120,471849,22457
1782459,477120,471849
435288,21212,435267,1784937
22457,435267,470106,435225,435288
22457,435225,482160
1787079,435225,435288
487263,466137
1782459,477120
470883,1782459,487263,463806,435225,470631
460551,1787079
463806,470883
477120,470883,482160
463806,435267,435288,470022
1787583,471849,487263,470043,435288
470883,466137
21212,435288
1786029,470883,482160,487263,466137,470022,463806,1787079,435225
998886,1787583
998886,470883
463806,466137
470043,435267,470022,460551,435288
1787583,470043,460551,1787079,435225
1786029,435288
1787583,1787079
1786029,1787583,1782459,470043,477120,466137,998886,1787079,435288
470631,487263,21212,466137
1787583,487263,470106,1787079,435225,435288
460551,1787079
21212,466137,460551,1787079,435225,435288
460551,1776516
1787583,22457,1784937,487263,470022,460551,1787079,435225,435288
1786029,21212
1782459,998886,1787583,470883
1782459,477120
470631,21212,435267,470022,1776516,435288
1787583,470106,1787079
1786029,21212,470883,1784937,470043,435267,466137,470022,998886,435288
470043,435225,470022
470883,487263,470043,435267,998886,470106,1787079,435288
463806,482160
487263,470631
21212,482160,477120,435267,466137,470022,1787079,435225
1786029,463806
1787583,470043,470022
463806,22457,1776516,482160
482160,1782459,487263,477120,460551,1787079
1782459,1787583
998886,471849
1787583,470883,487263,435267,470106,1787079
1786029,1787583,22457,463806,482160,477120,460551,998886,470106,1787079,470631
463806,470106,435225,435288
1787583,22457,471849,470883,1782459,463806
1782459,1787079
1782459,470883,1784937
22457,470043,460551,463806,1787079,435225,435288
487263,460551,470631
1787079,22457
1787583,470883,470043,435267,470022,460551
998886,21212
1787079,470883,470631
470631,1786029,21212,487263,470043,460551,463806,1787079,1776516,435288
1786029,1784937,1776516,487263,435288,470043,460551,470022,998886,1787079,435225,470631
1782459,487263,470043,435267,463806,435288
1787583,1786029,470043,470022,435225,1776516,435288
471849,470043,998886,435225,435288
463806,435267,435288
998886,21212
1782459,1787583
470043,435225,435288,470022
487263,435267,470631
1786029,21212,463806
1786029,22457,1784937,470022,463806
1786029,482160
470043,435267,435225,435288
435267,21212,470043,471849
1787583,22457,471849,482160,998886
1787583,1787079,470883,470631
435225,482160
463806,482160
460551,1787079
487263,470106,463806
477120,482160
21212,482160
1786029,21212,470883,482160,466137,470022,998886,463806,1787079
1782459,998886
1784937,471849,435288,1787079
1782459,470022,998886,463806,470631
1787583,471849,463806,1784937,460551,998886,470106,1787079,435225,470631
463806,470883
470883,482160
1782459,435225,470883,470022
1782459,487263
487263,463806,1787079
1787583,998886,477120,470043,435267,470022,460551,1787079,435288
435267,435225
477120,470043,470883
1787583,470043,470022,1787079,1776516
998886,471849
487263,435267,470883,435288
1782459,487263,470043,470022,1787079,435225
21212,435225
435267,470043,1787079
1786029,463806
470631,21212,487263,477120,435267,470022,460551,470106,1787079,435225,435288
1786029,1787583,21212,471849
487263,1787079
1787583,470883
487263,463806
487263,470043,435267,470022,470106,1787079,435225,435288
1787583,22457
463806,482160
1786029,21212,22457,1784937,482160,487263,470043,460551,1787079,435225
487263,470043,435267,470022,470106,1787079,435225,435288
1782459,1786029
1786029,1787583,21212,471849,470883,482160,477120,466137,460551,470106,1787079,435225
487263,470631
487263,470043,435267,460551,470106,1787079,435288
471849,22457
470106,1787079
22457,1782459,487263,435267,470022,1787079
470883,482160,470043,466137,470022,460551,463806,1787079,470631
1786029,1787583,435267,470022,463806,1787079
470883,435288,470043,435267,477120,460551,1787079,470631
1787583,22457,463806,1784937,482160,460551,998886,470106,1787079,470631
487263,470883
463806,466137,482160
1786029,21212,470883,1784937,470043,435267,466137,470022,998886,435288
435267,466137
1786029,463806,466137,482160
487263,470022
471849,1784937,435267,466137,435225
1786029,463806
435267,470043,1787079
471849,487263,470022,460551,1787079,435225,470631
998886,463806,1786029,466137
1786029,1784937,487263,460551,1787079
1782459,435288
1787583,487263,477120,435267,466137,1787079,435225,435288
21212,22457,1782459,435267,470022,470106
487263,477120,470106,1787079,470631
435267,435225,470022
998886,470106,1787079
460551,477120,1787079,482160
460551,471849
463806,1787079,471849
487263,1787079
1787583,1787079,998886
998886,477120
1782459,1786029,470883,998886
1786029,22457,1784937,1782459,460551,470106,1787079,470631
1787583,487263,470043,435267,998886,1787079,1776516,470631
1786029,470883,482160,1782459,470043,435267,466137,470022,998886,435225,435288
998886,477120,463806,482160
1787583,21212,470043,460551,470106,1787079
1786029,470043,435225
1787079,435225,470631
470043,435225,470022
470043,470022,1787079,435225,435288
21212,470883,435267,466137,470022,435225
1782459,463806
482160,1782459,470043,435267,435225
1787583,487263,470106,1787079,470631
1787583,21212,998886,466137,460551,470106,1787079,1776516
1787583,471849,470043,435267,435225
21212,470883,1784937,435288,470043,435267,470022,470106,1787079,435225,470631
435288,1787079,466137
22457,482160
1787583,463806
1787583,471849
21212,1787079,1784937
487263,470043,470106,1787079,435225
463806,470883,1784937
487263,470106,1787079,460551
998886,482160
1782459,21212
487263,1787079,466137
998886,21212
21212,1776516
470106,1787079
487263,477120,435225,435288
463806,1787079,470631
1782459,463806,435225,482160
1787583,21212,998886
22457,471849
470883,466137
1787583,471849
477120,482160
1787583,471849
463806,21212
998886,471849,1784937,22457
1787583,466137,998886,1787079,470631
470043,435267,435288,470022
1786029,471849
1782459,470883
1786029,21212,470883,1784937,470043,435267,466137,470022,998886,435225,435288
1787583,21212,22457,470043,466137,1787079,1776516
1787583,463806,21212
487263,1787079
477120,435267,1776516
471849,435225
1787583,21212,466137
487263,460551,470631,1787079
477120,482160
470043,435267,470022,463806,435225
463806,470022,470106,1787079,435225,435288
487263,477120,435225,482160
477120,470883
1786029,1787583,471849,998886,470106,460551,463806,1787079,470631
487263,435288
21212,487263,435267,466137,1787079,470631
1786029,21212,463806,477120
1782459,1786029
470043,435267,1787079
460551,470043,466137
998886,470883
487263,435267,470106,1787079,470631
1782459,470883
998886,487263,482160
1786029,21212,22457,471849,470883,482160,470043,463806,1776516
477120,1776516
470631,487263,470043,470022,463806,1787079,435225,435288
21212,998886,487263,477120,466137,470022,460551,463806,1787079,1776516
1787583,1786029,21212,466137,470106,1787079,1776516,435288
1786029,21212,998886,466137,460551,1776516
487263,1787079
1786029,21212,471849,482160,487263,477120,470043,466137,460551,470106,1787079,435225,470631
1787583,21212,22457,470883,1784937,487263,477120,470043,466137,460551,470106,1787079,470631
1786029,463806,1787583
1787583,21212,1786029,22457,471849,487263,477120,470043,466137,470106,998886,463806,1787079
487263,477120,1784937
21212,435267,435288,470022
477120,471849
470043,435225,435288,470022
471849,466137
470883,487263,998886,470106,1787079
477120,1787079,470883,1784937
1782459,463806,435288
460551,21212,1787079,487263
1787583,21212,1786029,470883
470883,482160,1782459,470043,477120,998886,463806,435225,435288
487263,1787079,470631
998886,463806
21212,470883
487263,435267,460551,470106,1787079,470631
1786029,435267,435288,1787079
1782459,471849
1782459,466137,482160
998886,1787583
487263,435288
1787583,1786029,471849,470022,998886
487263,463806,1787079
463806,1784937,487263,477120,435267,470106,1787079,435225
21212,435225,435288
477120,482160
470043,21212,435267,1787079
1784937,487263,470043,435267,470022,460551
487263,470106,1787079,435225,435288
463806,482160
21212,470883,1784937,477120,460551,998886,1787079
998886,470883
21212,22457,471849,466137,1776516
463806,1787079
1786029,482160,1782459,487263,470043,477120,435288
487263,460551,463806,1787079,470631
1782459,470883
22457,470883
1786029,470883,1782459,463806,435288
487263,1787583,1787079
1787079,471849
1787583,21212,1786029,471849,1776516,482160,487263,477120,460551,1787079,435225
1786029,487263,477120,470022,460551
1782459,487263
998886,21212
1787583,470043,435267,470022,435225
460551,470106,1787079,435225
21212,470043,477120,1787079,435225,435288
463806,470043,466137,470022
1787079,470631
1787583,1787079,435225
470106,1787079
1787583,435267
1782459,470043,435267,435225
1786029,21212,470883,1784937,470043,435267,466137,470022,998886,435225,435288
1786029,463806,482160
1787583,435267,470022,460551,1787079,435225
1786029,466137,482160
470883,466137
1787583,477120,1776516
1784937,466137
1787583,22457
1787583,463806,1784937,482160,460551,998886,470106,1787079,470631
470106,487263,463806
998886,470883
1787583,471849,1784937,435267,470022,998886
1787583,460551,1787079
1786029,1787583,482160,477120,463806
1787583,477120
1782459,21212,470022,482160
1787583,471849,435288
477120,435267
1786029,21212,463806,477120
1787583,471849,998886
1786029,21212,470883,482160,487263,470043,477120,435267,466137,470022,460551,1787079
1787583,21212,22457,1784937,1782459,487263,477120,470043,466137,435225,463806,1787079,1776516,470631
998886,463806,477120
487263,470043,435267,470022,463806,1787079
1787583,487263
477120,470022
998886,470106,463806,487263
487263,460551,998886,1787079,470631
1787583,22457,1787079
1787583,21212
1782459,487263,470022,1787079,435225,470631
477120,463806
477120,470883
998886,463806,487263
435267,22457
1787583,22457
21212,482160,1782459,477120,435267
1782459,435225
463806,21212,471849
470883,482160,487263,435267,460551,463806,1787079,435225
435267,470106,1787079,435288
470106,1787079,435225,470631
1787583,471849
1782459,463806,470022
1782459,471849
487263,1787583
22457,470883
1786029,21212,482160
487263,21212
1787079,1784937
1787583,1787079,487263
1787583,471849
1786029,1787583,435288
463806,477120,1786029,470883
1782459,470883
998886,435267
1782459,21212
1787079,482160
460551,470106,1787079,470631
1782459,487263,1787079,1784937
21212,466137,470022
1782459,477120
22457,470631
1786029,21212,22457,471849,470883,482160,477120,466137,435225,463806,1787079,1776516
487263,1786029,482160
477120,470883
471849,482160
998886,477120,21212
998886,463806
1786029,21212,470883,1784937,470043,435267,466137,470022,998886,463806,435225,435288
1787583,1784937,482160,477120,460551,470106,1787079,470631
1782459,998886,22457
998886,463806
1787583,1787079,460551,487263
1787079,435225,470022
1782459,1787079
470106,1787079
1787583,22457,466137,487263
470631,487263,470043,435267,470022,460551,1787079,435225,435288
487263,1787079,482160
998886,1787079
1782459,470043,435267,435225
470043,435267
1787583,22457,998886,487263,477120,460551,470631
463806,466137
1782459,1787583
470883,477120,460551,1787079,435225,470631
1786029,463806
487263,460551,470106,1787079,470631
487263,1787079,435225
487263,998886,1787079,435225,470631
1782459,487263,477120,1787079
1787583,470043,471849,435288
482160,487263,470043,470022,1787079,435225
1786029,470883
21212,471849,477120,470022,998886
1782459,998886
998886,21212,463806
1787583,471849,487263,470043,435267,460551,435225
1787583,22457
460551,470043,1787079,435288
1786029,471849,470883
487263,470106,470631
487263,460551,470106,1787079,470631
470631,477120,470883,1784937
1782459,998886
21212,482160,477120,466137,470106,1787079,470631
487263,1787079,1776516,470022
1782459,1787583,471849
435288,435267,435225,1784937
1782459,477120,22457
21212,471849,470043,460551,1787079,435225
998886,470883,482160
21212,435225,435288
1787583,21212,435288
1786029,22457,471849,487263,470022,460551,435225
21212,22457,471849,482160,487263,466137,460551,463806,1776516,470631
1786029,21212,471849,470883,435288,470043,466137,435225,470022,463806,1787079,1776516,470631
1787583,21212,22457,487263,477120,466137,470106,998886,463806,1787079
463806,1787079
1784937,487263,435267,470022,470106,1787079,435288
1787583,477120,998886
470883,487263,470043,470022,463806,1787079,435225,435288
1782459,487263
460551,470106,1787079
1787079,435225
1787583,1787079,466137
1782459,463806,470883,466137
487263,470043,435267
21212,435225,435288,470022
1787583,22457
463806,471849
1786029,998886
487263,470106,1787079,435225
435267,470106,1787079,1784937
1787583,470106
998886,21212,435225,435288
460551,1787079,466137
471849,22457
998886,1787079
22457,1782459,487263,463806,1787079
487263,435267,460551,470106,1787079,435225
1786029,1787079
477120,1776516
1782459,487263,470631,435288
1782459,1787583,22457
21212,470883,487263,477120,466137,998886
1782459,470883
470043,21212,435225
1787583,22457,470043,998886,435225,435288
21212,470043,477120,470022,1776516
1786029,21212,1787583,471849,470883,482160,1782459,487263,466137,460551,1787079,435288
1786029,435288
1782459,1786029
1782459,998886,470883
998886,21212
487263,435267,460551,1787079,435288
1782459,21212,435225,482160
1786029,463806
1786029,460551,435225
470106,1787079
435225,470022
1782459,21212
460551,470106,1787079
21212,482160,1782459,466137,998886
998886,21212,435267
21212,998886,487263,435267,460551,470106,1787079,435288
1784937,487263,477120,435267,435225,470631
1787079,470631
477120,21212
1787583,470043,1786029,435225
470043,435288,470022,482160
1787583,1786029,22457,463806,1787079,470631
435267,435225,470022
466137,1784937
1787583,1782459,487263,470043,435267,470022,435225,998886,1787079,1776516
470631,1787583,487263,477120,998886,1787079,435225,435288
470883,466137
487263,470106,1787079
1787583,21212,471849,435267,466137,463806
998886,22457,466137
1787583,471849,1784937,460551,470106,1787079,470631
1787583,471849,470883
21212,463806,466137
1787079,470631
1782459,1787583,463806
1787583,463806,482160
470631,1786029,21212,487263,435267,470106,1787079,435225,435288
435267,470883,435288,470022
1787583,471849
998886,471849
1782459,1787583,471849
487263,466137,470106,1787079,470631
1787583,471849,435288
1787079,470883
1786029,463806,470883
21212,998886,487263,466137,470106,460551,463806,1787079,470631
463806,466137
1787583,21212,22457,471849,482160,477120
1787583,470883
463806,435267
487263,21212
1787583,471849,998886
21212,470043,435267,470022,435288
1786029,998886
1786029,1787583,22457,470883,460551,466137,435225,998886,463806,1776516
463806,470883
1782459,998886
1782459,1787583,1786029
1787583,471849,1776516
1786029,471849
477120,482160
487263,435267,466137,470106,1787079,435225
1786029,463806
1787079,466137
1787583,471849,998886,463806,1776516
21212,1784937,487263,435267,470022
1776516,487263,470043,477120,435267,470022,1787079,435225,435288
998886,477120,463806,466137
470043,470022,998886,463806,435225
477120,471849
1782459,22457,470883
460551,1787079
477120,22457
21212,22457,470883,1784937,482160,487263,477120,466137,435225,470022,463806,1787079,1776516
1787583,1786029,21212,470883,1784937,482160,477120,470022,998886,1787079,435225
21212,1776516,435267,470022,435225
1782459,1787583,470106,1787079
463806,482160
22457,1787079
21212,22457,482160,1782459,470022,998886
463806,22457
463806,470022
1786029,21212,470883,1784937,470043,435267,466137,470022,998886,463806,435225,435288
1786029,22457,1784937,460551,470106,1787079,470631
435288,470022,460551,470106,1787079,470631
471849,435225,22457
1786029,21212,477120
1786029,21212,1787583,470022,435225
1782459,487263,1787079
477120,22457,463806
463806,470022
1786029,471849
1786029,471849,466137,463806,435288
435225,435288
1782459,487263,470631,998886
1786029,463806
1786029,1776516
487263,1787079,482160
470106,463806,22457,1787079
1782459,477120
487263,435288
1787583,998886
487263,435267,470106,1787079,435225
1782459,1786029,21212,463806
998886,1787079,466137
1786029,21212,1784937,482160,466137,1787079
1786029,1787583,22457,463806,482160,487263,477120,435267,466137,460551,470106,1787079,435225,470631
435267,466137
470883,482160,487263,435267,470022,998886,463806
1782459,22457
435267,466137
21212,471849
470043,435267,435288,470022
470883,1784937,1782459,470022,998886,1787079,435225
487263,470883
487263,1787079
1782459,1787583,470043,435225
1786029,435267,998886,463806,435225
22457,471849,1782459,487263,435267,466137,1787079,435225
998886,482160
470106,1787079
460551,1787079
470106,477120,435267,470883
463806,470883
460551,1786029,435225,1784937
998886,470043,435288,470022
1787583,470883
1787583,22457,466137,470022
470043,1784937,466137,470022
470043,435288
998886,470631
1782459,1787583
998886,22457
470043,435267,460551,470106,1787079,435225
998886,21212
487263,470022
435288,470022
1786029,21212,471849,1784937,482160,477120,466137,460551,1787079,1776516,470631
1782459,1787583,470106
470043,435288,470022
1787583,22457
1782459,463806,22457,482160
22457,1787079,471849
487263,1787079,435225,470631
463806,470022
487263,1787079,470631
21212,470883,998886,470106,1787079
487263,1787079,470631
1782459,487263
470106,1787079,1784937
21212,482160,1782459,470043,435267,477120,466137,463806,1776516
487263,463806,470883,470022
1782459,477120,22457,470883
463806,435288
1782459,21212,1787079
470106,1787079
1782459,470043,435267,470022
487263,477120,1787079
487263,477120,435288,482160
463806,1787079,466137
435225,466137
470631,1786029,487263,470043,470022,1787079,435288
435288,470022
470883,1784937,487263,435267,470022,470106,1787079,435225
21212,22457
1786029,22457,482160,1782459,477120,998886,463806
1787583,470883,1784937,435267,460551,466137,470022,998886,463806,1787079
21212,470043,435267,460551,470022,998886,1787079,435225
470043,435267,466137,470022,470106,1787079,435225,435288
477120,482160
463806,466137
477120,482160
1782459,463806
477120,471849
477120,466137
482160,1782459,470043,435267,435225
482160,487263,477120,998886,1787079,435225
463806,482160
477120,470883,466137
463806,22457
998886,1787583,435225
1787583,22457,482160,1782459,998886
21212,470883,482160,477120,435288
1787583,21212,1787079,470631
463806,1787079,1776516,466137
470043,470022
21212,1784937
487263,470883
1786029,21212,470883,1784937,470043,435267,466137,470022,998886,463806,435225,435288
1787583,487263,477120,460551,1787079,435225,435288
460551,470106,1787079
470631,1786029,466137,998886
435267,1787079
1787583,22457,998886
21212,487263,470043,435267,460551,470106,1787079,435225,470631
21212,471849
1787583,470106,1787079
1786029,477120,998886
21212,487263,470043,470022,463806,435288
998886,1784937
460551,470106,1787079
21212,435225
1787583,1786029,463806,1784937,482160,470043,466137,470022,470106,1776516,435288
1782459,487263
470043,435288,470022
1787583,463806,435267,435288
470106,1787079,470631
470043,435225,470022
1782459,1786029,463806
1786029,463806,471849
1786029,487263,470106,1787079
487263,463806,477120
487263,470043,435267,470022,470106,1787079,470631
21212,482160,470043,998886,1787079,435225
1787583,435267,435288
435288,482160
487263,470106,1787079
470631,477120,466137
470631,477120,466137
1786029,21212,1787583
487263,460551,470106,1787079,470631
470106,470043,1776516,1784937
463806,21212
1787583,1786029,1784937,477120,460551,470106,1787079,470631
1787583,463806,466137,482160
471849,470883
463806,435267
460551,1787079,470631
463806,435225,435288
1786029,471849
1787583,22457
1787583,1787079,470883
463806,482160
21212,477120,482160,470883
21212,482160,470043,435267,470106,1787079,435225,435288
487263,21212
21212,477120
463806,477120,466137
21212,470043,435225
470043,435267,470022,463806,435225,435288
1787583,470106
470043,1786029,1787583,435267
460551,1787079
1786029,463806,487263,460551,470106,1787079,435225,470631
460551,466137
477120,470043
477120,22457,482160
1786029,22457,471849,470883,1784937,482160,487263,477120,435267,470043,466137,463806,1787079,435225,470631
435267,21212,470043,435225
21212,477120
470043,463806,1784937,435225
487263,470043,435288,435267,470022,470106,463806,1787079,435225,470631
1786029,21212,22457,1784937,1776516,477120,466137,470022,460551,463806,1787079,435225,435288
470883,487263,470043,998886,1787079,470631
1782459,463806
21212,435225,1784937
463806,435288
477120,466137,482160
435225,470022
21212,1782459,487263,435267,470022,470106,1787079,435225
463806,435288
435267,435225,470883
460551,470106,1787079
460551,470106,1787079
1786029,21212,470883,1784937,470043,435267,466137,470022,998886,463806,435225,435288
22457,470883
463806,470883,1784937,466137
487263,435225
1786029,470106,1787079
1787079,435225
435267,435225,435288,470022
466137,1787079,470631,470022
470043,435288
477120,482160
470043,435225,470022
1787079,435288
21212,470883,482160,1782459,1787079
1787583,471849
463806,470883
1787583,1787079,460551,487263
470883,487263,435267,1787079,435288
470043,470022,463806,435225,435288
487263,435225,470631
1786029,1787583,21212,22457,470883,487263,477120,435267,463806,1787079,1776516,435288
21212,22457,482160,487263,460551,463806,1776516,435288
487263,21212
463806,477120
487263,1787079,470631
21212,466137
477120,22457,470883
470043,435288,470022
470106,463806,1787079
487263,998886
21212,482160
477120,470883
1787583,463806,470106,1787079,470631
1787079,470631
463806,482160
470043,435267,435225,470022
1787583,21212,470883,487263,477120,435267,466137,460551,1787079,435225,435288
1782459,466137
1782459,998886,470883
21212,470043,435267,435225
470106,1787079
460551,1787079,435225
435267,435225
1787583,477120
435267,487263,460551,1787079
21212,477120
1787583,1786029,22457,482160,487263,470043,477120,466137,470106,460551,463806,1787079,435225
1786029,471849,470883,477120,466137,463806,1787079,1776516,470631
1787583,21212
487263,460551
470106,1787079
477120,470883
470106,1787079
1787583,435267,435225,1787079
1787583,998886,463806,1786029
477120,1787079
477120,482160
21212,22457,470631
487263,477120,1787079,470631
21212,1787079,470883
998886,1787583,471849
460551,477120,1787079,470883
470883,482160,487263,998886,1787079,435225,470631
1787583,22457,470883,1782459,487263,470043,435267,477120,470022,470106,1787079
1776516,466137
998886,463806
487263,463806,460551,466137
21212,1784937
1782459,1786029
487263,1787079,470883,470631
460551,470883
1786029,22457,482160,477120,460551,470106,1787079,470631
21212,470883,1784937,482160,477120
1786029,21212,463806,477120,470106,1787079
1787583,22457,470883,470106,1787079
1782459,487263,470043,470631
470043,21212,435267,435225
1786029,435225,482160
1786029,21212,470883,1784937,470043,435267,466137,470022,998886,463806,435225,435288
1786029,477120,1787583
21212,477120,1776516
1786029,477120,463806,482160
21212,1784937,482160
487263,463806
470043,21212,435267,435225
21212,487263,435267,1787079,435225
1782459,471849
22457,487263,435267,460551,463806
471849,470043,435267,435225,435288
1784937,1782459,466137,470106,463806,1787079,435288
1787583,1787079,470883
477120,435225
1782459,470883,466137,1776516
477120,466137
1787583,471849
1787583,477120,1776516,466137
487263,460551,470106,1787079,435225,470631
477120,22457,482160
466137,1776516,1784937
487263,470043,470022,470106,1787079,435225
21212,470883,1784937,1782459,998886,435288
1782459,1786029,470883
1787583,1786029,470883,1784937,487263,466137,460551,1787079,470631
1787079,435288,22457
1782459,998886,477120
998886,477120
998886,470883
1787583,471849
435267,466137,470022,435225,435288
463806,470883,482160
1787583,470883
1787079,435225
1787583,1787079,470883,998886
1787583,21212,22457,482160,460551,1787079,470631
487263,1787079
22457,471849
470106,1787079
1782459,998886,1787079
487263,435267
470631,435288
1786029,22457,482160,460551,470106,1787079,1776516,470631
470106,998886,21212,1787079
477120,21212
487263,1787079
487263,470106,1787079
1782459,1786029,435225
1786029,470631
477120,470883
1786029,1787583,22457
435267,1776516,466137
1782459,998886,22457,471849
1787583,471849,470043,435267,470022,435225,435288
1787583,463806,477120
487263,1787079
1782459,1786029,466137,470631
1786029,21212,470883,477120,463806
470106,21212
1782459,477120,470883,482160
1786029,1787583,22457,21212,471849,470883,482160,466137,463806,1776516,470631
471849,487263,470043,470106,463806,1787079
463806,470631
1776516,1782459,487263,470043,435267,470022,435225
1787583,435267,466137,470022,435225,1776516
1787079,1776516,470631
21212,463806
470106,463806,1787079,471849
998886,471849
1786029,1787583,998886
1786029,1787583,22457,470883,1784937,482160,487263,470043,435267,466137,1787079,1776516,470631
1787583,1787079
998886,466137
998886,463806,487263
21212,470883,1784937,470043,435267,466137,470022,998886,463806,435225,435288
1787583,487263,470106,1787079,435225
470106,1787079,22457
21212,470883,1784937,482160,435288
435267,435225,435288,470022
1787583,1786029
998886,1787079,460551
470883,466137
1787583,1787079,460551,22457
470043,435288,470022
21212,470883
1786029,463806
463806,466137
1782459,463806
21212,482160,466137,1787079,1776516
1786029,471849,435288,477120,435267,470043,435225,460551,470106,1787079,1776516,470631
1786029,21212,471849
470106,466137
487263,435267,470022,460551,470106,1787079,435288
22457,487263,477120,466137,463806,1787079
477120,466137
487263,470106,1787079,998886
1787583,477120,470022
471849,470883,470043,435225,435288
1786029,21212,1787583,470883,487263,435267,470022,460551,463806,1787079,1776516
471849,466137,460551,463806,1776516,470631
463806,471849
1786029,21212,470883,482160,487263,477120,466137,460551,463806,1787079,1776516
1786029,21212
1786029,463806
1782459,487263
435267,470022
1782459,463806,22457
463806,487263,435267,470106,1787079,435225
1782459,1787079
21212,470631
463806,482160
1786029,1787583,471849,1784937,998886,482160,477120,460551,470106,1787079,470631
470883,470022
1787583,477120,463806,466137
435267,1784937
1786029,477120,471849
471849,477120,998886,470106,1787079,1776516
460551,1787079
1782459,463806
998886,466137
1786029,22457
1782459,1787583
1782459,1776516
487263,470022
22457,1787079
435225,435288,470022
1786029,21212,1787583,482160,487263,477120,466137,998886,463806,1787079,435225,470631
1787079,1776516,471849
1786029,463806
470631,1784937
1782459,998886
470883,482160
22457,470883,470043,998886,1787079,435225,470631
22457,466137
1784937,470022
470883,1784937,1787079,435225,435288
1786029,998886
435267,435288
1786029,1782459,487263,470106,1787079,470631
487263,1787079
470106,1786029,477120,1782459
1782459,1787583,470883,466137
1782459,998886,477120,21212
1786029,463806
460551,482160
21212,470883
1787583,477120,22457
463806,470883
487263,435267,1787079,470022
487263,470022,460551,463806,1787079
463806,471849
1782459,470883
1782459,1786029
1782459,471849
21212,22457,470883,466137,998886,1776516
470043,435267,477120,470022,435225
1786029,21212,470883,1784937,470043,466137,470022,998886,463806,435225,435288
487263,435267
1787583,435267,460551,463806,435225
998886,1776516
460551,1787079
1787583,22457,471849,435267,435225,470022,1776516
435267,1787583,1787079,487263
477120,1787079
435288,470022
463806,470883,466137
1782459,471849
477120,471849
21212,466137
1787583,463806
477120,1776516,466137,482160
1782459,1786029
1782459,1786029,463806
998886,1787079,482160
1787583,463806
1786029,471849
21212,482160,487263,435267,1787079,435225
487263,1787079,470631,460551
487263,470883
471849,470043,435267,477120,435225
1786029,471849,1784937
1787583,471849
1786029,1787583
1787583,477120,482160,487263
22457,470883
1786029,435267
1782459,1786029,470043,1787583
1782459,22457
1786029,477120,470883
1786029,21212
1782459,463806
22457,471849
470106,460551,463806,1787079
487263,470043,435267,435225,1776516,435288
460551,470106,1787079,463806
463806,466137
460551,470106,1787079
470106,21212,1787079
1782459,487263,470106,1787079
1786029,463806
487263,463806,1787079,470631
1787583,998886
470106,1787079
998886,435267,471849
1786029,463806,466137
21212,1784937,470043,466137,435225
21212,463806
1786029,463806,466137
463806,470883
1786029,463806
1786029,471849,1784937,482160,477120,460551,998886,470106,1787079,470631
21212,470106,1787079,470631
1782459,1787079
22457,470883,1782459,466137,460551,470106
1786029,21212,471849,482160,487263,477120,466137,460551,463806,1787079
1786029,21212,22457,1787583,470883,477120,466137,435225,463806,1787079,1776516,435288
1787583,22457,471849,482160,1782459,1787079,1776516,470631
1786029,463806
487263,470106,1787079
463806,470022
435288,487263,21212,1784937
1782459,998886,1787079
998886,470883
470043,435267,470022,470106,1787079,435288
463806,477120,470022,482160
1782459,463806,1787079,470631
1786029,21212,1784937,477120,435267,466137,463806,435225,435288
1786029,463806,435288
1784937,482160
470043,435267,466137,460551,435225,470631
1787583,21212,471849,435225
1786029,463806,1787079
1786029,482160
463806,21212,470883,482160
1786029,21212,470883,1784937,470043,466137,470022,998886,463806,435225,435288
1784937,482160,487263,477120,435225
471849,470883,1782459,470043,435267
471849,470883,470022,482160
1787583,470883,477120,998886,470106
466137,460551,470106,1787079,470631
1787583,470043,477120,470022,435225,435288
1787583,466137
1787583,463806,487263,477120,435267,466137,470022,435225,460551,470106,1787079,1776516
477120,482160
21212,470883
998886,471849
1782459,463806
1787583,1787079,435288,22457
1782459,471849
470106,1787079,470883,471849
1776516,1784937
460551,470106,1787079
463806,466137
21212,470043,435267,435225,1776516
435267,466137,470106,1787079,435288
435267,435225,435288,470022
487263,1776516
470043,1787079,1784937
1782459,1786029
1787583,1786029,471849,1784937,477120,460551,470106,1787079,470631
471849,22457
1782459,1784937
435225,482160
470043,435267,435288
998886,1787583
1787583,463806
487263,1787079,470631
471849,487263,435267,998886,463806,435288
1782459,998886
21212,1784937
1782459,463806,477120
1787583,1787079,487263
463806,482160
21212,1776516
487263,477120,998886,463806,470631
487263,463806,1787079
470043,435225,470022
470631,460551,466137,482160
487263,470883
1787583,1784937,470043,470022,435225,435288
1787079,466137,22457
435267,435288
463806,466137,482160
471849,22457
470043,470022
463806,435225
21212,1787079,477120
21212,1784937
470883,470043,477120,466137,463806
477120,470883
1782459,477120,470883
1787583,21212,22457,471849,470883,477120,466137,463806,1787079
22457,1784937,435267,435225,435288
1782459,1787583,470883
463806,466137
1786029,21212,471849,463806
21212,463806
1784937,487263,470022,470106,435225
1782459,477120,22457,435288
470883,482160
1787583,470106
463806,466137
470043,435267,435225
1786029,463806,21212
21212,1787079,470883
471849,1784937,487263,435267,470022,460551,435288
22457,470883
470043,470022,460551,1787079,435225,435288
1787583,1787079
1786029,21212,1784937,470043,466137,470022,998886,463806,435225,435288
460551,470043,470022
1782459,1787583,471849,1786029
470883,1782459,470043,998886,1787079,435288
1786029,460551,470883
1782459,471849,22457
1786029,1787583,21212,470106,1787079
1787583,470043,435267,470631
487263,477120
1787583,477120,471849,470883
1782459,471849
1786029,471849,470043,460551,1787079,470631
1787583,470043,470883
1787583,470043,435225,1784937
470043,470022
1787583,21212,470043,466137,435225,1776516
21212,471849,466137,463806,1787079,470631
470043,435267,466137
435288,470043,470022,1787079,435225,470631
477120,471849
21212,463806,1782459,487263,435267,470106,1787079,435225,435288
463806,1787079
1787079,435225
470043,435267,435225,466137
477120,1787079,471849,482160
463806,466137
1782459,1786029,471849
1787583,477120,482160
477120,21212,463806
1787583,21212,22457,470043,435267,470022
1782459,1787583
1782459,22457
463806,466137
1782459,471849
460551,470631
1787583,487263,460551,1787079,470631
1782459,471849
1782459,1787583
1787583,471849,1776516,466137
1786029,435288
1782459,470043
1787583,471849,22457
435288,470043,435267,487263,460551,463806,1787079,435225,470631
1786029,470043
1782459,1787583
1786029,470022
1782459,1786029
1787583,22457,471849,477120,463806
470883,477120,460551,466137,998886,1787079
470883,466137
21212,1784937,470043,470022,998886,463806,435225,435288
1782459,1787583
487263,435267,470022,470106,1787079,1776516,435288
1787583,470043,435267,470022,460551,470106,1787079,435225,435288
998886,470043,463806,435288
487263,470043
463806,22457,470022
1787583,471849,1776516
463806,1784937
1786029,1787583,22457,998886,477120,460551,470106,1787079,1776516,470631
1782459,487263,435267,470022,1787079
1786029,998886
1787079,482160
470631,1786029,21212,22457,1787583,471849,470883,1784937,482160,470043,477120,466137,470022,435225,463806,1787079,1776516,435288
1786029,477120,460551,998886,470106,1787079,470631
21212,463806,466137,470883
463806,22457
1787583,470883,1784937,482160,435267
21212,1784937,435267,466137,998886,1786029,1787583,482160,487263,477120,460551,470106,463806,435225,1776516,471849,470022,1787079,470631,22457,470883,470043,435288
487263,470106,1787079
1786029,1787583,22457,482160,477120,460551,998886,470106,1787079,470631
22457,470883,466137
1784937,482160,1782459,460551,1787079
477120,470883
487263,470106,1787079
471849,470883,1782459,466137,463806
463806,1787079
487263,470106,463806,466137
487263,1787079,466137
460551,1787079
1787583,487263
1776516,470043,435267,470022,435225
487263,470883
1787583,477120,487263
463806,435267,470022
1787583,1787079
470106,470631
463806,22457
463806,482160
1782459,21212,1787079,435225
21212,1787079,470883
1786029,21212,1782459,470043,466137,470022
1787583,471849
1787583,466137
1787583,487263,466137,470106,1787079
470883,466137
1782459,487263,1776516
1782459,22457
477120,470883
1787583,1787079,460551,487263
1787583,1784937
460551,1787079,1776516,487263
477120,466137
1782459,487263,470883
1782459,470883
471849,470883,470631
487263,463806
463806,466137
1782459,477120,21212,463806
1782459,487263,1787079,482160
1787583,487263
21212,466137
1786029,463806,21212
998886,477120,487263
1782459,477120,470883
1787583,471849,487263,477120,470022,1787079,435225,435288
21212,463806
21212,1784937,470022,1787079,435225
1787583,1786029,1784937,477120,998886
487263,470106,1787079
463806,470043,435225
435267,460551,1787079,470631
477120,470883
1786029,1787583,463806,470883,487263,477120,466137,460551,470106,1787079,1776516
1786029,22457,470883,1784937,482160,487263,470043,435267,477120,466137,460551,463806,1787079,435225
463806,435267,466137
21212,1787079,482160
21212,466137
1782459,487263,477120,463806
21212,471849
1782459,487263
460551,1786029,1787079
1787583,471849
487263,463806,460551
1776516,482160
477120,471849
1782459,463806
487263,435225,998886
1782459,22457
1787583,471849
1787079,482160
1787583,21212,1786029,482160,487263,477120,466137,460551,463806,1787079,1776516,470631
1782459,1786029,463806,482160
1787583,22457,471849,470883,1782459,477120,435267,466137,1787079
470883,1784937
487263,482160
1787583,21212,487263,460551,1787079,470631
471849,470883
1786029,463806,1776516
1787583,21212,470883,470043,435267,477120,466137,470022,998886,463806,435225,435288
470043,435288,470022
487263,477120,470883
1782459,21212
1786029,1776516
1787079,1784937
470106,21212,463806,1787079
1786029,21212,470883,1784937,470043,435267,470022,998886,463806,435225,435288
477120,1787079,466137
1787583,1784937,487263,470022,1787079,435288
1787583,463806,466137
1782459,487263
1787583,22457,471849
22457,470883
21212,1787079,1776516,466137
460551,1787079,487263
1786029,463806
470106,1787079
1787583,470883
435267,470631
1787583,470883,466137
470883,482160
21212,470883,466137
487263,463806,1786029
477120,470883
1787583,22457,487263,477120,470022,470106,1787079,435288
1787583,463806,466137
1787583,1787079,22457
487263,470022
463806,466137
1786029,22457,463806,470883,998886,482160,487263,477120,466137,460551,470106,1787079,470631
1782459,471849,22457
1787583,21212,1787079
1782459,998886,477120,1787079
470043,435225,435288,470022
463806,1776516,470022,470883
1787079,470631
1787583,435225,470022
487263,463806
466137,470043,435288
471849,470043,435267,1787079,435288
1787583,477120,487263
471849,22457
21212,470883
1782459,1787079
1787079,466137
471849,1776516,1784937
1787583,470043,435267,470022,435288
1787583,470631
21212,470631
463806,470043,470883,470022
21212,487263,470043,460551,470106,1787079,435225
470043,466137
463806,471849
21212,487263,466137,470022,998886,470106,1787079,435225,470631
1786029,470106,22457
477120,470883
487263,460551,470106,1787079,470631
1782459,477120
998886,22457,1776516,470883
1782459,998886,471849
1787583,477120,471849
477120,470043,435225,470022
470106,1787079,470631,466137
1786029,471849,477120,466137,1776516
1782459,22457
1786029,471849,470883,470106,1787079
1786029,463806
1782459,1787583,463806,471849
21212,22457,466137,471849
460551,470106,1787079,998886
1782459,487263,466137
435267,1787583,22457
1782459,998886,470883,466137
1787583,460551,470631,1787079
470043,435225,470022
1786029,21212,463806
1787583,470106,22457
460551,1787079
471849,470883
1786029,21212,463806,998886
1784937,470022
998886,463806
470043,21212,435225,466137
1787583,1786029,22457,1784937,482160,477120,460551,470106,1787079,470631
1787583,21212,22457,487263,477120,460551,998886,470106,1787079,1776516,470631
1787583,463806,1787079,22457
463806,1787079
435267,466137
435225,482160
1787079,470022
1787583,470043,470022,460551,435288
463806,482160
1787583,435267,470022,435225,435288
1776516,470883
460551,1787079,466137
22457,435267,470106,1787079,435225,435288
1786029,482160
1787583,471849
487263,463806,471849,466137
1786029,471849,470883,482160,487263,477120,435267,435288,466137,460551,463806,1787079,470631
435225,470631
477120,470883,482160
470106,1787079
22457,471849
1786029,21212,470883,1784937,470043,435267,466137,470022,998886,463806,435225,435288
1782459,477120,1787079,470883
463806,471849,470883
466137,470022
435288,477120,466137
463806,470043
487263,466137,460551,470106,1776516
477120,21212
1787583,1787079,470631
998886,1787583,466137
463806,1787079,466137
470043,1787079,470022
460551,1787079
463806,477120,470022
487263,470043,435267,460551,435288
470883,477120,435267,470022,1787079,435288
487263,1787079,435225,470022
471849,998886,470043,435267,477120,460551,1787079
470106,1787079
460551,21212,1787079,470631
1787583,1786029,470631,470022
1787079,470631
1787583,21212,471849,998886,463806,1787079,435225,435288
470043,435267,435225,470022
463806,435267,1776516,470022
1786029,463806
1786029,1787583,22457,471849,1784937,998886,482160,477120,470106,460551,463806,1787079,470631
22457,435225
460551,470043,1787079,435288
1787583,470022
1787079,466137
487263,482160
1786029,21212,463806,1784937,998886,482160,487263,477120,435267,466137,460551,470106,1787079,435225
470631,1786029,21212,1787583,1784937,1782459,487263,477120,466137,470022,463806,1787079,1776516,435288
487263,460551,470106,1787079,470631
1782459,22457,470883
470106,1787079
1786029,1787079
487263,470883,470631,470022
435267,1787079
435225,470022
21212,1784937,487263,470022,1787079,435225,435288
998886,1787079
1786029,463806,466137
1787583,463806,487263,466137,460551,470106,1787079,435225,470631
487263,460551,470106,1787079,470631
1782459,477120,435267
487263,460551,470106,1787079,470631
1787583,1784937,487263,477120,998886
1786029,463806,471849
487263,1787079,435225
1782459,463806
470043,435267,466137,470022,460551,1787079,435225
1782459,1786029,463806
1782459,487263,466137
487263,1784937,466137
435267,470022
463806,470631
1787079,470631
470106,1787079
435267,1787079,435225
21212,471849,470883,1784937,482160,487263,470043,435267,466137,470106,460551,463806,1787079,435225
460551,470043
22457,1782459,470043,470022,998886
477120,470883
477120,470883
463806,466137
22457,470883,477120,998886,463806,1787079,1776516
470043,471849,435225,466137
487263,477120
21212,470883,482160,477120,998886
1787079,22457
470883,1784937
998886,477120,1787079
21212,470631
1787583,487263,435267,460551,466137,998886,470106,1787079,470631
487263,463806,1787079
435225,470022
470631,1787583,1784937,1782459,487263,470043,460551,435267,470022,435225,470106,998886,463806,1787079,1776516,435288
1787583,466137
1786029,21212,22457,1787583,470883,482160,470043,466137,435225,463806,1787079,1776516
1782459,1787583
435267,435225
460551,470631
477120,470043
1786029,1787583,477120,466137,463806,1787079,435288
1782459,463806,22457,482160
487263,470043,435267,470022,470106,463806,1787079,435225,470631
1782459,1787583,471849
470106,21212,466137
460551,463806,487263
1787079,482160
487263,463806,1787079,435225
998886,22457
1782459,21212,471849,470883
1782459,463806,470883
1782459,435225
470631,1782459,470043,470022,460551,1787079,435225,435288
477120,482160
1787583,487263,435267,470022,435225,435288
1787583,470883,1782459,470043,435267,470022,463806,435225
1787583,471849
1786029,1787583,22457,21212,471849,470883,1784937,463806,482160,487263,477120,466137,435225,460551,470106,1787079,1776516,435288
1782459,1787583
487263,470106,1787079,435225
463806,470883
1786029,21212,470883,1784937,470043,435267,466137,470022,998886,463806,435225,435288
435267,487263,471849,22457
1786029,477120,1787079,470631
1787583,22457,466137
1787583,1782459,487263,1787079,470631
1787583,460551,466137
487263,21212,463806
1782459,463806,471849
487263,1787079,1784937
470043,435267,435225
482160,477120,435267,463806,470631
1787079,470631
1782459,470883
470883,1784937,1782459,487263,466137,1787079,1776516
1787583,463806,22457,466137
1787079,466137
1786029,21212,482160,477120,435267,466137,998886,463806,435225,435288
1786029,21212,435267,460551
1787583,471849
487263,477120,1787079,22457
998886,21212,1786029
1782459,1786029
1786029,1784937
460551,470043
1786029,463806
1782459,1787583,22457,470883
1787583,470883
470106,1787079,470631
460551,470043,435225,487263
1782459,1787583,998886
1786029,21212,463806,1784937,487263,477120,466137,470022,998886,470106,1787079
1787583,470883,1776516,435267,435225,435288
1787583,471849
477120,21212
1786029,463806
1786029,1787583,22457,1784937,482160,477120,470106,460551,463806,1787079,470631
470043,435267,470022,435225,435288
460551,22457,487263
1787583,1786029,470883,470106,1787079
470043,22457
487263,1787079,466137
470631,1786029,1787583,482160,463806,435288
487263,463806
1787583,22457
1782459,470883
463806,471849
22457,471849
1787079,1784937
21212,470883,477120,482160
1786029,463806,1787583,460551
435288,470022
21212,470043,435267,466137,470022,435225,435288
1787079,470631
1787583,1787079
1786029,21212,482160,1782459,487263,470043,460551,435288,435267,470022,998886,435225,470631
998886,487263,435267,466137,460551
1776516,466137
487263,463806,470631
487263,466137,470022,1787079,435288
487263,470043,435267,998886,1787079,435225
1786029,21212,470043,435267,466137,470022,435225,435288
1786029,21212,482160,487263,460551,470106,1787079,1776516
460551,435225,435288,487263
487263,470106,1787079
1787079,435225,470022
1787079,470883
1782459,487263,470631,1784937
487263,1787079,466137
470043,435267,435225,470022
463806,466137
1784937,1782459,470043,435267,466137,463806
487263,470106,1787079,435225
1782459,1787583,471849
435267,22457,435225
463806,466137
998886,435267
487263,435267,466137,463806,1776516
1787583,477120,482160
1787079,1784937
470043,463806,435288,470022
470043,435267
460551,435225
463806,466137
21212,470043,435267,466137,998886,435288
1782459,1787079,466137
1782459,1787583
1787583,470883
1787079,470631
1787583,21212,1786029,22457,471849,470883,1784937,482160,487263,477120,435267,466137,470022,470106,463806,1776516
1786029,1787583,22457,21212,1784937,482160,435288,477120,466137,435225,463806,1776516,470631
470883,487263,470043,470106,435288
470106,1787079
1782459,1787079
1787583,22457,482160,1782459,487263
487263,463806,471849,466137
487263,21212,470022
460551,1787079
1787583,435267,435225,1787079
21212,22457,487263,466137,1787079
463806,470883
1786029,21212,470883,1784937,470043,435267,466137,470022,998886,463806,435225,435288
435225,470022
463806,470631
435288,470022
1782459,1787583,463806,477120
1782459,435267,435225
487263,463806,22457,466137
477120,470631
1787583,22457
1787583,463806
1786029,466137
22457,470883
1782459,1787583,1776516
487263,477120
470106,470631
470106,1787079
460551,1787079,470631
1782459,477120,435267,470022,1787079,435225,435288
487263,435267,1787079,435225,470631
998886,477120,1787079,470883
998886,477120,470883
1782459,1787583,482160
1786029,463806
1786029,470631
460551,463806
1782459,470883
470631,1787583,21212,22457,1786029,471849,1776516,487263,470043,435267,466137,470022,463806,1787079,435225,435288
1786029,21212,22457,471849,470883,1784937,482160,487263,470043,435267,466137,470022,435225,470106,463806,1787079,1776516,470631
463806,1776516
1786029,463806
460551,21212
470043,435225
1787583,22457,470883
1786029,1787583,22457,471849,482160,477120,460551,470106,1787079,470631
435225,1784937,470022
463806,470022
1787079,435288
1786029,463806
998886,482160
487263,460551,470106,1787079,470631
21212,477120
487263,470106,1787079
1787583,22457,471849,487263,477120,466137,998886,1787079,435225,470631
463806,470883
1782459,21212,435225,470022
1787583,471849,470883
460551,1787079,470022,487263
1786029,471849,1784937,482160,463806,1776516
1786029,471849,1782459,487263,1787079,470631
463806,22457,466137,482160
460551,470022
471849,470631
1787583,21212,435267
1786029,21212,487263
1782459,477120
1787583,463806,1787079,470631
435267,470022
435267,487263,470043,1787079
435225,470022
1787583,463806
21212,1784937,1782459,477120,466137,1787079
1786029,463806
21212,1776516
1786029,470106,1787079,487263
1782459,487263,471849,470631
463806,466137
1786029,21212,22457,1787583,470883,482160,487263,477120,466137,470022,470106,463806,1787079,1776516,435288
1787583,482160
1787583,1786029,21212,471849,470883,1784937,482160,487263,470043,477120,466137,463806,1787079,1776516,470631
1782459,470883
21212,487263,435267,470022,470106,1787079,435225,470631
998886,466137
470106,21212,1776516,22457
470043,435267,463806,435225,435288
1782459,487263,1787583
470883,470022
470631,21212,22457,470043,470022,463806,435288
487263,460551,470106,1787079,470631
470106,1787079,463806,470631
487263,1787079
477120,470883
435267,1787079,1776516
1787583,470106,1786029
470043,435225
998886,1787583
1787583,463806
477120,463806
1786029,22457
1784937,1782459,487263,435267,435225
487263,470043,466137,435225,470631
487263,435225
1782459,487263,1787079
435267,22457
477120,482160
1776516,470043,435267,470022,435225,435288
471849,477120,998886,470106,1787079
477120,470883
460551,1787079
1782459,1787583
21212,1776516
477120,1776516
470883,482160
487263,1787079,460551
1786029,471849
1782459,435225
470043,435267,466137,470022,460551,470106,1776516
1787583,470043,466137,463806,435225
1782459,463806
470043,470883,435288,470022
21212,435267,470022
1786029,1787583,21212,22457,471849,470883,1776516,482160,487263,477120,470043,435267,466137,460551,463806,1787079,435225,435288
487263,463806
1787583,22457
463806,1787079
998886,21212,470883
463806,1787079,435225
487263,470106,1787079
1787583,1787079
470631,1784937,487263,466137,460551,1787079,435288
487263,463806,471849
1782459,471849
21212,470883,466137
21212,1787079
1786029,21212,470883,1784937,470043,435267,466137,470022,998886,463806,435225,435288
21212,435225,1784937
998886,1776516
487263,463806,470022
22457,471849
470043,435267,470631,470022
477120,470883,1784937
460551,470022
460551,470106,1787079,487263
1787583,435225,998886
463806,435267,435288
471849,477120,435267,470022,435288
998886,487263
1782459,477120,466137,482160
470043,435267,466137
1784937,1782459,435267,466137,470106,463806,1787079,435225,435288
470883,466137
1782459,1787583
487263,463806,471849
463806,466137
487263,470883,1784937,482160
463806,487263,470043,435267,470022,470106,1787079,435225,435288
1782459,460551,21212
1786029,477120
22457,1787079
463806,1776516
1787079,482160
1787583,470883
1786029,21212,1787583,22457,1784937,482160,487263,477120,466137,435225,463806,1776516,470631
463806,22457,1776516,471849
477120,1787079
1782459,470883
471849,1782459,487263,470043,435288,435267,460551,470106,1787079,435225,470631
1782459,463806
487263,1787079
1786029,463806
460551,470106,471849,1787079
470043,22457,463806,477120
466137,470883,470631
487263,466137,460551,463806,1787079,470631
487263,477120,466137,470022,435288
1782459,998886,21212,1786029
435267,435225,466137,471849
1787583,470631
1782459,435267,435288,470022
1782459,471849
1787583,1786029,470043,466137,470022,463806,435288
21212,463806,435288,470022
21212,487263,470022,460551,470106,435225
1786029,1787079
1787583,21212,482160,487263,477120,470043,435267,470022,435225,470106,460551,463806,1787079,1776516,435288
1787583,470043,435267,470022,435288
463806,1776516
1782459,1787583
463806,470883
463806,470883
435288,21212,1784937
1786029,1787583,22457,1784937,482160,477120,470106,1787079,470631
470043,435267,466137,470022,460551,1787079
487263,1787079
470106,471849
471849,435267,466137,470022,435225
1782459,487263,435288
1786029,463806,1784937
471849,470043,435267,470022,998886,1776516,435288
477120,1787079,435225,435288
470106,1787079
1782459,21212,471849,466137
1787079,471849
460551,1787583
1787583,470883
435288,1784937
487263,470022,463806,1787079,435288
477120,470883,482160
998886,21212
1782459,470106
1782459,470883,470631
998886,463806
1787583,463806,471849
1787583,1784937,470022,435225,435288
1786029,1787583,1784937,466137,1787079
487263,466137
463806,470022
1782459,466137
463806,1784937
1786029,21212
21212,471849,1782459,470043,435267,470022
471849,470043,466137,470106,463806,1787079,435225
21212,22457,1787079
1787079,466137
1787583,1776516
435225,435288
463806,471849
998886,1776516
435267,470106,1787079,435225,435288
998886,482160
1787583,1786029,21212,482160,1782459,435267,466137,435225,463806,1787079,1776516,470631
463806,470043
1786029,471849
1787583,470043,435267,466137,470022,463806,435288
998886,482160
1786029,463806
435267,470022,460551,1787079,435225,470631
1787583,470022
470043,435267,470022,460551,1787079,435225
477120,470883
22457,471849
1786029,21212,470883,1784937,470043,435267,466137,998886,463806,435225,435288
463806,21212
21212,463806,470043,482160
1782459,487263,1787079,470631
1782459,22457,470022
1786029,463806
21212,1784937
1787583,21212,487263,435267,466137,460551,470106,435288
460551,470883,466137
470883,470631
470043,435267,1776516,470022
1787583,470883
487263,1787079
1787583,463806,470883
463806,471849
1787583,1786029,22457,21212,470883,482160,487263,477120,466137,470106,463806,1787079,470631
1786029,1787583,22457,21212,471849,470883,1776516,482160,487263,477120,435267,470043,466137,470022,463806,1787079,435225,470631
1787583,1782459,470043,463806,435288
470043,435267,466137,470022,435288
463806,471849
1787583,470883,1782459,470022,463806
435288,470022
1787583,477120
1787583,21212,1787079,463806
435267,470022
1782459,463806
435267,470022
1782459,463806
470106,1787079,470883,471849
487263,463806,1787079
1787583,470043,435267,470022
1786029,1787583,22457,471849,482160,477120,460551,470106,1787079,470631
477120,482160
470043,1784937,470022
1784937,470043,435267,470022,435288
1787583,463806,466137
1782459,1786029,463806
1786029,470043,435267,470022,463806,435225,435288
463806,470043,22457,470883
470043,435225,466137
1786029,463806,1784937,482160
1787583,466137,470022,998886,1787079
1787583,477120,1786029
21212,487263,470043,435267,470022,470106,460551,463806,1787079,435225
470631,470022
1787583,1786029,21212,22457,470883,1784937,482160,477120,466137,435225,998886,463806,1776516
460551,435288,470022
470106,470883
463806,470883
487263,463806,1787079,470883
1787583,487263,470043,1787079
998886,477120,463806
470883,482160
998886,466137
1786029,1782459,477120,463806,435288
435288,1784937
998886,471849
1786029,1787583,22457,470883,482160,487263,470043,435267,477120,466137,470106,998886,463806,1787079,470631
1787583,1786029,22457,470883,482160,487263,477120,466137,470106,460551,463806,1787079,435225,470631
435267,470883,470022
470883,466137
460551,1787079,470631
471849,1787079,22457
470883,466137
470883,466137
487263,477120,1787079,470631
21212,1782459,487263,466137,1787079,470631
463806,22457
1782459,463806
1787583,466137
487263,1787583,1787079
1782459,463806
470106,477120
1782459,1787583,1786029
470043,435288,470022
22457,1784937,1782459,487263,435267,470022,1787079,435225,435288
1782459,487263
1787583,463806
470631,487263,1787079,435288
470883,487263,470043,435267,470022,460551,1787079,435225
998886,463806
1787079,466137
487263,463806,470631
435267,466137,460551,1787079,435225
463806,22457
471849,470883,1782459,470043,435267,470022,1776516
435267,435225
1787583,463806
1787583,1782459,487263,460551,1787079
1782459,470631
487263,1787079
22457,470883,435267,470022,435225
470106,463806,1787079
1782459,463806
1782459,1787583
487263,1787079,470631
1782459,1787583,477120,22457
477120,1784937,482160
1782459,435288
487263,477120
487263,482160
1782459,435267,435288
487263,470631
435267,1787079
1787079,435225
1787583,487263,460551,470106,1787079,1776516
487263,463806,470883
1782459,1787583
22457,1784937,487263,470043,998886,470106,1787079,435225
470043,435225,1784937
466137,470631,470022
463806,22457
21212,470883,1784937,470043,435267,466137,998886,463806,435225
463806,435225
1786029,1784937,466137
435288,435267,435225,466137
1782459,22457
470043,435267,460551,470106,1787079,435225,435288
1786029,21212,470883,466137,470022,463806,1787079,435225
1787583,471849,435267,470022,435288
470106,1787079,470631
463806,470883
1787583,1786029,22457,471849,470883,1784937,482160,487263,477120,435267,470043,466137,998886,463806,1787079,470631
998886,471849
470631,1786029,1787583,22457,482160,477120,460551,470106,1787079,435288
21212,477120,471849,466137
1786029,21212,22457,1787583,471849,470883,1784937,482160,487263,435267,466137,460551,463806,1787079,435225,470631
21212,466137
487263,466137,460551,470106,1787079
463806,1787079
487263,1787079,470631
487263,470883,1784937,470022
998886,463806
470043,435267,470022,460551,470106,1787079,435288
463806,466137
471849,487263,466137,470022,460551,463806
466137,470022
470043,470883
1786029,463806
470043,435267
21212,470883,1784937,470043,435267,466137,998886,463806,435225
1776516,1784937
22457,466137
1786029,1787583,1784937,482160,470043,463806,435225,435288
1786029,435288
1787583,1787079,470883,482160
1787079,470631
477120,463806
1787583,463806,487263,470043,435267,466137,470106,435225,470631
477120,471849,482160
470043,435267,435288,470022
1786029,21212
487263,470043,460551,1787079,435225,470631
435267,435288
435225,435288
470106,435225,435288,470022
1782459,463806
1782459,1786029
460551,22457,470883,482160
1787583,463806,470043,470022
435267,466137
470883,466137
471849,1787079
466137,1787079,470631
487263,463806,1776516,466137
487263,1787079,466137,460551
470043,435267,435225,435288
470043,1776516,466137
471849,470883
463806,1784937,466137
471849,466137
487263,463806
487263,463806,471849
1786029,21212,477120
21212,1776516,466137
460551,470043,1787079,435225
463806,477120
463806,22457,471849
470043,21212,463806,1784937
1782459,1776516,466137
1787583,21212,470883,482160,1782459,487263,477120,435267,466137,470022,435225,460551,463806,1787079,1776516
470631,1786029,21212,22457,1787583,471849,470883,482160,477120,466137,470022,435225,470106,998886,463806,1787079,1776516,435288
1787079,470631
463806,466137
1782459,1786029
477120,482160
487263,1787079
21212,477120,470883
470883,482160
21212,470883,1784937,435267,998886,463806,435225
470631,1787583,1786029,22457,482160,477120,466137,460551,470106,1787079,435288
1787583,1786029,22457,1784937,477120,470043,466137,463806,1787079
1782459,21212,435267,463806
470106,1787079,470631
1787583,22457
463806,466137
470043,22457,477120,435225
1786029,463806,998886
487263,1787079,466137
477120,1787079,470631
487263,463806
1787583,466137,1787079,1784937
1787583,1776516
487263,1787079,471849
1787583,470043,466137,463806,435288
1787583,998886,460551,470106,1787079,470631
487263,1787079
1786029,1787583,463806,1787079
1786029,22457,482160,435288,477120,466137,470106,1787079,470631
1786029,1787583,22457,1782459,466137,460551,1787079,1776516
1787583,22457,471849,1782459,470043,435267,470022,435225,435288
460551,1787079
1786029,21212,1787583,463806,470883,1782459,487263,477120,435267,466137,470022,435225,460551,470106,1787079,1776516,435288
1784937,1782459,477120,466137,1787079
1786029,21212,22457,1787583,471849,470883,463806,482160,487263,466137,470022,470106,1787079,435225
1786029,482160,470043,435267,466137,470022,435225,470631
471849,466137
1787583,482160
435267,435225,435288,470022
460551,470106,1787079,470631
1787583,22457
1787583,21212,463806,470631
487263,1787079,470631
1786029,21212,470883,1784937,435267,466137,998886,435225
1787583,21212,22457,471849
1787583,470043,435267,470022,1787079,435225
1784937,487263,435267,466137,470022,435288
21212,487263,466137,463806,470631
487263,1787079,470883
21212,435288
1782459,463806,471849
998886,463806,470883
435267,22457,466137
21212,470883
1786029,1787079,487263
1786029,21212,470883,482160
487263,470043,435267,470022,460551,1787079,435225
470043,435267
1782459,1776516
460551,466137,435288
477120,1776516,466137
470631,1786029,1787583,22457,482160,477120,466137,470106,1787079,435288
463806,435225
471849,1776516,466137
471849,1784937,435288,466137,470022,463806,470631
998886,463806
470631,1787583,1784937,477120,470106,1787079,435288
1786029,1784937,1782459,470106,1787079
1786029,21212,22457,471849,470883,482160,435288,470043,477120,487263,466137,470022,435225,463806,1787079,1776516,470631
1786029,22457,463806,1784937,482160,435288,477120,460551,470106,1787079,470631
22457,1782459,487263,435267,470106,1787079,435225
463806,470631,466137
470883,482160
1782459,1787583,470883,482160
1782459,22457
21212,470883
435267,1787079
1782459,1786029,470883
463806,1784937
1787583,477120,463806
1782459,463806,477120
1782459,466137
435267,435225
1787583,470043,435267,22457
487263,22457
435267,487263,471849,1787079
487263,1787079,470631,460551
1787079,1784937
435267,463806,1787079,1776516,435288
1787583,466137,470022
460551,1787079,470631
487263,477120,435267,998886,463806
1786029,1787583
463806,435225,435288,470022
470106,1787079
1787583,1786029,487263,435267,470022,435225
1786029,463806,477120
460551,1787079,470631
460551,1787079,470631
471849,22457
463806,482160
1782459,21212,466137
1787583,1786029,21212,22457,471849,470883,482160,487263,470043,477120,435267,466137,435225,460551,463806,1787079,1776516,470631
487263,1787079
460551,470106,1787079,470631
1787583,477120,470883
435288,463806,1784937,470631
463806,1776516
1787583,470043,471849,22457
1787583,477120,466137
463806,435225
1786029,21212,470883,1784937,470043,435267,466137,998886,463806,435225
482160,477120,470106,463806,1787079,470631
998886,1787079
1787583,21212,463806
22457,482160
1782459,1786029
471849,482160,477120,466137,463806
1782459,463806
463806,435267
1782459,470883
1787583,470043
1787583,471849
463806,21212
1787079,471849
470106,1787079,1784937
477120,470883
470883,1784937,1782459,998886,463806
477120,482160
463806,477120,470631,482160
1786029,477120,470883,482160
1787583,471849,1782459,435267,463806,435225
470631,487263,470043,435267,460551,470106,1787079,435225,435288
21212,487263,470043,460551,470106,1787079,435225
1787583,466137
1787583,470883
1782459,466137
1786029,21212,1787583,22457,471849,470883,998886,482160,487263,470043,477120,435267,466137,470022,460551,463806,1776516,435288
471849,466137,470022
21212,470022
487263,463806,998886
1786029,470043,435267,466137,470022,435225
463806,471849
1786029,22457,466137,470022
470106,463806,471849,1787079
1782459,466137,470022,463806,435288
1782459,470883
1787583,998886,487263,470043,435267,466137,470022,460551,470106,1787079,1776516,470631
21212,470883,470043,435267,466137,998886,463806,435225
22457,482160
1786029,463806,1787583
21212,1784937,470043,435267,470022,435225,435288
1786029,463806
470883,466137
22457,470883
487263,470043,477120,460551,1787079
1786029,463806
1786029,1787583,463806,1784937,482160,435288,477120,466137,460551,470106,1787079,1776516,470631
1786029,1787583,435267,466137
470631,1786029,1787583,22457,471849,463806,1784937,482160,477120,460551,470106,1787079,435288
487263,463806,22457,477120
463806,471849
1787583,21212,466137,463806,435225
463806,471849
1782459,487263,463806,1787583
21212,470883,477120
435267,1776516,466137,470022
1786029,21212,471849,1776516
1787583,1787079
1787583,1787079
1782459,460551
463806,466137
487263,470883
1786029,470883
1782459,435225,1776516,470883
463806,1776516
22457,1782459,435267,470022,998886,463806,435225
460551,463806,1787079
21212,22457,471849,1782459,435288,470022,470631
470106,1784937,470631
1782459,470043,471849
463806,470883
1787583,470883
998886,463806,22457,466137
1786029,1787583,22457,21212,470883,1784937,1776516,482160,477120,466137,470022,463806,435225,470631
1786029,1787583,22457,21212,470883,482160,1782459,487263,477120,435267,470043,466137,470022,435225,460551,463806,1787079,1776516,435288
21212,1784937,1782459,466137,998886,1786029,1787583,482160,487263,477120,460551,463806,1776516,435225,471849,1787079,470631,22457,470883,470043,435288
1786029,463806
1787079,1776516
1787079,435225,435288
487263,1787079,435225
1787583,477120
435267,435225,435288,470022
21212,470883,998886,460551,1787079
1786029,21212,470883,1784937,470043,435267,466137,470022,998886
435267,435225,435288
21212,22457,466137
1787583,471849,470043,460551,435225
487263,470043,435267,470022,460551,470106,1787079,435225
470883,482160
470043,466137,470022
1782459,21212,1787079
460551,470631
463806,1776516
487263,466137,460551,463806,1787079
470883,1784937,1776516
460551,1787079
463806,21212
463806,487263,470106,1787079,470631
435267,435225
998886,487263
1782459,1787583
21212,1787079,463806
1782459,1787079,435288
1782459,466137
460551,1787079,1784937,487263
471849,1782459,487263,470043,460551,470106,1787079,435225
435267,470022,482160
470631,1786029,21212,22457,471849,482160,487263,470043,477120,435267,466137,998886,463806,1787079,1776516,435288
1787079,482160
470043,435267
477120,482160
1787583,21212,487263,477120,466137
1787583,1787079,487263
1787583,1782459,487263,466137,463806
470883,482160
463806,435267
1786029,1787583,22457,471849,463806,1784937,482160,435288,477120,460551,470106,1787079,470631
487263,460551,470106,1787079,470631
487263,463806,470043,460551
487263,463806,435225
22457,470883
487263,470631
1787079,1776516
460551,1787079
463806,477120
460551,22457,466137,1787079
1782459,1787583,22457
1782459,1787583
1787583,463806,21212,482160
470043,435267,470022,463806,435225,435288
1787583,21212
1787583,1787079
21212,1784937,482160,487263,463806
470631,487263,435267,470106,1787079,435225,435288
1787079,466137
470883,482160
21212,435267,470022,435225,435288
487263,1787583,471849
21212,1787079,470631
1787079,470631
1786029,21212,22457,1787583,470883,482160,1782459,435288,470043,435267,477120,460551,466137,487263,998886,463806,1787079,470631
1786029,21212,22457,1787583,470883,482160,487263,470043,477120,435288,466137,470022,435225,460551,463806,1787079,1776516,470631
1787079,466137
1786029,1787583,22457,471849,1784937,482160,435288,470106,460551,463806,1787079,470631
1787583,471849
1786029,21212,470883,1784937,470043,435267,466137,998886,435225
435267,1787583,470043,471849
463806,435225
1787583,463806,1784937
477120,435267,435225,470022
487263,1787079
460551,1787079,487263
1787583,471849
1782459,1776516
463806,435225
1787583,435267,1787079,435225,470631
435267,470022
477120,22457
21212,1776516,470883
998886,463806,466137
1786029,1787583,22457,21212,470883,1784937,482160,487263,477120,435267,435288,466137,470022,470106,463806,1787079,435225,470631
477120,471849,435225
477120,482160
1787583,463806
470043,466137
1787583,470883
477120,1776516,466137
22457,471849
487263,463806,1787079
470631,1786029,21212,22457,1787583,1784937,998886,482160,1782459,477120,435267,466137,435225,460551,463806,1787079,1776516,435288
1786029,21212,470883,1784937,470043,435267,466137,998886
470631,1786029,22457,463806,1784937,482160,460551,470106,1787079,435288
1787583,471849,435267,466137,435225
463806,466137,460551,470106,1787079,470631
