1787583,21212,22457
1787583,22457
1787583,21212
1787583,22457
1787583,21212
1787583,21212,22457
1787583,21212,22457
21212,22457
1787583,21212,22457
1787583,21212,22457
1787583,22457
1787583,22457
1787583,21212,22457
1787583,22457
1787583,21212
1787583,21212,22457
1787583,21212,22457
1787583,21212
1787583,22457
1787583,21212,22457
21212,22457
1787583,21212
1787583,21212,22457
1787583,21212,22457
1787583,22457
21212,22457
1787583,21212,22457
1787583,21212,22457
1787583,22457
1787583,21212,22457
21212,22457
1787583,21212,22457
1787583,21212
1787583,22457
1787583,21212
1787583,22457
1787583,21212
1787583,21212
1787583,22457
1787583,22457
1787583,22457
1787583,22457
1787583,22457
1787583,21212,22457
1787583,21212,22457
1787583,21212,22457
1787583,21212,22457
1787583,22457
21212,22457
1787583,21212,22457
21212,22457
1787583,21212
1787583,21212,22457
1787583,21212
1787583,22457
1787583,22457
1787583,21212
1787583,22457
1787583,22457
1787583,22457
1787583,21212,22457
1787583,21212
21212,22457
1787583,22457
1787583,21212
21212,22457
1787583,22457
1787583,22457
1787583,22457
1787583,21212
21212,22457
1787583,22457
21212,22457
1787583,22457
1787583,22457
1787583,22457
1787583,21212,22457
1787583,21212,22457
1787583,21212
1787583,22457
1787583,22457
1787583,21212,22457
1787583,21212
1787583,22457
1787583,22457
21212,22457
1787583,21212
1787583,22457
1787583,22457
1787583,22457
21212,22457
1787583,22457
1787583,22457
21212,22457
1787583,21212
1787583,21212,22457
21212,22457
1787583,21212
1787583,22457
1787583,21212,22457
1787583,22457
21212,22457
21212,22457
1787583,21212
1787583,22457
1787583,21212
1787583,22457
1787583,22457
1787583,22457
1787583,21212
1787583,22457
1787583,21212,22457
21212,22457
21212,22457
21212,22457
1787583,21212,22457
1787583,22457
1787583,22457
21212,22457
1787583,22457
21212,22457
1787583,22457
1787583,22457
1787583,21212
1787583,22457
1787583,22457
21212,22457
1787583,22457
21212,22457
1787583,22457
1787583,21212,22457
1787583,22457
1787583,21212,22457
1787583,22457
1787583,22457
1787583,21212
1787583,21212,22457
1787583,21212,22457
21212,22457
1787583,21212
1787583,22457
1787583,21212
1787583,21212,22457
1787583,21212,22457
1787583,22457
1787583,22457
1787583,22457
1787583,21212
1787583,21212,22457
1787583,21212
1787583,22457
1787583,22457
1787583,21212
1787583,22457
1787583,22457
1787583,22457
1787583,22457
1787583,21212
1787583,21212
1787583,21212,22457
1787583,21212
21212,22457
1787583,21212
1787583,21212,22457
1787583,22457
1787583,21212
1787583,22457
1787583,22457
21212,22457
21212,22457
1787583,22457
21212,22457
1787583,21212
1787583,21212
1787583,22457
1787583,22457
21212,22457
1787583,22457
1787583,21212
1787583,21212
21212,22457
1787583,22457
1787583,22457
1787583,22457
1787583,21212
1787583,22457
1787583,21212
1787583,21212,22457
1787583,21212
1787583,22457
1787583,22457
1787583,21212
1787583,22457
1787583,21212
1787583,22457
21212,22457
1787583,22457
21212,22457
1787583,22457
21212,22457
1787583,22457
1787583,22457
1787583,21212
1787583,22457
1787583,21212
21212,22457
1787583,21212
1787583,21212,22457
1787583,22457
1787583,22457
1787583,21212,22457
1787583,22457
1787583,21212
1787583,21212,22457
1787583,21212
1787583,21212
1787583,22457
1787583,22457
1787583,21212,22457
1787583,22457
1787583,22457
1787583,22457
1787583,22457
1787583,21212,22457
21212,22457
1787583,22457
1787583,22457
1787583,21212,22457
1787583,22457
1787583,22457
1787583,22457
1787583,21212
21212,22457
1787583,21212
1787583,22457
1787583,21212
1787583,21212,22457
1787583,21212
1787583,21212
1787583,21212,22457
1787583,22457
1787583,21212
21212,22457
21212,22457
1787583,22457
1787583,21212
1787583,22457
1787583,21212,22457
1787583,22457
1787583,21212
1787583,22457
1787583,21212
21212,22457
1787583,22457
21212,22457
21212,22457
21212,22457
1787583,22457
1787583,21212
1787583,21212,22457
1787583,21212,22457
1787583,21212,22457
1787583,21212,22457
1787583,21212,22457
1787583,21212,22457
1787583,21212
1787583,21212,22457
1787583,21212
21212,22457
1787583,21212,22457
1787583,22457
1787583,22457
1787583,21212,22457
1787583,22457
1787583,21212
1787583,22457
1787583,22457
1787583,21212
1787583,21212
1787583,22457
1787583,21212,22457
1787583,21212
1787583,21212,22457
1787583,22457
1787583,22457
1787583,21212
1787583,21212
21212,22457
1787583,21212
1787583,21212
1787583,22457
1787583,21212
1787583,21212,22457
1787583,22457
1787583,21212,22457
21212,22457
1787583,21212
1787583,22457
1787583,21212
21212,22457
1787583,22457
1787583,22457
21212,22457
1787583,21212
21212,22457
1787583,22457
1787583,21212
21212,22457
21212,22457
1787583,21212,22457
1787583,21212
1787583,21212
1787583,21212
1787583,22457
1787583,22457
1787583,21212
1787583,22457
1787583,22457
21212,22457
1787583,21212,22457
21212,22457
1787583,22457
21212,22457
1787583,22457
1787583,22457
1787583,21212
1787583,22457
1787583,21212,22457
1787583,21212
1787583,22457
1787583,21212
1787583,21212,22457
1787583,22457
1787583,22457
1787583,21212,22457
1787583,22457
1787583,22457
21212,22457
1787583,22457
1787583,21212,22457
21212,22457
21212,22457
1787583,22457
1787583,21212,22457
1787583,22457
1787583,22457
1787583,22457
1787583,21212
1787583,22457
1787583,21212
1787583,21212,22457
1787583,22457
21212,22457
1787583,21212,22457
21212,22457
1787583,22457
1787583,22457
1787583,22457
1787583,21212
1787583,21212
1787583,22457
1787583,21212,22457
1787583,21212
21212,22457
1787583,21212,22457
1787583,21212
1787583,21212
1787583,22457
1787583,22457
1787583,21212,22457
1787583,22457
21212,22457
21212,22457
21212,22457
1787583,21212
1787583,21212,22457
1787583,21212
1787583,21212,22457
1787583,22457
1787583,21212
1787583,22457
1787583,22457
1787583,22457
21212,22457
21212,22457
1787583,22457
1787583,21212
21212,22457
21212,22457
1787583,22457
1787583,21212
1787583,21212
1787583,22457
1787583,21212,22457
1787583,22457
21212,22457
1787583,22457
1787583,21212
1787583,22457
21212,22457
1787583,21212
21212,22457
1787583,21212
1787583,21212
21212,22457
1787583,21212,22457
1787583,22457
1787583,21212
1787583,21212
1787583,22457
1787583,21212
1787583,22457
1787583,21212,22457
1787583,21212,22457
21212,22457
1787583,21212
1787583,22457
1787583,21212
1787583,21212
1787583,21212,22457
1787583,21212,22457
1787583,22457
1787583,21212,22457
1787583,22457
1787583,21212
1787583,22457
1787583,22457
1787583,21212
1787583,21212,22457
1787583,21212
1787583,22457
1787583,21212,22457
21212,22457
1787583,22457
21212,22457
1787583,22457
1787583,22457
1787583,21212,22457
1787583,22457
1787583,21212
1787583,21212
21212,22457
1787583,22457
1787583,22457
1787583,22457
1787583,21212
21212,22457
1787583,22457
1787583,22457
1787583,22457
1787583,22457
1787583,21212
1787583,22457
1787583,21212,22457
21212,22457
1787583,22457
1787583,22457
21212,22457
1787583,22457
21212,22457
1787583,21212
21212,22457
1787583,22457
1787583,22457
1787583,21212
21212,22457
1787583,21212
1787583,21212,22457
1787583,22457
1787583,22457
1787583,22457
21212,22457
1787583,21212
21212,22457
1787583,21212
1787583,21212
21212,22457
1787583,22457
1787583,21212
21212,22457
1787583,21212,22457
21212,22457
1787583,22457
1787583,21212
1787583,22457
1787583,21212,22457
1787583,22457
21212,22457
1787583,21212
1787583,22457
1787583,21212
1787583,22457
21212,22457
1787583,22457
1787583,21212
1787583,22457
21212,22457
1787583,22457
1787583,21212
1787583,21212,22457
21212,22457
1787583,21212
1787583,21212
1787583,22457
1787583,22457
1787583,21212
1787583,21212
1787583,21212,22457
1787583,21212
21212,22457
1787583,21212
1787583,22457
1787583,21212
1787583,22457
1787583,21212
1787583,21212,22457
1787583,21212
1787583,22457
1787583,22457
1787583,22457
1787583,21212
1787583,22457
21212,22457
1787583,21212
21212,22457
1787583,21212
1787583,21212
1787583,21212
1787583,21212,22457
1787583,21212
1787583,21212
21212,22457
1787583,21212
1787583,21212,22457
1787583,21212,22457
1787583,21212
21212,22457
1787583,21212
1787583,22457
1787583,21212,22457
1787583,22457
1787583,21212
1787583,22457
21212,22457
1787583,22457
1787583,22457
1787583,22457
1787583,21212
21212,22457
1787583,21212,22457
1787583,22457
1787583,22457
1787583,22457
1787583,21212
1787583,22457
1787583,21212
1787583,21212,22457
1787583,22457
21212,22457
1787583,21212
21212,22457
1787583,21212
1787583,22457
1787583,22457
1787583,22457
21212,22457
1787583,22457
1787583,21212
1787583,22457
1787583,21212
1787583,22457
21212,22457
1787583,21212,22457
21212,22457
1787583,21212
1787583,22457
1787583,21212
21212,22457
1787583,22457
1787583,22457
1787583,21212,22457
1787583,22457
1787583,21212,22457
1787583,22457
1787583,22457
1787583,21212
1787583,21212
1787583,22457
21212,22457
1787583,22457
1787583,21212,22457
1787583,22457
1787583,21212
1787583,22457
1787583,21212,22457
1787583,21212
1787583,21212
1787583,21212,22457
1787583,22457
1787583,22457
1787583,21212,22457
1787583,21212,22457
1787583,21212
1787583,22457
1787583,21212
1787583,21212
1787583,22457
1787583,22457
1787583,22457
1787583,21212
21212,22457
1787583,22457
1787583,22457
1787583,21212,22457
1787583,22457
1787583,21212
1787583,21212
1787583,21212,22457
1787583,21212,22457
1787583,22457
1787583,22457
1787583,22457
1787583,22457
1787583,21212,22457
1787583,21212,22457
1787583,22457
21212,22457
1787583,22457
1787583,21212,22457
21212,22457
1787583,22457
1787583,22457
1787583,21212
1787583,21212,22457
1787583,21212
21212,22457
21212,22457
1787583,21212,22457
1787583,22457
1787583,21212,22457
1787583,21212
21212,22457
1787583,21212
1787583,21212
1787583,21212,22457
1787583,21212,22457
1787583,21212
1787583,21212,22457
1787583,22457
1787583,22457
1787583,22457
1787583,22457
1787583,21212,22457
1787583,21212
1787583,21212,22457
1787583,22457
1787583,22457
1787583,22457
1787583,22457
1787583,21212
1787583,21212,22457
1787583,22457
1787583,21212
1787583,21212,22457
21212,22457
1787583,22457
1787583,21212,22457
1787583,22457
1787583,21212
1787583,21212,22457
1787583,21212
21212,22457
1787583,21212,22457
1787583,21212,22457
1787583,21212,22457
21212,22457
21212,22457
1787583,21212
1787583,22457
1787583,21212
1787583,21212
1787583,21212,22457
1787583,21212,22457
1787583,21212,22457
1787583,21212,22457
21212,1787079,435225,1784937
1787583,1787079
1782459,21212
1787583,1786029,435225
1786029,21212
1782459,21212,1784937
1786029,435225
1786029,21212
1782459,21212,1787079
1782459,1787583,470883
1787583,1776516
1787079,1784937
1786029,470883
1787583,1787079
1786029,21212,1787583,22457,470883,1787079,435225
1787583,1787079
1787583,1787079
1787583,22457
1786029,21212,1787583,470883,1776516,1782459,998886,1787079,435225
1787583,22457,470883,1782459,1787079
1786029,21212
1787079,1784937
1782459,470883
1786029,21212,470883,1784937
1782459,1786029,22457
1782459,1787583,21212
21212,435225
1782459,470883
1782459,470883
1787583,1786029
435225,1784937
1786029,1787583
22457,470883,998886,1787079,435225
1787583,435225
998886,1787079,435225
22457,1776516,998886,1787079,435225
1786029,1787079
1787583,21212,22457,1786029,470883,1782459,998886,1787079,435225
1787079,1784937
1782459,1786029,21212
21212,470883
998886,470883
1787583,1787079
1787583,1786029,21212,470883,1784937,1787079
21212,1787079
1782459,1786029
1782459,1787583
22457,1784937,1787079
998886,470883,1784937,435225
1787583,21212,22457,1787079,1776516
1782459,1786029
1786029,21212,22457,470883,1784937,1787079,435225
1782459,22457,435225,1787079
1787583,1787079,1776516,998886
1782459,998886,21212
1786029,470883
1786029,1787079
1782459,1787583,1776516
22457,435225
21212,470883
21212,1787079
1786029,1787583,22457,21212,470883,1776516,1782459,1787079,435225
1782459,1787583
1786029,21212,22457,1787583,470883,1784937,1787079,435225
1787079,1784937
1787583,22457,470883
22457,1776516
1787079,435225
1787079,470883
21212,1784937
1787583,22457,435225
22457,470883
1787079,435225
1782459,1787583
1782459,1786029,470883
1787583,470883
1782459,1786029,470883
1786029,1787583,21212,22457,470883,1784937,1776516,998886,435225
1782459,1787583
1782459,1786029
1787583,22457
1787583,1787079,470883
1782459,1787583,21212
1787583,470883
1787583,1787079
1782459,22457,470883,1784937
21212,470883
1782459,21212
1786029,21212,22457,1787583,470883,1784937,1776516,998886,1787079,435225
1786029,21212,1787583,470883,1784937,1787079
998886,22457,435225,1787079
22457,435225,998886,1787079,1776516
435225,22457,1776516,1787079
1787079,1776516,435225
21212,470883
1787583,1787079
1787583,21212,22457,1786029,470883,998886,1787079,435225
1787583,21212
21212,435225,1784937
1782459,998886
21212,1776516,470883
998886,1786029
1787079,470883
1787583,1787079
1782459,1787583,1776516
1787583,22457,435225
1782459,21212,1787079
1787079,435225
22457,470883
1786029,1787583,22457,21212,470883,1784937,1782459,998886,1787079,435225
1782459,1787583
1786029,21212,1787079,470883
1786029,1787583
1787079,470883
1782459,1787583
1782459,22457,1784937
1782459,1787079,435225
1786029,470883
1782459,435225
1787583,435225,1784937,470883
21212,470883
21212,22457
998886,1787583
1787583,21212,1786029,1787079
1787583,1776516
1786029,21212,1787583,22457,470883,1784937,1776516,998886,1787079,435225
21212,1784937
1782459,1787583,998886
1787583,998886
1787583,470883
998886,22457,470883,435225
22457,470883,1776516,998886,1787079,435225
470883,435225,998886,1787079,1776516
998886,1787079
1787583,1786029
1786029,21212
21212,470883
1787583,21212,1786029,22457,470883,1776516,1782459,1787079,435225
21212,470883
1782459,435225
1786029,1787583,22457
21212,22457
470883,435225
1782459,1787583,435225
1787079,435225
1786029,21212,22457,1787583,470883,1776516,998886,1787079,435225
1787583,1787079,435225
1787583,21212,1786029,470883,1784937,1787079
21212,1787079,1776516
21212,1787079
1787079,22457
1786029,1784937
1787583,1787079,435225
1786029,1787583,1784937
1786029,21212
1787583,1787079
1786029,1787583,1787079,470883
1782459,1787079,470883
1782459,1787583,1786029,998886
1786029,21212,1787583,22457,470883,1784937,1782459,998886,1787079,435225
1787583,22457,998886
1787583,470883
1787583,21212,22457,1786029,470883,1784937,1782459,1787079,1776516
1782459,22457
1787079,22457
21212,22457
1786029,1787583
1787583,21212,22457
1782459,1786029
1786029,435225,1784937
1787583,21212,1786029,470883
1782459,1786029
1782459,1784937
1787583,1787079
477120,1787079
1787583,22457
1786029,1784937
21212,435225
1787583,21212,1784937,477120,1787079
1787583,1787079
1787079,435225
1782459,998886,1787583
1782459,1787583
1782459,1784937
1787583,1787079,1784937,22457
1787583,21212
1787583,477120
477120,470883
1786029,1787583,21212,470883,1784937,1787079
22457,435225,998886,1787079,1776516
1782459,21212,1787079
1782459,22457,470883
1787079,470883
1787583,470883
21212,435225
1787583,21212
1782459,1784937
1782459,1787583,22457
477120,22457
1787583,477120
1787583,1787079
1787583,22457
1787583,435225
1782459,477120,435225
477120,21212
1786029,21212
1787079,435225
1786029,477120
477120,21212
1787583,435225
1787583,22457,1784937
1786029,435225
1782459,1787583
1786029,435225
1782459,1787583
1787583,470883
1782459,1787583,22457,470883
1786029,477120
1787583,477120
1787583,1787079
477120,22457
1787583,22457
1787583,1787079
1787583,477120
1782459,477120
21212,477120
1787079,435225
1786029,21212,22457,1787583,470883,1782459,998886,1787079
1787583,21212,22457,470883,1784937,1782459,435225,1787079,1776516
1786029,21212,22457,1787583,470883,477120,998886,1787079,1776516
1782459,1787583
477120,470883
1786029,470883
1787583,21212,22457,1786029,470883,1784937,1782459,477120,998886,1787079,435225
1787583,22457,470883,1784937,477120,435225,1787079,1776516
1787079,1784937
1782459,1787583
1786029,1787583
1786029,470883
435225,1784937
998886,1787583
1787583,1786029
477120,1784937
1786029,22457,470883,477120,998886,1787079
1787079,435225
1786029,477120
477120,470883
1787583,470883
1787583,1787079
1787583,477120
998886,21212,22457,470883
1787583,21212,22457,470883,477120,1787079,435225
21212,1784937
477120,470883
1787079,470883
1786029,21212,22457,470883,477120,1787079,435225
1786029,1787079,470883
22457,470883
1787583,21212,477120
1786029,1787583,22457,21212,470883,477120,998886,435225
1782459,22457
1787583,21212,470883,477120,1787079
21212,1784937
998886,22457,1776516
1787079,1776516
22457,1787079
1787079,22457
998886,22457
998886,1776516
1786029,21212,1787583,470883,1784937,1787079
477120,470883
1786029,470883,998886
1787583,477120
1786029,22457,470883
1787583,435225
1787583,477120,998886
1787583,1787079
1787583,1786029
477120,1787079
21212,1787079,470883
1782459,21212,470883,477120
1786029,22457,470883,477120,435225,1787079,1776516
1787583,22457
1787583,1787079
477120,22457
1786029,1787583,470883
1782459,477120,21212,435225
1786029,998886
477120,1787079,1784937
22457,470883
21212,470883,1784937,998886,1787079
1786029,1787583,22457,477120,998886,1776516
1787583,1784937
1782459,1787583
1782459,477120,22457
1787583,21212
1787079,435225,470883
1782459,1787583,477120
1782459,1787583
21212,1787079,1784937
1787583,998886
1786029,22457,470883,1787079,1776516
1787079,1784937
477120,1787079,435225,1784937
1782459,470883
1786029,1776516
1782459,1787583
1782459,1787583,477120,22457
1786029,1787079,1776516,22457
998886,1787583,22457
1787583,477120
1787583,22457,1782459,1787079,435225
998886,1787079,435225,1784937
998886,1787079,435225,1784937
1787583,1787079,435225
1787583,21212,22457,1782459,1787079,435225
1787583,477120,470883
477120,470883
1787583,21212,470883,1782459,1787079
21212,1787079,477120,22457
21212,435225
1786029,470883,477120,435225,1787079,1776516
477120,22457,1784937,1787079
1786029,1787079,470883,1784937
1787079,470883
1787079,1784937
1787583,477120,470883
1787583,22457
1787583,21212,470883,1784937,477120,998886,435225
21212,22457,435225,477120
1787079,1784937
22457,470883,1784937,477120,998886
21212,470883
998886,1787079,435225,1784937
1786029,1776516,435225
21212,435225,1784937,1776516
1787583,470883
1787583,22457
1786029,998886,1787079,1776516
998886,1787583,435225,470883
21212,1784937
998886,1787583
477120,1787079
1782459,477120
1787583,22457
477120,1787079
1786029,1787583,477120,22457
1787583,1787079
1787583,1787079
1782459,1787583,21212,470883
477120,435225
477120,22457
998886,477120,470883
1786029,21212,22457,1782459,477120,1787079,1776516
1787583,22457
998886,1787079,470883
1782459,470883
1786029,1787079,470883,998886
1787079,435225
1786029,21212,22457,477120,1776516
1782459,1787583,477120,22457
1782459,470883
477120,470883
477120,21212,1784937
1786029,21212,1787079,1776516
1782459,1786029
1782459,1787583
1782459,1787583
477120,22457
1782459,1786029,21212,470883
1786029,477120
1787583,998886
1786029,22457,1782459,477120,435225,1787079,1776516
1787079,470883
1786029,21212,1787079,470883
1787583,477120,22457,998886
1782459,1787583,22457,470883
1782459,477120
1786029,1787583,21212,22457,1787079,1776516
477120,21212,470883
1787583,477120,470883,1784937
477120,470883
998886,477120,470883
1787583,21212,22457,1784937
1787583,998886
21212,1787079,435225,1784937
1786029,21212,1787583,470883,1784937,1787079,1776516
1787583,477120
1782459,1787583,477120,22457
1787583,477120,22457
1786029,22457,998886
21212,470883
21212,435225,470883
1786029,1787583,21212,22457,1784937,1782459,435225,998886,1787079,1776516
22457,1787079
1782459,998886,22457,470883
21212,1784937
1782459,1786029
998886,1784937
21212,435225,477120
1786029,1787583,1776516,477120,998886,1787079,435225
1787079,435225
998886,1787079
998886,1787079
998886,1787079,22457
1787583,21212,1787079,1784937
1787079,435225,1784937
21212,1787079,435225
1782459,470883
1787079,1784937
1787583,22457
21212,435225,1784937
22457,470883,1784937,1782459,477120
1787583,1787079,435225,22457
1786029,21212,22457,435225,1787079,1776516
1786029,477120,435225,470883
1787583,21212,1784937
1782459,1787583
22457,435225,1787079
1786029,1787079,470883
435225,470883
1787583,435225
21212,477120
477120,22457
1782459,1787583,477120,22457
998886,477120
1782459,998886,1784937
998886,477120,1787583,22457
477120,470883
1787079,435225,1784937
1787583,470883
998886,1784937
998886,477120
1787583,22457
1786029,21212,1784937,435225,1787079,1776516
1786029,21212,22457,998886,1787079,1776516
1786029,1787583,470883,1784937,477120,998886,1787079,1776516
1787583,1786029,22457,1782459,435225,998886,1787079,1776516
1787583,1787079
21212,470883
998886,22457,1787079
1787079,22457
1786029,1787079,1776516,470883
1787583,1787079,435225
1782459,1787079
998886,1787079
1787583,477120
1787583,22457,470883
998886,477120
1786029,21212,22457,477120,998886,1776516
1786029,21212,1787079
1787079,435225
1787583,1787079
1786029,1787583,21212,1787079
1787079,435225,1784937
998886,1787079
1782459,1787583,21212,22457
1786029,21212,22457,477120,1776516
1787583,21212
1786029,470883
21212,1787079,435225
998886,22457
1787583,22457,1784937
1787583,470883
1787583,470883
477120,22457,435225
1786029,470883,998886,1787079,1776516
1787583,1786029,22457,21212,470883,477120,435225,1787079,1776516
1787079,435225
21212,1787079,477120,1784937
1786029,477120
1787583,477120
477120,470883
1786029,21212,1787583,470883,1784937
998886,1787079
998886,21212,1787079,1784937
1787583,470883
1787583,22457,1787079
1786029,21212,22457,477120,1787079,1776516
1786029,21212,22457,470883,477120,998886,1787079,1776516
998886,1787583,1787079
1782459,477120
1782459,1787583,477120
1786029,477120,998886
1787079,22457
477120,21212
1787583,21212,470883
1787079,1784937
1787583,22457
1787583,477120
1787079,435225
998886,1787079,435225
1787583,21212,470883,477120,1787079,1776516
21212,477120,1787079,470883
21212,477120
1782459,470883
998886,477120,1787079
1787079,435225
21212,435225
477120,1787079
477120,470883
1782459,477120,470883
998886,470883
477120,1784937
998886,1787583,22457,470883
435225,1784937
1787079,470883
1787583,477120
1787583,22457
1787079,1784937
998886,22457
477120,1784937
1787583,1787079,435225,22457
1787583,22457
1787079,435225,22457
998886,21212,435225
1787079,1784937
1787079,435225
998886,1787079
477120,1787079,1784937
998886,1784937
1782459,21212,470883
1787079,435225
1787583,21212,1787079
1787583,22457,470883
1787583,21212,22457,477120,435225
998886,21212,470883
21212,22457,435225,1787079
477120,21212,470883
1787583,1786029,21212,1787079,435225
21212,1787079,22457
22457,470883
1786029,470883
470883,435225
477120,22457,470883
1787583,1784937
477120,21212
1782459,1787583,477120
1786029,477120,22457
1782459,1776516,1784937
21212,22457,1784937,1787079,435225
1787583,21212,22457,477120,1787079,435225
1787583,477120
1787583,22457
1786029,21212,470883
1787583,435225
477120,1787079
998886,477120,470883
1782459,1787583,22457
998886,477120,470883
1787079,470883
21212,22457,470883,477120,1787079,435225
1782459,1787583,477120
1787583,22457
477120,470883
21212,22457,477120
1787583,470883
1787583,22457,470883
1786029,22457
21212,435225,1784937
21212,470883
1786029,470883
1782459,435225
22457,470883,1784937,1782459,477120
1782459,1787583
998886,21212,470883
1787583,22457,435225
1787583,21212,1784937,1782459,477120,1787079
477120,22457,470883
1787583,477120
1782459,1787583,470883
1787583,22457
1787583,1776516
1787079,1784937
477120,21212
998886,22457
1782459,1784937
1787583,477120,22457
477120,22457,470883
998886,21212,470883
1787583,1776516,435225
1787583,21212,22457,1787079,435225
1787583,21212,1787079,435225
21212,435225
1782459,435225
998886,21212,470883,1784937
1782459,477120
477120,470883
477120,1784937
477120,22457
1782459,477120,470883
998886,21212
21212,1787079,435225
998886,1787079,470883,22457
998886,21212,1787079,435225
1786029,477120,1787583,998886
21212,477120
1782459,998886
1782459,1787583
1782459,1787583,1776516
1787583,1787079,435225
1782459,470883
21212,470883
1787583,1787079,998886
1782459,1787583,1787079,998886
1787583,1787079
1786029,477120,1787079,998886
22457,1787079
1782459,477120
1787583,22457
21212,1787079,1784937
21212,435225,1784937
1787079,435225,1776516
1787079,435225
21212,22457,470883,1784937
998886,21212,477120
1776516,1784937
1782459,477120,22457,470883
1787583,22457,477120,998886,1787079
1787583,21212,22457,470883,998886,1787079
1787583,477120,22457
1787583,1787079,470883
1787079,435225
470883,435225
1787583,477120
1787079,22457
1782459,1787583,21212,22457
1776516,470883
477120,22457
1787583,470883
998886,1787079,435225
1787079,435225
1787583,1784937
477120,470883
1787583,22457
1787583,1787079,470883,998886
1787079,435225
1787583,477120
1787583,470883
1787583,22457
1787583,1787079
1787583,21212,470883,1784937,435225,1776516
477120,470883
998886,22457
1786029,477120,435225
1787583,21212,22457,477120,1787079
21212,1787079,470883
1782459,1787583
1787583,21212,22457,1782459,1787079,435225
1787583,477120
21212,22457
1787583,1787079,435225
21212,477120
1787583,435225
998886,1787079,435225
1787079,435225
477120,435225
1786029,1787583,1784937
1786029,21212,470883,1784937,477120,1787079,435225
1787583,477120
1786029,477120,21212,435225
998886,477120,470883
998886,1787079,435225
998886,1787079,435225
998886,470883
998886,21212,1784937
998886,21212
1787583,21212,470883,477120,1787079
1782459,477120,1787079
998886,477120,1787079,470883
1782459,998886,1787583,22457
998886,22457,470883
998886,477120
1782459,1787583
1787583,1786029,21212,998886,1787079,1776516
435225,1784937
1787583,21212,22457,470883,477120
1786029,470883
1787583,470883
998886,477120
1787583,21212,22457,477120,998886
1786029,1787583,1787079,435225
1787583,22457
1787079,435225
1787583,22457,435225,1787079
1787583,1787079
1786029,470883,1782459,477120,998886,1787079
1787583,22457
998886,21212,470883,1784937
1787079,435225
1787079,435225
1787583,21212,470883,477120,1787079,1776516
998886,477120,435225
1787583,1787079,435225,1784937
21212,1787079
477120,470883
1782459,477120,435225
21212,435225
998886,435225
435225,1784937
22457,435225,1787079
998886,1787079,435225
998886,1787079,435225
21212,1787079
21212,1787079
998886,477120,22457
1787583,470883
1787583,21212,22457,470883,477120,998886,1787079,435225
1787583,470883,477120,1787079,435225
1782459,470883
1782459,998886,470883
1787583,470883
998886,1787079
1782459,22457
1787583,21212,470883,477120
1787583,22457
1776516,470883
21212,435225,1784937
477120,435225,1784937,470883
477120,470883
998886,21212,470883,1784937
22457,1784937
1787583,22457
477120,1784937
998886,477120,1787079
1782459,1787079
1787583,1776516
477120,1787079,435225
1787583,477120,435225
1782459,1787583,1784937,998886
998886,477120
21212,477120,998886,1787079,435225
477120,22457
1786029,477120,22457
21212,470883
1786029,470883
21212,477120,1787079,998886
1787583,21212,477120,470883
477120,1787079,470883,435225
1782459,477120
1782459,998886,21212,435225
1787583,477120,470883,435225
1782459,1786029
1782459,470883
477120,22457,435225
1782459,21212,435225
1786029,21212,1787079,435225
21212,470883,1784937
1787079,22457
1787079,435225
1786029,998886
477120,21212
1786029,477120
477120,470883
477120,1787079,435225
1782459,1787583
21212,1787079
1782459,1787079
477120,470883
1786029,477120,1787079
21212,435225,1784937
998886,477120,470883
1782459,1786029,470883
1782459,1787583,435225
477120,1787079,22457
1787583,22457
998886,22457
1782459,22457
998886,1787583
1782459,22457
1782459,1787583,22457
1787079,435225
1782459,22457
1787583,477120
1782459,1787583,470883
1782459,1787583
1787583,1782459,477120,998886,435225
998886,22457
477120,1787079
21212,1784937,477120,998886,1787079
21212,435225
1782459,998886,435225
477120,1787079
1787583,1787079
435225,1784937
477120,1787079,1784937,22457
998886,435225
1786029,1787079,22457
1787079,1776516,1784937,435225
1787079,435225
1787079,1776516,435225
477120,1787079,435225,1784937
1787583,22457
998886,21212,470883,1784937
1787583,22457,470883
21212,477120
21212,1787079,435225
435225,1784937
1787583,1776516
477120,470883
21212,435225,470883
998886,477120
998886,470883
21212,1784937,477120,435225,1787079,1776516
1786029,477120
1782459,1787583,21212,1784937
477120,470883
21212,477120,470883
21212,1787079,477120
1787079,1784937
1787079,435225
435225,1784937
1782459,470883
21212,470883,477120,435225,998886,1787079,1776516
477120,470883
21212,477120,435225
998886,477120,22457,1784937
998886,477120,470883
1786029,477120
1782459,470883
1786029,1776516
1787583,477120,1786029
477120,21212
1787583,470883
477120,22457
21212,1776516,477120
1787079,435225,1784937
1787079,470883
477120,21212,470883,1784937
1782459,477120
1787583,21212
477120,1787079
1787583,21212,1786029,22457,435225,1787079,1776516
1782459,470883
435225,1784937
21212,477120
1787583,21212,477120,998886,435225
22457,1784937
1787583,470883
998886,1786029
477120,470883
1787583,1787079,1784937
1787583,477120,470883
21212,1787079,1784937
1787079,1776516
21212,1787079,22457
1782459,1787583,470883
998886,1787583,1787079,21212
1787583,21212,22457,477120,998886,1787079
470883,435225
1787583,470883
21212,477120
1782459,470883
1787079,435225
1787079,435225
998886,1787079,435225
22457,435225,1784937,1787079
998886,21212,470883,1784937
1787079,22457
998886,1787583,1787079
1782459,1787583
1787583,1786029,22457
1787079,435225
477120,21212
1782459,998886,477120,1787583
1787583,21212,477120,1787079,435225
1787583,470883,1782459,477120,1787079,435225
1782459,1787583
477120,1787079,470883
1787079,470883
998886,21212,1787079
998886,477120
1787583,22457,470883,1787079
1786029,1784937
1787583,22457,477120,998886,1787079,435225
998886,470883
21212,22457
21212,1787079
1782459,470883
21212,435225
435225,1784937
998886,1787079
22457,1784937
1782459,1787583
998886,1784937
1786029,477120
477120,22457
477120,1787079,470883
21212,22457,1784937,1787079,435225
477120,1787079,435225
477120,1787079,435225
998886,21212,470883,1784937
1787079,435225
470883,1784937
1787079,470883,435225
477120,435225
1787583,998886
1787583,22457
1787583,477120
998886,22457
1787079,435225,470883
1782459,1787583
21212,477120
1782459,470883
1786029,1787583
1787079,470883
1787079,470883
21212,22457,470883,477120
21212,1787079
477120,1787079
21212,1776516,477120
1787583,477120,1787079
1787583,998886
1787079,22457
1787583,21212
998886,22457
1787583,1787079
1782459,1786029,477120
1786029,470883
1787079,1784937
477120,21212
477120,22457,470883
1787079,435225
1787583,21212,470883,477120,998886,1787079
998886,477120,1787079
21212,470883,1782459,477120,998886,435225
477120,1787079
477120,22457
1786029,1787583,1787079,998886
21212,477120
1787583,22457
1787583,477120
1787079,435225
1782459,1787583,470883
22457,1784937
1782459,1787079
1787583,22457,470883,998886,1787079,435225
21212,470883,477120
21212,22457,470883,1784937
998886,22457
21212,1787079
998886,21212,1787079,470883
1786029,21212,435225,470883
477120,22457
1787583,477120,1787079,998886
477120,470883
477120,470883
1782459,470883
1787583,477120,470883
477120,21212,470883
998886,470883
1787079,470883,1776516
21212,1787079,470883,435225
998886,477120
1786029,1787583,470883,1782459,998886,435225
1782459,477120,470883
470883,1784937
1787583,435225
998886,477120
1786029,435225,1784937
1787079,470883
1787583,1787079,435225,998886
1787583,470883
21212,435225
1787583,1787079,1776516
1787583,22457,470883,477120,998886
477120,470883
1787583,1786029,470883,1782459,477120,998886
1786029,477120
21212,1776516
1782459,1787583
1787079,435225
1787079,22457
1782459,22457
1787583,1787079
1787583,21212
1782459,1787583,477120,1787079
1787583,21212,1776516,998886
1787583,470883,998886
1786029,21212,470883
21212,22457,470883,477120,998886,1787079
998886,1787583
1787583,22457
1782459,477120,1787079,1784937
1782459,477120
1787583,998886,477120,22457
1787583,1784937
998886,21212
998886,477120,1786029
1782459,1787583
1782459,1787583,477120
998886,1787583,435225,1787079
1787583,477120,470883
1782459,22457
1786029,21212,470883,1784937,998886
1787079,1776516,1784937
998886,1787079
477120,1787079,1784937
998886,477120,21212,470883
998886,477120
1787583,1784937
998886,477120,1787079,22457
477120,470883
477120,1787079
477120,1787079,470883
1787583,22457,1787079
1787079,1776516
1782459,477120
1787583,21212,470883,1782459,998886,1787079
21212,477120,1787079,1776516
477120,435225
1787583,22457,1787079
21212,1787079
1787583,21212,1784937,477120,1787079,435225
1782459,22457
477120,470883
477120,1787079
1782459,477120
1782459,1787079,435225
21212,1784937,477120,998886,1787079
1787583,435225
1782459,1787079
998886,477120,21212
477120,1787079
1782459,470883
998886,435225
477120,21212,470883,1776516
998886,1787583,1776516,435225
1787583,21212,22457
1787583,470883
1787583,1784937
1787583,21212,1787079,477120
1786029,1787583
21212,1787079,1784937
21212,1787079,470883,435225
998886,470883,1784937
998886,1787583,470883
1787583,477120
1776516,470883
1787079,1784937
1787583,470883
1782459,1787583
477120,21212
1787583,477120,470883
1782459,477120
1782459,998886,477120
998886,470883
998886,477120
21212,477120,435225,998886,1787079,1776516
477120,435225
998886,477120,1787079,22457
1787079,435225
998886,22457
21212,1787079
477120,1787079,470883,1784937
1787583,477120,22457,1787079
477120,470883
1787583,435225,998886
1787583,1784937,1782459,1787079,435225
1787583,1787079
1787583,22457,470883,1782459,477120,435225,998886,1787079,1776516
998886,477120,470883
998886,1787583
1782459,477120
998886,21212,470883
1782459,998886,470883
1782459,1787583,998886
22457,470883
998886,21212,470883,1784937
477120,22457
1787583,21212,435225
477120,21212
1786029,22457,470883,477120,998886,1787079
1782459,477120
477120,1787079
1782459,1787583
998886,21212
1782459,477120
1787583,22457,998886,1787079,1776516
21212,1787079,470883
998886,470883
21212,1782459,477120,998886,435225
998886,477120,22457
477120,21212
1782459,477120,435225
998886,477120,435225,470883
22457,435225
1786029,477120
998886,22457
1787583,470883,1784937
1787583,998886,477120,21212
998886,477120
1787583,470883
1787079,435225
1786029,435225
1782459,1787079
1787583,477120,22457
477120,21212,470883
1787583,1776516
21212,470883,1784937,998886,435225
1786029,477120,1787079,435225
998886,477120,1787079
1786029,1787079
1787079,1784937
998886,1787079,435225,1784937
22457,435225,1787079
998886,1787079
1786029,1787079
1782459,470883
1786029,21212,1787079,477120
1782459,998886
21212,1787079
998886,477120
1782459,477120
1782459,22457,1787079
1782459,998886,1787583,470883
1782459,1787583
998886,1787583
1782459,998886,477120
21212,470883
1787583,1786029,435225
998886,470883
477120,470883
998886,435225
998886,470883
1787079,435225
1782459,1787583
477120,1776516
1787583,470883
1786029,470883,1784937
998886,435225,1784937
21212,435225
1782459,998886
1787583,477120
1786029,21212,22457,470883,1776516,1787079,435225
1787583,22457,477120,998886,1787079
1787583,477120,1776516
21212,1787079,435225,1784937
21212,22457,470883,1784937,477120,1787079,1776516
477120,435225
477120,435225,1784937
1787583,477120,1786029,1776516
1782459,470883
477120,470883
1787583,1787079,998886
1787583,1787079
21212,470883,1784937,998886,435225
998886,477120,1787079,435225
998886,1787079,435225
1786029,1787079
998886,477120,21212
1787079,470883
1786029,435225
998886,1787583,1787079,22457
1782459,998886
1786029,477120,1787583
477120,1784937
21212,1787079,22457
998886,1787583
1782459,477120
1787583,22457,998886
1787583,22457,470883,477120,1787079,1776516
1787583,1787079,998886
1786029,1787583,435225
1787583,470883
1787583,21212,1786029,1782459,998886,1776516
998886,1787079
21212,435225
1782459,1787079
22457,1784937,1787079
1786029,477120
1787583,470883,998886
477120,21212
1787583,22457
998886,21212
477120,21212,470883
477120,22457
998886,1787079,435225
21212,470883,477120
1787079,470883
1782459,477120,22457,1784937
1787079,435225
477120,1787079,435225,1776516
1782459,435225
22457,470883
998886,1787079,470883
1787583,21212,470883,998886,435225
1782459,21212,435225
1786029,477120
1782459,1776516
21212,22457,470883,998886,1787079,1776516
1787583,21212,470883,477120,998886,1787079,435225
22457,470883,477120,998886,1776516
1782459,1787583
1787583,477120
435225,1784937
1787583,477120,470883
1787583,21212,22457,1784937,1782459
1782459,998886,21212,1787079
998886,1787079
1782459,998886
1782459,998886
1782459,477120
21212,1787079,435225
1782459,998886,435225
477120,1787079
1787583,22457,998886,1787079,1776516
1787583,1786029,22457,470883,477120,998886,1787079,435225
21212,470883,1784937,998886,435225
1787079,1784937
998886,1787079,22457
998886,22457,1776516,1787079
21212,435225
1787583,21212,22457
1787583,22457,470883
998886,477120
1787583,21212,1784937
1782459,1787583
1782459,477120,1784937
1787583,1776516,1784937
21212,1784937
477120,1787079,435225,22457
1782459,998886
22457,470883
1787583,21212,22457,998886,1787079
22457,435225
1786029,998886,1787079
998886,1787079,1784937
1787583,998886
998886,1787079
1786029,998886
1782459,470883
1787583,1784937
1787583,477120,470883
21212,435225
1787583,21212,435225,1787079,1776516
1782459,477120,1787079,435225
1787583,477120,470883
1787583,21212,1786029,998886
21212,1776516,435225,477120
1782459,477120
998886,1776516
477120,1787079
1787079,435225
1787583,998886
1786029,1776516
21212,1787079,435225
1782459,1786029,21212,470883
1787583,477120,22457
1782459,470883
1787583,1787079
998886,470883
470883,435225
1787583,477120
435225,1784937
21212,1776516,470883
1782459,22457
21212,1787079,470883
998886,477120,470883
1787583,22457,1784937,998886,435225
1787583,21212,22457,470883,998886,435225
1786029,21212,470883
22457,470883
1787079,470883,435225
21212,435225,470883
1782459,1787583
1787583,22457,470883,1784937,435225,998886,1787079,1776516
1787079,435225
1782459,1787583,470883
1787583,998886
21212,470883
1786029,477120,21212,470883
1787583,1786029,470883
1782459,998886,470883
477120,1787079
21212,1787079
1787079,1776516
1786029,1787583,1776516,477120,1787079,435225
998886,477120,22457,435225
1782459,1787583,22457
1782459,998886,470883
1782459,21212,477120
1787583,22457
1787079,435225
1786029,21212
1782459,1787079
21212,1787079,1776516
1787583,22457,470883,435225,998886,1787079,1776516
1786029,1784937
21212,1787079,435225
1787583,998886
21212,1787079,470883
998886,1787079,435225
21212,1787079,470883
1787583,1787079
21212,477120
1787583,1787079
998886,470883
1782459,998886,22457
1782459,1786029,22457
21212,470883,1784937,998886,435225
1787079,1776516
477120,1787079,1784937
1786029,998886
1787079,22457
998886,21212,1787079,435225
998886,1784937
1787583,21212,22457,998886,1787079
1787583,435225
1787583,470883
1786029,22457,1776516,1787079
435225,1784937
1786029,21212,22457,998886,1787079
998886,477120,1787079,22457
21212,470883
470883,1784937
435225,1784937
1787583,22457,470883,998886
1787079,435225,470883
21212,470883,1784937,1776516
998886,477120,1787583,22457
477120,21212,470883
1782459,470883
998886,21212
1787583,477120,1787079,998886
1787079,435225
1787583,477120,998886
21212,435225
998886,1787079
1787583,21212,22457,470883,1782459,998886,1787079,1776516
1787583,1784937
477120,1787079,470883,22457
1787583,477120,22457
1782459,470883,435225
1786029,435225
477120,22457
1782459,1787583
21212,1787079,470883,1784937
998886,22457,435225
22457,1782459,477120,1787079,435225
1787079,1784937
21212,470883,1784937,998886,435225
477120,1787079
998886,477120,1787079
998886,477120,1787079
1787583,470883,1782459,435225,998886,1787079,1776516
21212,1776516,435225,470883
1786029,477120,22457,1776516
1782459,1787079
21212,470883
477120,1787079
1782459,1787583,477120,470883
1787583,22457,470883,1784937
998886,1787079
21212,1784937,1782459,1787079,435225
998886,1776516
22457,435225
998886,1776516
1787583,22457
1787583,21212,470883,1782459,435225
22457,470883
998886,22457
1786029,22457
22457,1776516
1782459,470883
1782459,477120
1782459,470883
1787583,1776516
1787583,470883
21212,22457
1786029,1787583,1787079,435225
1787583,21212,998886,1787079,1776516
1787583,1776516
998886,21212,1786029,477120
1782459,470883
998886,1787079
477120,470883
21212,435225
470883,1782459,998886,1787079,435225
21212,470883
21212,470883
998886,21212
22457,1787079
1782459,998886,21212
1787079,1776516,435225
998886,21212
1787583,470883,998886
1787583,1786029,470883,998886
477120,21212,470883
1787583,477120
1782459,21212,470883,477120
1787583,470883
1787583,470883
1787583,470883,435225,998886,1787079,1776516
1786029,21212,1782459,477120,998886,1787079
1782459,21212
1782459,21212
998886,22457
1787079,1784937
998886,1787583,22457,470883
998886,1787583,22457,470883
1782459,470883
1787583,21212,470883,477120
1787583,470883
1786029,21212,1784937,477120,998886,435225
1787583,21212,22457,470883,1784937,477120,998886
21212,1776516
998886,477120,1776516
1782459,1787583,21212
1782459,470883
998886,1787583,1787079,470883
1787079,435225
21212,1787079,477120
1782459,1787583,435225
1787583,21212
998886,470883
998886,1787079
1787583,435225,998886
1786029,21212,470883,1784937,998886,435225
1787583,1787079,435225,470883
1787583,998886
470883,1784937,435225
1782459,470883
998886,1776516
998886,21212,435225
1787583,21212,22457,1784937,998886,1787079
1782459,470883
21212,470883
1787583,470883
1782459,1784937
1787583,22457,998886,1787079,435225
1787079,435225
1787583,21212,1776516,1784937
21212,1776516
1786029,1787079,435225
998886,1787583,1786029,1787079
21212,1787079
477120,21212,1776516
998886,470883
998886,1787079
998886,22457
1782459,1787583
1787583,435225,1776516
21212,477120,1787079,1776516
1782459,22457
1782459,998886,22457
1782459,470883
435225,1784937
1786029,21212,1787079,435225
998886,470883,1784937
1782459,998886
435225,1784937
998886,1787583
21212,470883
998886,1787583,1787079
1782459,998886,22457
1787079,435225
998886,477120,470883
1782459,21212
22457,435225
21212,22457,998886,1787079,1776516
21212,1787079,477120
1786029,1787079
477120,21212,435225,22457
998886,435225,470883
998886,1776516
1787583,998886
477120,1787079
1782459,998886
1786029,1787079
1787583,22457,470883,998886,1787079
1787583,21212,1782459,1787079,435225
998886,477120
1787583,22457
1787583,998886
22457,470883,435225
21212,470883
1782459,1787583,470883,998886
1786029,21212,470883,1784937,998886,435225
21212,470883
1782459,998886,1787583
21212,470883
998886,22457
1787583,435225
1782459,21212,435225
998886,1776516,435225
1787583,21212,22457,998886
1787583,22457
1782459,21212
1782459,998886,1787079
1782459,470883
998886,1787079,435225
1782459,1787583
1787583,21212,1776516,1784937
998886,435225
470883,1784937
1787079,435225
1787583,1787079,435225
21212,470883
1782459,998886
21212,1787079,470883
1782459,1787583,22457
1787583,998886
21212,435225
1782459,1787583,998886
1782459,998886,1787583,1776516
22457,470883,435225
1787583,470883
1782459,470883
1787583,998886
998886,1776516
998886,470883
1782459,470883
1787583,1787079,470883,998886
22457,435225
1782459,998886
1786029,1776516
998886,1787079,435225
1787583,1787079
1782459,1787583,21212,470883
1782459,1787583,998886
1782459,998886
998886,1787583
21212,1787079,22457
1782459,1787583,998886
1787583,1787079
1782459,998886,22457
998886,1787079,1776516
998886,1787079,435225
1787079,435225,470883
1782459,1787583,22457
998886,1787079
998886,21212
21212,22457,470883
998886,21212,470883
1782459,998886
1787583,1787079,435225,1784937
1782459,998886,21212,22457
1787079,435225
1787079,435225
1782459,470883
1782459,21212,470883
998886,1787583
21212,470883
1787079,435225
998886,1787079
998886,477120,1787079
998886,1787079
998886,477120,1787079
998886,477120
998886,22457,1787079
1782459,998886
1782459,22457
435225,1784937
1786029,21212,470883,1784937,998886,435225
1787079,470883
1787079,435225,22457
1787583,1787079
21212,22457
21212,1784937
21212,1787079
1787583,1787079,435225
1786029,21212,998886
998886,470883
1782459,22457
1787583,22457
1782459,1787583,21212
998886,470883
1787079,435225
1782459,470883
998886,1787583
1787583,998886
998886,1787079,435225
1787583,21212,22457,477120,435225,998886,1787079,1776516
1787583,1776516
998886,470883,1784937
1787583,998886
1787583,435225
1787583,1786029,470883,435225,998886,1787079,1776516
1787583,21212,22457,1782459,435225,998886,1787079,1776516
1787583,21212,22457,477120,998886,1787079,1776516
1787583,21212,22457,1787079
21212,1787079
998886,1787079,470883,435225
1787583,21212,22457,1784937,477120,998886,1787079,435225
1787583,21212,22457,470883,998886,1787079,435225
1787079,470883
998886,1787583,435225
1782459,1786029,1787583
1782459,1787583,470883,998886
1787583,21212,1787079,435225
1782459,470883
1782459,1787583,470883
1787583,21212,22457,470883,1782459,1787079,1776516
1782459,998886,21212,1787583
1787583,1787079
998886,1776516
1787079,470883
998886,21212
435225,470883
998886,1787583
1782459,470883
1787583,1776516
1782459,998886
998886,22457
21212,22457,1782459,477120,998886,1787079,1776516
1787583,1787079,435225
1787583,21212,22457,470883,1782459,477120,1787079,1776516
477120,470883
1786029,21212,435225
1787583,22457,1776516,1787079
21212,435225
1787079,1784937
1787583,998886
1786029,21212,470883,1784937,998886,435225
1787583,22457,998886
998886,1787079
1782459,22457,435225
1787583,21212,22457
998886,1787079,22457
998886,1787079
998886,470883
998886,1787079
998886,1787079,435225,470883
998886,1787583,470883
21212,435225
998886,21212,1787079
1782459,1787583
998886,470883
1787583,22457
998886,21212
998886,21212,470883,1784937
435225,1784937
998886,470883
1787583,21212,470883,1782459,998886
22457,470883
1782459,1787583,998886
1782459,998886
1787583,1786029,22457,470883,1782459,477120,998886
21212,1787079,435225
1787583,470883,998886
1787583,1776516
435225,470883
1787583,470883,1782459,998886,1787079,435225
1787583,22457,1782459,998886,1787079,435225
998886,1787079
1782459,21212
998886,1787079
998886,1787079
998886,1787079
998886,477120,1787079,1784937
1786029,1787079,1784937,998886
998886,477120,1787079,22457
21212,470883,1784937,998886,435225
21212,1787079,435225,470883
1782459,21212,470883
1782459,21212,1787079
1782459,1787583,1787079
998886,21212
1786029,22457,470883,998886
1782459,1787583,435225,998886
1782459,1787583
998886,21212,1786029,1787079
1782459,998886,22457
1787583,1787079
1782459,1787583,998886
1786029,1787583,470883
998886,1787583
1787583,21212,470883,1782459,998886
1787583,21212,470883,998886,1787079
1782459,435225
1787079,435225
998886,22457
1786029,1787079,470883
1787583,22457,435225,1787079
21212,1787079
998886,22457
1787583,21212,22457,435225,1776516
435225,1784937
998886,21212,1776516
1787583,998886
998886,1787583
1782459,1787583,470883,998886
998886,1787079,435225
1782459,1787583,1787079,998886
998886,1787583
998886,1787583,1787079,1784937
1787583,21212,435225,998886
998886,470883
21212,470883
21212,470883
1782459,22457
1787079,435225
998886,1787079,470883,22457
1782459,435225
22457,435225
1787583,21212,22457,1784937,998886,1787079
998886,21212,1787079
1782459,1787583
1787583,22457,470883,1784937
1786029,998886
1786029,21212,1787079
998886,470883
998886,22457
1786029,21212,470883,1784937,998886,435225
22457,435225,1787079
1787583,22457,435225,1784937
1782459,21212,435225
21212,1787079
998886,1787583,1787079,470883
998886,22457
1782459,1787583
1787079,435225
1786029,21212
1787583,998886
1786029,1787583,1776516,470883
21212,470883,998886,1787079,1776516
998886,1787079,1776516
1776516,435225
1782459,1787583
1787583,470883
998886,1787583,1784937
1787583,21212,1787079,998886
21212,470883,998886,1787079,435225
1782459,998886
1782459,1787079
21212,1787079
998886,470883
998886,22457
1782459,998886
1782459,1786029,1787079,470883
1787583,470883
1782459,21212
1782459,1787583
998886,21212
22457,1776516
1782459,1787583
1782459,998886,1787583
1782459,1787583
1787583,470883,1782459,1787079,435225
998886,21212
998886,1787583
998886,1787583,1787079,435225
1782459,1787583
1782459,1787583,470883
1786029,1787079,435225,998886
1787583,21212,998886,1787079,1776516
1786029,21212,22457,998886,1787079,1776516
1787583,435225,1784937
1786029,21212,998886,1787079,435225
21212,435225
1787583,21212,470883,435225,998886,1776516
1787583,21212,1787079
21212,1776516,470883
1787583,1787079
1782459,998886,21212,1787079
998886,435225
1787583,22457
1787583,1776516
1787079,435225
21212,435225,1784937,470883
22457,435225
435225,1784937
1782459,998886,22457
1787583,21212,1782459,435225,998886,1787079,1776516
1787583,21212,22457,470883,1776516,998886,1787079,435225
1787583,470883,477120,998886,1787079
1782459,22457,470883
1787079,435225
1782459,998886
21212,470883
22457,470883
1782459,1787583,470883
1782459,1787583,1787079
1782459,998886
1787079,435225
1787079,435225
1786029,1787583,22457,1782459,998886
1787583,21212,22457,435225
1787583,1787079,1784937
1787583,1787079,998886
1787079,1784937
998886,1787583
998886,21212,435225
1787079,435225
1787583,1784937
1786029,21212,470883,1784937,1782459,1787079
1787583,998886
1787583,470883
1787079,435225
21212,435225
1787079,435225
21212,1787079,470883
1782459,1787583,470883
21212,1776516
1787583,998886
998886,21212
1782459,1784937
998886,1787079
1787079,435225
998886,435225
998886,1787583,435225
1787079,435225
1787079,435225
1782459,1787583
21212,435225
21212,22457,1776516,477120,998886,1787079,435225
998886,21212,1787079,470883
998886,1787079,1784937
1787583,21212,477120,998886,1787079
22457,1787079
1782459,998886,470883
21212,435225
1786029,998886,1787583,1787079
1782459,998886
1782459,1787079
998886,1787079
1782459,998886
998886,1787079,1784937
1787079,1784937,22457
1782459,470883
1782459,998886,1787583
1787583,22457
21212,1787079
1787583,21212,470883,998886
998886,21212,435225,1784937
1786029,1787079,998886,22457
1787583,477120,1787079
1787079,1784937
1787583,1787079,1784937
1787583,1787079
1786029,1787079,22457
1787583,1787079
1787583,1776516
1787079,1784937
1787583,1787079
1787583,1787079,1784937
1786029,1787079,998886
998886,1787079
1787583,1787079
1786029,998886,1787079,1776516
22457,435225,998886,1787079,1776516
1787583,1787079
1787079,470883
1782459,470883
998886,1786029
1787583,1787079,435225
1782459,1787079,470883
1787079,435225
998886,470883,1784937,435225
998886,1787583,1787079
998886,1776516
22457,435225
998886,21212
998886,1787079,435225
1787583,470883,998886
1782459,435225
21212,435225
21212,22457,470883,998886,435225
998886,1787079
1782459,1787583
1782459,1787583,1776516
998886,435225
998886,1787583,22457
21212,470883,1782459,1787079,435225
1782459,435225
1787079,470883
1782459,1787583
1787583,22457,998886
22457,1787079
998886,470883
1782459,998886,470883
22457,1787079
998886,470883
1787583,470883,1776516
1782459,1787583
21212,1776516,1784937
1787583,477120,470883,435225
998886,21212,1786029,435225
21212,1787079,435225
1782459,1787583,998886
21212,435225
1787079,435225,470883
1782459,21212,22457
1787079,435225
22457,470883
21212,1784937
1782459,435225
21212,435225
1787583,21212,470883,1784937,1782459,998886
21212,470883
21212,22457,470883,1782459,477120,998886,435225
1786029,21212,1784937,998886,435225
1787583,22457
1787583,21212,435225
21212,22457
21212,435225
1782459,1787583
1782459,435225,470883
1782459,22457
998886,1787079,1776516,435225
435225,470883
1787583,1787079,435225
998886,22457,470883
21212,470883,1782459,998886,1787079
1787079,435225
998886,1787583
21212,22457,470883,1787079
1782459,998886,1787583,435225
998886,21212,470883
1787583,21212,22457,1776516,1787079,435225
1787079,1784937
998886,1787583,470883
1787079,435225
21212,470883
435225,470883
1782459,21212
1787583,21212,477120,998886,1787079
22457,470883,1784937,998886,1787079
1787583,21212,435225
1787583,477120,21212
1782459,470883
1787079,470883
998886,1787079,470883
1787583,22457
1782459,470883
998886,1787583,22457
1787583,1787079
1787583,1787079
1782459,998886,1787583
998886,1787079,1776516,435225
998886,21212,435225,1784937
1782459,470883,1784937
1787583,21212,470883,998886
998886,1787079
1786029,1787079,998886,22457
1787583,1787079,1784937,998886
1787583,1784937
998886,22457
1787583,22457,477120,998886,1787079,435225
1787079,1784937
1782459,998886,1787079
1782459,998886,21212
998886,21212
998886,1776516
1776516,1784937
998886,1787583
998886,470883
21212,1787079
998886,1787583,22457
1782459,22457
21212,22457,470883,998886,1776516
22457,1784937
1786029,1787583,1776516
1782459,435225
1782459,470883
1787583,21212,22457,1782459,435225,998886,1787079,1776516
1782459,1787583,1787079,470883
21212,1784937
1787583,470883,435225,998886
1782459,998886
1787079,470883
998886,470883
21212,1787079,435225
998886,1787079
998886,1787583,1787079
998886,1787079,1784937,22457
21212,22457
1787583,1787079
1787079,435225,1784937
998886,1787583
1787583,22457
21212,22457,435225,1787079
1787079,470883
998886,1787079,435225
1787583,22457,470883,1776516,998886,1787079,435225
1787583,998886
998886,470883
998886,22457,1787079
1787583,22457
998886,435225
435225,1784937
1787079,435225
1787583,21212
1787079,435225
1782459,1787583,470883,998886
1787583,470883
998886,1787079
1787583,22457,1784937
998886,470883
998886,22457
1782459,1787079
1782459,470883
1787583,21212,22457,470883,1784937,1787079
998886,1787079
1782459,1787583,470883
998886,1787583
21212,1787079,470883
1782459,470883
998886,1787583,1787079
1787583,435225
1782459,998886,1787583
1782459,1786029,21212,998886
21212,1787079,435225
1782459,435225
998886,21212
1787583,1782459,998886,1787079,435225
1786029,470883
1787583,1787079
1787079,435225
1787583,21212,470883
21212,435225
1782459,1787583
1782459,1787583,1776516
1782459,998886,470883
998886,435225
1787079,435225
21212,1787079
22457,470883
1786029,1787079
1787079,1784937
1782459,1787079,470883,1776516
1787583,22457,1787079
998886,1787079
1786029,998886,1787079
998886,1787079
998886,1784937
1787583,21212,470883,435225,998886,1787079,1776516
1782459,435225
21212,435225
998886,470883
1787079,435225
1787583,21212,22457
998886,21212,1787079
998886,1787583,1787079,435225
21212,1787079
1787583,1787079,1776516,998886
1782459,470883
1786029,1784937
21212,1787079
1782459,998886,470883
998886,1787583,470883
1787583,22457
1782459,22457,435225
1786029,1787079
1787583,22457,1787079,998886
1787583,21212,22457,1776516,998886,1787079,435225
1786029,1787583,22457,998886,1787079,1776516
1782459,470883
998886,470883
1787583,1776516,435225
1787079,435225
1787079,470883,1784937
21212,1784937
1787079,435225
998886,435225
1787583,470883
1787583,1787079
1782459,470883
21212,470883,998886,1787079,1776516
998886,470883
998886,1776516,470883
1787583,435225
1787583,998886
1782459,998886,1787079,435225
1787583,1776516,998886
1787583,22457,1784937
998886,1787079
998886,435225
1787583,1787079
998886,435225
1782459,470883,435225
1782459,1786029
1782459,1787583
1787583,470883
998886,21212,22457
1782459,435225
998886,470883
21212,470883
1787079,1784937
435225,1784937
998886,22457
1786029,21212,470883,1784937,998886,435225
1787079,470883
998886,1787079
1786029,1787079
998886,1787079,470883,1784937
1787079,435225
1782459,1787583
1787583,1776516,998886,435225
1787583,22457
1787583,21212,22457,435225
998886,1787583,1787079
1782459,1787583,435225,998886
998886,470883
998886,1776516,435225,470883
1787079,435225
1782459,470883
1787583,470883,998886
1786029,21212,22457,470883,998886
1787583,1787079
1786029,21212,470883,1784937,998886,435225
1786029,21212
1782459,998886
1786029,470883
1786029,21212,22457,470883,477120,998886,1787079
998886,477120,1787079
998886,470883
1782459,470883
1787583,22457,470883
1787079,1776516
998886,1787583
1787583,1786029
998886,470883
1787583,435225
1787583,470883,1782459,998886,1787079,1776516
1787583,21212,22457,998886,1787079
1787583,435225,998886,1787079,1776516
22457,470883,435225,998886,1787079,1776516
21212,1787079
998886,1787079,470883,1776516
998886,1787079
998886,1787583,1787079
1787583,1782459,435225,998886,1776516
1787583,1776516,998886,1787079,435225
1782459,998886,21212
1786029,21212,1787079,435225
1782459,998886,22457
1787583,1787079,1776516,1784937
1787079,470883
1787583,998886
1782459,1787079
1787583,435225
1787583,22457,998886
1787079,435225,1784937
998886,1787583,1786029,1776516
1787079,470883
998886,470883
1787079,435225
998886,22457,435225
1782459,470883
998886,21212,1787079
998886,1787583
1787079,435225
1787583,470883
1787583,22457
1782459,470883
1782459,22457
998886,21212,1787079,435225
998886,470883
1787583,22457,435225
22457,435225
1782459,998886,1787583
1787583,21212,1776516,435225
1787079,435225
998886,1787079
998886,21212,1787079
1787079,435225
1786029,998886
21212,435225
998886,21212,1784937
21212,470883
435225,1784937
998886,470883
1787583,1787079
1787583,998886
998886,1787079
1782459,470883
1786029,470883
1787583,22457,1787079
1787583,21212
1782459,1787079
1786029,21212,470883
998886,1787079,470883,435225
1787079,22457
1787583,21212,22457
22457,470883,998886,1787079,1776516
1786029,21212
1787079,435225,1784937
998886,1787079,435225
998886,1787583
1787079,435225
998886,21212
1787079,435225
1786029,998886,1787079,470883
21212,1787079,1776516
1787079,470883
1782459,21212
1782459,1787583,22457,998886
998886,21212
1786029,470883,1782459,998886,1787079,1776516
1786029,1776516
1787079,435225,1784937
1787079,435225,1776516
998886,21212,1776516
1787583,1787079,470883
21212,22457,998886,1787079,1776516
1787583,21212,22457,1784937,435225,998886,1787079,1776516
998886,21212,22457,1776516
998886,1787079
998886,470883
998886,1784937
1787583,470883,998886
21212,1787079,435225
1787079,435225
998886,1787079,435225
1787583,477120,998886,1787079,435225
477120,435225,470883
998886,470883
1787079,435225
1787079,435225,1784937
21212,435225,1784937
998886,1784937
998886,22457
1786029,21212,470883,1784937,998886,435225
1787079,1784937
1787079,1784937
998886,1787583,22457,1787079
1787079,1784937
998886,1787079
998886,1787079
998886,1787079,22457
998886,1787079
1782459,22457
21212,435225
1782459,1787583,998886
1787583,22457,998886,1787079,1776516
998886,435225
477120,1787079
998886,435225
998886,1787583
477120,470883
1787079,470883,435225
21212,1776516
998886,470883
998886,470883
21212,470883,1784937,998886,1787079,435225
477120,1787079
998886,21212,470883
1787583,1786029,1784937,998886,435225
21212,1787079,477120,1776516
21212,1784937
998886,21212
998886,1787079,1776516,470883
1787079,470883
998886,470883
1787583,22457
998886,477120
1782459,1787583
998886,477120,1787583,470883
1782459,477120,1787079
477120,22457
998886,470883
1787583,22457
1787583,21212,1787079,435225
998886,21212,1787079,470883
1787079,470883
1782459,1787583,435225
998886,1787079
1787079,1784937
1786029,21212,470883,1784937,998886,435225
477120,470883
1787583,1776516
1787583,21212,470883,998886,1787079,1776516
998886,21212,1787079
1787583,477120,22457
477120,1787079
435225,1784937
1787583,21212,1786029,22457,1784937,477120,998886
1787583,1787079
1786029,21212,1787079,1784937
1787583,1787079,998886
477120,1787079
1787583,470883
1786029,998886
1782459,1787079
998886,1787079
998886,1787583
998886,1787079
998886,22457
1786029,477120
998886,435225
1787583,21212,470883,1784937,1776516,998886,1787079,435225
21212,1787079
998886,22457
998886,1787079
477120,435225,998886,1787079,1776516
1787583,1787079,435225
477120,21212,435225,1784937
998886,21212
998886,477120,21212
1787583,470883,1784937
1782459,470883,1784937
1786029,21212,470883,1784937,998886,435225
22457,470883
998886,470883
21212,22457,470883,477120,998886,1787079,435225
1787583,21212,22457,1787079,1776516
1782459,1787583,1787079,435225
998886,1787583
998886,1787079
998886,1787079,1784937
477120,470883
1787583,21212,1787079,998886
998886,21212,1787583,435225
998886,470883
1787079,435225
1787079,1776516,435225
998886,435225
1787583,477120,1787079,435225
477120,1776516,435225
1787079,435225
1787583,435225
21212,470883,1784937,477120,1787079,435225
1787583,22457,1776516
1787583,22457,1782459,477120,1787079,1776516
21212,1787079,1776516
1787583,21212,22457
1782459,1787079
998886,477120
1787079,1776516,470883
998886,477120,1787583
998886,435225
1782459,1786029,22457
998886,470883
21212,1787079
1786029,477120
477120,470883
1787583,470883,477120,435225,1776516
1782459,998886,477120
998886,21212,1787079,470883
998886,470883
1782459,21212
998886,1787079,435225
1787079,470883,1784937
21212,470883
1786029,21212,1787079
1782459,435225,470883
998886,470883
1782459,998886,477120
1787583,477120,435225,998886,1776516
1787079,1784937
1782459,477120,21212
1787583,22457,1776516,1784937
21212,470883,998886,1787079,435225
998886,1787079
1786029,21212,470883,1784937,998886,435225
1782459,470883,435225
21212,1787079,435225
1786029,998886
998886,470883
1782459,1787583,477120,998886
1787583,998886
1787079,1776516,435225
1787583,998886
998886,21212
998886,477120,1787583,470883
477120,1776516
1782459,21212,1784937
21212,22457,470883,998886,1787079,1776516
1787583,998886
477120,1787079,435225
1787079,435225
998886,477120
21212,1787079,1784937,22457
21212,470883,435225
998886,477120
998886,1787079
21212,1776516
22457,1784937,1787079
1787079,1784937
21212,22457,435225
1787583,21212,1787079
1782459,1786029
1787583,470883,1784937
1782459,21212,1787079,470883
1782459,1787583,1786029
1782459,998886,1787079
1782459,1787079
998886,1787079,1776516
1787079,435225,470883
1782459,22457,470883
1787079,1776516
1787079,435225
22457,1787079
1786029,21212,470883,1784937,998886,435225
1786029,1787583,22457,21212,1784937,477120,998886,1787079
1787079,470883,435225
1782459,998886,21212,435225
998886,21212
477120,1776516
998886,477120
21212,435225,1784937
1782459,1787079,435225,22457
1787583,477120
1782459,998886
998886,22457,470883
21212,1784937
1782459,998886,1787079
998886,435225
998886,470883,435225
1787583,21212,477120,1787079,435225
1782459,22457
1786029,1787583,477120,998886,1787079,435225
21212,1784937
1787583,1787079,470883,435225
1787583,477120,998886,1787079,1776516
998886,21212
998886,470883
998886,470883
998886,21212,435225
1787583,21212,22457,470883,477120,998886,1787079,1776516
1787583,22457,1784937,477120,1787079
1787583,21212,1784937,1787079,435225
998886,470883
22457,1784937
998886,1787583,1784937
1787583,435225
1786029,1787079,1784937
998886,21212
477120,1787079,1776516,470883
1787583,435225
1787079,435225,22457
477120,470883,1784937
21212,435225,1776516
998886,470883
1782459,477120,1787079,22457
998886,477120,1787079
1787079,1784937
1782459,998886
1782459,21212
1787583,22457
998886,470883
998886,1787583
21212,1787079,435225
998886,477120
1776516,435225
998886,22457,1787079
477120,1787079,435225
1782459,998886,435225
1786029,22457,1782459,998886,1787079
1787079,1776516
1787079,435225
998886,1787583
1782459,477120
1786029,1787079
21212,435225
1787583,1787079
1786029,21212,470883,1784937,998886,435225
1782459,998886,1787079,435225
1787583,22457,470883,1782459,477120
1782459,998886,470883,1776516
1786029,1787583
1787079,1784937
1787583,22457
998886,1787583
21212,22457
1787583,1786029,1776516,435225
1787583,1787079
1786029,21212,22457,470883,1784937,435225,998886,1776516
998886,1787583
1782459,998886,477120,435225
1782459,998886,22457
1787583,477120,470883
477120,1784937
21212,1787079
1782459,1787583
1787079,435225
998886,477120,1787079,435225
998886,1787583,22457
998886,477120,1787079
1787583,998886
1786029,435225,998886,1787079,1776516
998886,21212,477120,435225
477120,470883
998886,1787079
998886,435225
998886,1787079
998886,1787079,1784937
998886,1787079
1786029,470883
21212,1776516
1782459,470883
998886,21212
1787583,1787079
998886,1787079
1787583,1787079,435225
998886,470883
22457,470883
22457,435225,998886,1787079,1776516
1787583,21212,470883,477120,435225,998886,1787079,1776516
1787079,435225
1787583,1787079,22457
998886,22457
1787079,1784937
998886,1787079
1787583,477120
1782459,477120,470883
435225,1784937
21212,470883
1782459,1787079,435225,22457
998886,21212,470883
1787079,435225
998886,477120,21212,435225
1786029,1784937,477120,435225,998886,1787079,1776516
21212,470883
1782459,998886,1787583
1787079,435225
998886,1787583,1787079
1787079,1776516,435225
1787583,1787079
477120,470883
1782459,998886,435225
1782459,998886
998886,22457
998886,1787079
1787583,1787079,998886
1782459,1787079
998886,470883
1782459,21212
998886,1787079,1776516
1786029,21212,470883,1784937,998886
1787079,1784937
998886,1787079,1784937
998886,21212,1787079,1776516
1786029,21212,470883,1787079,1776516
1786029,21212,22457,470883,1784937,1776516,998886,1787079,435225
22457,435225,1776516
21212,1776516
21212,1787079,22457
435225,1784937
1787583,22457
998886,22457
1787079,435225
998886,470883
22457,1784937,1787079
1782459,998886
1787079,1776516
22457,1787079
1782459,22457
1787079,1776516
1787583,1782459,477120,998886,1787079,1776516
1782459,1787079,435225
998886,1787079,435225
1782459,477120,470883
477120,21212,1776516
1782459,477120
998886,1787079
1787079,1776516
477120,1787079
21212,1787079,1784937
1786029,22457
1787079,1784937
477120,1787079
998886,1787079
1787583,470883,998886
1787583,477120,998886,1787079,1776516
1782459,998886
1782459,22457
1782459,470883
998886,470883
1782459,1787583
1787583,1787079
1787583,998886
21212,477120
1786029,477120
1787079,435225
1787079,435225
1787079,470883
998886,1787079
1787079,435225
1782459,22457
1776516,1784937
1787583,470883,998886
1787079,435225
998886,1787079,435225,1784937
1782459,998886,1787079
1787079,22457
1787583,477120,470883
998886,477120,1787079,22457
22457,1787079
1787583,1787079,998886
998886,1787079
998886,477120
1786029,21212,470883,1784937,998886
998886,22457,470883
1787583,21212,1786029,435225,1787079,1776516
998886,435225
1787079,435225
1787583,22457,1787079
21212,435225
1787583,21212,1776516,435225
1787583,22457
1782459,1787583
998886,1787079
1787583,1776516
21212,435225
470883,435225
998886,21212,477120
1782459,1784937
1787583,998886
1786029,998886
21212,477120
1782459,1787583,21212,22457
1787583,477120
998886,1787079
477120,21212,1776516
1782459,435225
998886,1784937
1782459,477120,470883
998886,1787079
1782459,998886,1787583
435225,22457,1776516,1787079
1782459,21212,470883
1787583,22457,470883
435225,1784937
21212,22457
1787583,22457
998886,1787583,435225
1787079,435225
1786029,21212,470883,1784937,998886
1787583,1787079
998886,21212,470883
1782459,1787583,21212,1784937
998886,1787079
477120,1784937
435225,1784937
1786029,1787583,22457,1784937,1787079,1776516
21212,22457,470883,1784937,998886,1787079,1776516
1787583,998886
1787079,470883
1787079,1776516,435225
1787583,477120,1776516,435225
1782459,1787583
1787583,21212,435225,998886,1776516
21212,1787079
21212,22457
998886,22457
1782459,998886
1786029,22457,1787079
1786029,1787583,1787079
21212,470883,477120,998886,1776516
998886,477120
1787583,21212,470883
998886,1787079
998886,1787583
1787583,1787079
998886,477120
998886,477120,470883
1786029,21212,1776516
998886,477120,1787583
1787583,21212,1787079,435225
1787583,1787079
1787583,477120,470883
470883,1784937
1786029,1787079,998886
1787583,470883
1782459,998886,435225,470883
998886,22457,1776516,1787079
477120,21212
1782459,998886,1787583
1787583,435225
1787583,1787079
1786029,21212,22457,1784937
998886,1787583,435225
1782459,998886,477120
1786029,470883,998886
1786029,1787079,435225
1786029,1787583
1787583,1786029,21212,22457,470883,1776516,477120,998886,1787079,435225
1787079,435225
1787079,1776516,435225
1787079,435225
1786029,477120,21212
1782459,1787583
21212,1784937,1782459,477120,1787079,435225
998886,1787583,470883
1782459,470883
998886,1787079
1787583,477120,435225
1782459,998886,22457
1787583,22457,435225,1787079
477120,470883
1782459,998886
1787583,21212
1782459,477120
1787583,1787079,1784937
1787583,1787079
1787583,21212,998886
1787583,22457,470883,998886,1776516
998886,1787583,1784937
1787583,21212,470883,998886
1787583,1776516
1782459,1786029,1784937
1787079,435225,1784937
1787583,22457,435225,1776516
1787079,435225
1787079,435225
1787583,21212,22457,998886,1787079
1787583,21212,22457,998886,1787079,1776516
477120,22457
998886,21212,22457,1787079
998886,435225
1782459,998886
477120,1787079,435225
1782459,998886,22457,435225
1787583,21212,470883,477120,998886,435225
21212,435225
22457,1776516,1787079
21212,1787079
477120,1787079,435225
1782459,998886
1782459,998886,1787583
1787583,22457
1786029,21212,470883,1784937,998886,435225
998886,435225,1784937
1786029,470883
435225,470883
1782459,470883
1782459,998886,477120,1787079
1782459,1786029,470883
998886,1787079,470883,435225
1787583,477120,1776516
1787583,21212,1787079
21212,1787079,470883
1787583,1776516
1787079,435225
1782459,998886,1787079
1787079,1776516
1787079,470883,22457
21212,1784937,998886,1787079,435225
998886,1787079
21212,1787079,470883
1782459,21212
1787583,477120
998886,1787583,470883,1784937
1787583,21212
1787583,477120
1787583,21212,22457,470883,477120,1787079,1776516
1787583,21212,22457,470883,998886,1787079,1776516
1787079,1784937
1787583,1787079
1787583,1787079,1784937
21212,1787079
1787583,22457,470883
1786029,1787583,470883,1782459,477120
1787583,1787079
1782459,22457,435225
477120,470883
435225,1784937
998886,470883
1787583,21212,22457,1784937,477120,435225,998886,1787079,1776516
1782459,1787583,1787079,435225
1786029,21212,470883,998886,435225
1787079,435225
998886,477120,1787583
1787583,1782459,477120,998886,1787079
1787583,22457,470883,1782459,477120,998886
998886,21212,1787583
477120,435225,470883
1787079,435225
21212,435225
477120,1787079,1776516
1782459,470883
998886,1787583
21212,1787079
1782459,998886,477120,435225
1787583,22457,470883
998886,477120
1787583,22457
998886,435225
21212,470883,477120,998886,1787079,435225
1782459,1786029,435225
21212,477120,998886,1787079,435225
22457,1776516
1782459,1787583,21212,435225
1782459,470883
22457,470883,1787079
1787583,477120
1782459,998886,22457
1786029,477120,1776516,435225
1787583,21212,22457
21212,1784937
1787583,21212,1776516,477120
1782459,22457
1786029,470883,477120,1787079,1776516
1787583,22457,1787079,998886
1787583,21212,22457,998886,1787079,1776516
998886,1787079,1776516
998886,22457
1787583,470883,998886
998886,1776516,470883
998886,1787079
1786029,21212
477120,1787079,435225
21212,1787079
21212,22457
998886,21212,470883,435225
998886,22457,1776516,1787079
1787583,22457,998886,1787079,435225
1787079,435225
1782459,1787583,1787079
477120,470883
21212,22457,435225
1787079,435225
1787079,1784937
1787583,1787079,998886
1787079,435225
1782459,1787583
477120,470883,435225
1787079,1776516
1787583,22457,998886,1787079,1776516
1786029,21212,1784937,998886,1787079,1776516
998886,1787079,435225
998886,21212
1782459,1787583,22457
1787079,435225
1787583,1776516,1784937
21212,477120
477120,470883
1787079,435225,470883
1787079,470883,1784937
1782459,435225
1786029,1784937,998886
1786029,1787079
1787583,21212,22457,470883,1782459,998886,1787079
1782459,470883
1782459,470883
1782459,1786029
1782459,477120
1787079,435225,22457
1787583,435225
1787583,1787079,470883
21212,470883
1787583,470883
1782459,998886
1787583,477120,470883,998886
1787583,22457
998886,1787079
1787079,435225
1782459,998886,435225,1776516
1782459,22457
998886,21212
1787079,435225,1784937
1787583,21212,470883
998886,1787079
998886,22457
1782459,1787079
1786029,22457,470883,1782459,998886,1776516
1787583,21212
998886,1787079,435225
1787583,1776516
21212,22457,470883,1782459,477120,1776516
1782459,1787583
998886,477120,21212
998886,1787079,435225
1782459,1787583
1787583,22457,470883,1784937,1782459,998886
21212,435225
1782459,1786029,470883
21212,477120
21212,435225
1782459,1786029
1787583,435225
1787583,22457,1784937,1787079
1782459,477120,470883
1782459,1787583
1787079,435225,470883
998886,477120
1787583,470883,1776516,1782459,998886,435225
470883,1782459,477120,998886,1787079
477120,470883
1786029,21212,435225,1784937
1787583,1787079,435225
1787079,435225
22457,470883
998886,1787079,435225
1786029,21212,470883,998886,435225
22457,1782459,435225,998886,1787079,1776516
1784937,477120,435225,998886,1787079,1776516
1782459,998886
998886,477120
1787583,477120,1787079
1787079,435225
1782459,477120,1787079
998886,1787079,470883,435225
477120,1787079
998886,1787079,470883
1782459,470883
1786029,1787583,22457,1776516
1782459,998886
1786029,998886,21212,1787079
998886,1787583
1787583,21212,470883,435225,1776516
1782459,470883
1787583,1787079
1786029,21212,22457,477120,998886,1787079
22457,470883
21212,470883,998886,1787079,435225
1787079,435225
1787079,435225,1784937
1787583,435225
1787079,1776516,435225
21212,1787079
998886,1787079
1786029,1787583,470883,477120,1776516
1787583,1784937,1782459,1787079,435225
1787079,435225,470883
1787583,470883
1782459,21212
1787583,22457,1784937,477120,998886
1782459,1786029
21212,1787079,435225
477120,21212,1776516
1782459,1787583
1782459,21212,1787079,435225
1787583,22457,470883,1782459,477120,1787079
477120,470883
477120,22457
1787079,435225
1786029,1787583,435225,1787079
1782459,22457
1787583,1787079
1782459,477120
1787583,22457
22457,477120,998886,1787079,435225
1787583,1776516
1787583,470883
1782459,470883
1782459,22457
998886,1787583,1786029
1782459,1786029
1787583,1782459,477120,998886,1787079
1786029,21212,435225,998886
1787079,470883
1786029,435225
1782459,21212,1787079,1776516
1787583,22457,470883
998886,1787079,470883
1787583,21212,470883,1782459,1787079
998886,22457
998886,1787583,1786029
1786029,1784937
1787583,22457
1787079,435225
1782459,477120,470883
998886,470883
1787583,21212,22457
1787583,1787079,1776516,435225
998886,1787079
1787079,435225
998886,1787583,1787079,1776516
21212,470883
21212,1787079,435225
1782459,1787583,477120,1786029
1782459,470883
1787583,1787079,1784937
21212,22457,470883,1782459,435225,998886,1787079,1776516
1782459,998886,1787583,435225
21212,1784937,1782459,998886,1787079,435225
1787079,435225
1787583,22457,470883,1782459,998886,1787079
1782459,1787583
1787079,435225
1787583,22457,435225
998886,470883
998886,21212,1787079,1776516
1787583,470883,435225,998886
477120,1787079
1787079,435225
21212,470883,477120,1787079,435225
1787583,998886
1786029,22457,1784937,1782459,477120,998886
1782459,477120,470883
1786029,21212,470883,998886,435225
1782459,1787079
998886,1787079,435225
998886,477120
1787583,477120,435225,998886,1776516
1787079,1784937
477120,435225
477120,1787079,470883
998886,1787079
1782459,1786029
998886,1776516
998886,477120
1787583,1787079
1782459,22457
1776516,435225
1782459,1787583,1787079,998886
1786029,21212,22457,470883,998886,1787079,435225
1787583,1787079,470883
1787079,435225,1784937
1786029,1787583,22457,1784937,477120,1787079
1782459,1787583,22457
998886,435225
470883,435225
1786029,22457,470883,477120,1787079,435225
435225,1784937
21212,435225
21212,435225
435225,1784937
1786029,470883
998886,470883
1787079,1776516,435225
1782459,470883
1787583,477120,1776516,435225
1786029,1787079,435225
998886,435225,470883
21212,22457,1784937,998886,1787079,435225
998886,477120,470883
1787583,477120
1782459,21212
1787583,21212
1786029,435225
1787583,477120
22457,477120,998886,1787079,435225
21212,1787079,22457
1787583,22457
1782459,477120,1787079
1787583,1787079
1787583,22457
1787079,435225
477120,1787079,435225
1787583,21212,1786029,1787079
1787079,435225
998886,21212
1787583,1787079
1787079,22457
435225,470883
477120,470883,1784937
1787583,477120,470883
21212,22457
998886,477120
1787079,1776516,435225
1782459,1787583
998886,1787079,435225
998886,470883
1787079,435225
1787583,21212
1782459,1787583
21212,470883,1784937,998886,435225
1782459,1787583,470883,998886
1782459,22457,435225
1787079,435225
1787583,1787079,435225
1776516,435225
470883,1784937,998886,1787079,435225
1787079,435225,1776516
1787583,477120,1787079
1782459,21212
1787583,1787079,435225,998886
1787079,435225
1787583,21212,22457,1784937,1782459,998886
477120,435225,470883
998886,22457
1787583,477120
1787079,435225
1787583,470883,1784937,477120,1787079,435225
998886,477120
1782459,998886,1787079
1787079,22457
1786029,477120
477120,21212,470883
998886,477120,1787079,470883
1787079,435225
435225,1784937
1787079,22457
21212,1787079,435225
1787079,435225,22457
1787079,435225
1787079,435225,1776516
1782459,1787079,435225,1784937
1782459,998886,21212,477120
1782459,1787583
1782459,470883
1782459,998886,1787079
1787583,22457
21212,1787079
21212,477120,1787079
1787583,22457,470883
998886,21212,1776516
1787079,435225
1782459,998886
1787079,435225
998886,21212
1787583,22457
21212,1787079
1782459,998886,470883
998886,477120
998886,477120,470883,435225
1782459,477120,998886,1787079,435225
998886,470883
1787583,998886
1782459,1787583
1782459,21212,22457,1784937
21212,1784937,1782459,998886,1787079,435225
998886,477120,1787583,435225
998886,1776516
1782459,998886
1787079,435225
998886,1787079,1784937
1786029,22457
1782459,1787079
998886,1787079
21212,1787079
21212,435225
998886,470883
477120,470883,435225
1787079,470883
1786029,1787583,1787079,435225
1786029,477120
1787079,1784937
1787079,470883
998886,1787079
470883,1784937
1787583,477120,21212,435225
998886,22457,435225,1787079
998886,21212,22457,1784937
1787583,1776516,435225
998886,435225
1782459,470883
21212,1787079,435225
998886,1787079,470883,435225
998886,1787583
998886,1787079,435225
22457,1776516
998886,477120
998886,1787079
21212,470883
1787583,1787079
1787583,21212,435225
1786029,1787583,470883,477120,435225,1776516
1782459,1786029
1786029,1787583,1784937,477120,1787079
1786029,21212,470883,1784937,998886,435225
477120,21212,470883,1776516
1787583,477120,470883
21212,1787079,477120
1787079,1784937
1787079,1784937
998886,1787583
1787583,477120
21212,1776516
1786029,1787583,998886
998886,1787079,435225
477120,435225
1782459,998886
1787079,435225
998886,1776516
1787079,435225
1787583,21212
1782459,1787079,470883
998886,1787079,435225,1784937
998886,477120,470883
477120,1787079
21212,22457,477120,998886,1787079
1782459,998886
1787079,470883,22457
1787583,22457,470883
1787583,1787079,435225
1787583,470883,477120,998886,1787079
1782459,470883
21212,470883
21212,1787079,435225
1782459,998886
998886,22457
1782459,998886,1787583
998886,22457,470883
998886,1787079,435225,22457
998886,21212,470883,1784937
21212,1784937
998886,470883
1782459,1787583
1787079,435225
1782459,998886
1787583,21212,435225
998886,21212,477120
1786029,21212,1784937,1787079,435225
477120,1787079,435225
1786029,477120,1776516,998886
1787583,998886
1787583,435225
1786029,1787079
1786029,21212
998886,22457
470883,435225,998886,1787079,1776516
998886,21212,1787079,1776516
1787583,435225,998886,1787079,1776516
21212,22457,470883,477120,1787079,1776516
1787583,21212,22457,1784937,998886,1787079
21212,22457,1776516,998886,1787079,435225
1786029,21212,477120,435225,998886,1787079,1776516
1786029,1787583,22457,477120,1787079,1776516
1786029,21212,1787079,1776516
1786029,22457,477120,1787079,435225
1787583,21212,1786029,470883,477120,998886,1787079,435225
1786029,21212,470883,1776516,477120,998886,435225
1787583,22457,470883,477120,998886,1787079,435225
1787583,1786029,21212,22457,1776516,477120,435225
1786029,21212,470883,1784937,998886
1782459,1787583
1787583,477120,435225,1784937
998886,1787079,1776516
1787079,1784937
1786029,1787583,1784937,477120,1787079
1787079,1784937
1786029,21212,1787079,470883
1786029,1787583,22457,470883,998886,1787079,435225
477120,21212,22457
1787079,435225,470883
477120,470883
1787583,477120
1786029,22457
1787583,21212
1787583,22457,1782459,477120,998886,1787079,435225
998886,477120
1787583,21212,1787079,435225
998886,1787583
22457,435225
998886,22457
1787583,22457,470883,1787079,1776516
1786029,477120,470883
1787079,435225
21212,1787079
1782459,998886,1787079,435225
1782459,998886
21212,22457,435225,470883
1787583,1776516,435225
21212,1787079
1787583,470883,1784937
1786029,1787583,22457,477120,998886
1787583,21212,1786029,1782459,1787079
1786029,1787079,1776516,435225
1786029,1787583,22457,1776516,477120,1787079,435225
21212,22457
1787079,1784937
1787583,477120
1787583,1787079,22457
1787079,1784937
998886,470883
1787583,21212
1787079,22457
435225,1784937
470883,1776516
1782459,998886
998886,1787079,435225,1784937
998886,21212,470883,1784937
1787079,435225
1786029,21212,22457,1787583,477120,435225,998886,1787079,1776516
22457,1776516
1787079,1776516
1786029,477120,998886
1786029,477120,21212
998886,477120,1787583,435225
1782459,1786029,21212,435225
1786029,477120,998886
1787079,435225
1782459,1787583
1782459,998886,470883
21212,435225,470883
1782459,435225
21212,1787079,435225
998886,1787583
21212,1787079,22457
998886,22457
998886,21212,435225
1787079,470883
1787583,21212,1784937,1787079,435225
21212,1787079,435225
1782459,998886,21212
1787583,1787079
1782459,998886
1787583,21212
998886,477120
1786029,1787583,22457,1782459,477120,998886,1787079,435225
1787079,1784937
998886,21212
1787583,22457
1782459,1786029,1787583,998886
1787583,21212,1776516
1782459,470883
1787583,21212
1787079,435225
1786029,1787079,435225
1782459,1787583,470883
1782459,21212
1787079,435225
1786029,477120,998886,1787079,435225
998886,21212,470883,1784937
1787079,435225
470883,1784937
1787079,435225
998886,22457
1787583,21212,22457,1784937,998886,1787079,435225
1786029,998886,1787079,1776516
1787583,22457,1784937,477120,998886,1787079
998886,1787079
1782459,470883
435225,1784937
1782459,1787583,21212,1787079
1787079,435225
1787079,435225
1786029,477120,1787079,435225
1786029,21212,22457,435225,998886,1787079,1776516
1782459,1786029
1782459,1787583,477120,470883
1782459,1787583,21212
1787583,22457,435225
1787079,435225,1784937
477120,1787079
22457,1787079
998886,477120
1782459,470883
1786029,21212,1787583,470883,1776516,1787079,435225
21212,435225
1782459,435225
1787079,470883,435225
1786029,21212,470883,1784937,998886
1787583,22457,435225,1787079
1787079,470883
21212,477120,435225,470883
1787583,21212,1782459,435225,1776516
21212,1776516,477120
1787583,21212,22457
1786029,1776516
21212,477120
1786029,477120,998886,1787079,435225
1787079,470883
1787583,477120,998886
1782459,22457
1786029,21212
21212,470883
21212,470883
1782459,470883,435225
477120,470883
1787079,470883
1782459,998886
1787583,1786029
1787583,21212,1787079
998886,1787583
1786029,477120
998886,1787583,1787079,435225
477120,22457
1782459,477120
21212,1784937
22457,435225
22457,435225
1787079,435225
1782459,477120
1782459,470883,435225
477120,470883
1786029,1787079,435225,470883
998886,1787583
998886,470883
1787583,1787079,435225
1787583,1787079
1786029,1787583,1782459,477120,998886,1787079
1787583,1787079,435225
21212,1787079,435225
1787583,22457,1784937,1787079,435225
1786029,21212
1782459,998886,1787583,470883
1782459,477120
21212,1776516
1787583,1787079
1786029,21212,470883,1784937,998886
998886,1787079,470883
21212,1787079,435225,477120
22457,1776516
1782459,477120,1787079
1782459,1787583
1787583,1787079,470883
1786029,1787583,22457,477120,998886,1787079
1782459,1787583,22457,470883
1782459,1787079
1782459,470883,1784937
1787079,435225,22457
1787079,22457
1787583,470883
998886,21212
1787079,470883
1786029,21212,1787079,1776516
1786029,1784937,1776516,998886,1787079,435225
1787583,1786029,1776516,435225
998886,435225
998886,21212
1782459,1787583
1786029,21212
1786029,22457,1784937
998886,1787583,22457
1787583,1787079,470883
1786029,21212,470883,998886,1787079
1782459,998886
1787079,1784937
1782459,998886
1787583,1784937,998886,1787079,435225
1782459,470883,435225
1787583,477120,1787079,998886
477120,470883
1787583,1787079,1776516
1782459,1787079,435225
21212,435225
21212,1787079,477120,435225
1787583,21212,1786029
1787583,470883
1787079,435225
1787583,22457
1786029,21212,22457,1784937,1787079,435225
1787079,435225
1782459,1786029
1786029,1787583,21212,470883,477120,1787079,435225
1782459,1787079,22457
1787079,470883
1786029,1787583,1787079
477120,1787079,470883
1787583,22457,1784937,998886,1787079
1786029,21212,470883,1784937,998886
435225,1784937
1787079,435225
998886,1786029
1786029,1787079,1784937
1787583,477120,1787079,435225
1782459,21212,22457
477120,1787079
998886,1787079
477120,1787079
1787583,1787079,998886
998886,477120
1782459,1786029,470883,998886
1786029,22457,1784937,1782459,1787079
1787583,1787079,1776516,998886
1786029,470883,1782459,998886,435225
998886,477120
1787583,21212,1787079
1786029,435225
1787079,435225
1787079,435225
21212,435225,470883
1782459,435225
1787583,1787079
1787583,21212,998886,1787079,1776516
1787583,435225
21212,470883,1784937,1787079,435225
21212,1787079,1784937
1787079,435225
470883,1784937
1782459,21212
998886,21212
21212,1776516
477120,435225
1782459,435225
1787583,21212,998886
998886,22457,1784937
1787583,1787079,998886
1782459,470883
1786029,21212,470883,1784937,998886,435225
1787583,21212,22457,1787079,1776516
1787583,21212
477120,1776516
1787583,21212
1787079,435225
477120,435225
477120,470883
1787583,1786029,998886,1787079
21212,1787079
1786029,21212,477120
1782459,1786029
998886,470883
1782459,470883
1786029,21212,22457,470883,1776516
477120,1776516
1787079,435225
21212,477120,998886,1787079,1776516
1787583,21212,1786029,1787079,1776516
1786029,21212,1776516,998886
1786029,21212,477120,1787079,435225
1787583,21212,22457,470883,1784937,477120,1787079
1786029,1787583
1787583,21212,1786029,22457,477120,998886,1787079
477120,1784937
998886,1787079,470883
477120,1787079,470883,1784937
21212,1787079
1787583,21212,1786029,470883
470883,1782459,477120,998886,435225
21212,470883
1786029,1787079
998886,1787583
998886,1787583,1786029
477120,1787079,435225,1784937
21212,435225
21212,1787079
1787079,435225
21212,470883,1784937,477120,998886,1787079
998886,470883
21212,22457,1776516
1782459,1786029,477120
1782459,470883
22457,470883
1782459,1786029,470883
1787583,1787079
1787583,21212,1786029,1776516,477120,1787079,435225
1786029,477120
998886,21212
1787583,435225
1787079,435225
21212,477120,1787079,435225
1787583,1787079,435225
1782459,435225
1786029,21212,470883,1784937,998886,435225
1787583,1787079,435225
1787583,477120,1776516
1787583,22457
998886,1787583,1787079,1784937
998886,470883
1787583,1784937,998886
1787583,1787079
1786029,477120,1787583
1787583,477120
1782459,21212
1786029,21212,477120
1787583,998886
1786029,21212,470883,477120,1787079
1787583,21212,22457,1784937,1782459,477120,435225,1787079,1776516
998886,477120
998886,1787079
1787583,22457,1787079
1787583,21212
1782459,1787079,435225
477120,470883
1787583,22457
1782459,21212,477120
1782459,435225
1787079,470883,435225
1787079,435225
22457,470883
1786029,21212
1787079,1784937
1787583,1787079
1786029,1787583
1786029,477120,470883
1782459,470883
1782459,21212
1782459,1787079,1784937
1782459,477120
1786029,21212,22457,470883,477120,435225,1787079,1776516
477120,470883
998886,477120,21212
1786029,21212,470883,1784937,998886,435225
1787583,477120,1787079,1784937
1782459,998886,22457
1787583,1787079
1787079,435225
1782459,1787079
1787583,22457
1787079,435225
998886,1787079
1782459,435225
1787583,477120,22457,998886
1782459,1787583
477120,1787079,470883,435225
1787079,435225
998886,1787079,435225
1782459,477120,1787079
1787079,435225
1786029,470883
998886,21212,477120
1782459,998886
998886,21212
1787583,435225
1787583,22457
1786029,470883
477120,470883,1784937
1782459,998886
21212,1787079,477120
1787079,1776516
1782459,1787583
435225,1784937
1782459,477120,22457
21212,1787079,435225
998886,470883
21212,435225
1787583,21212
1786029,22457,435225
21212,22457,1776516
1786029,21212,470883,435225,1787079,1776516
1787583,21212,22457,477120,998886,1787079
1787079,1784937
1787583,477120,998886
1787079,435225,470883
1787079,435225
1787583,1787079
1782459,470883
21212,435225
1787583,22457
1786029,998886
1787079,435225
1787079,1784937
998886,21212,435225
998886,1787079
1782459,1787079,22457
1787079,435225
1786029,1787079
477120,1776516
1782459,1787583,22457
998886,21212,477120,470883
1782459,470883
21212,435225
998886,1787583,435225,22457
21212,477120,1776516
1786029,21212,1787583,470883,1782459,1787079
1782459,1786029
1782459,998886,470883
998886,21212
1782459,21212,435225
1786029,435225
1782459,21212
1782459,998886,21212
998886,21212
998886,21212,1787079
477120,435225,1784937
477120,21212
1787583,1786029,435225
1786029,1787583,22457,1787079
1787583,1782459,435225,998886,1787079,1776516
1787583,477120,998886,1787079,435225
1787583,21212
998886,22457
1787583,1787079,1784937
1787583,470883
1782459,1787583
1786029,21212,1787079,435225
1782459,1787583
1787079,470883
1786029,470883
998886,21212,1787079
1787583,477120,21212,22457
1787583,470883
1787583,998886
1786029,998886
1786029,1787583,22457,470883,435225,998886,1776516
1782459,998886
1782459,1787583,1786029
1787583,1776516
1787079,435225
1787583,1776516,998886
21212,1784937
477120,1787079,435225,1776516
998886,477120
998886,435225
1782459,22457,470883
477120,22457
21212,22457,470883,1784937,477120,435225,1787079,1776516
1787583,1786029,21212,470883,1784937,477120,998886,1787079,435225
21212,1776516,435225
1782459,1787583,1787079
22457,1787079
1782459,998886,21212,22457
1786029,21212,470883,1784937,998886,435225
1786029,22457,1784937,1787079
22457,435225
1786029,21212,477120
1786029,21212,1787583,435225
1782459,1787079
477120,22457
1782459,998886
1786029,1776516
22457,1787079
1782459,477120
1787583,998886
1787079,435225
1782459,1786029,21212
998886,1787079
1786029,21212,1787079,1784937
1787583,1786029,22457,477120,1787079,435225
998886,470883
1782459,22457
470883,1784937,1782459,998886,1787079,435225
1782459,1787583,435225
998886,1786029,435225
1782459,1787079,435225,22457
477120,470883
1786029,435225,1784937
1787583,470883
1787583,22457
1782459,1787583
998886,22457
1787079,435225
998886,21212
1786029,21212,1784937,477120,1787079,1776516
1782459,1787583
1787583,22457
1782459,22457
22457,1787079
1787079,435225
998886,21212,1787079,470883
1787079,1784937
1782459,21212,1776516,477120
1782459,477120,22457,470883
1782459,21212,1787079
477120,1787079
1786029,1787079
1787079,470883,1784937,435225
21212,22457
1786029,22457,1782459,477120,998886
1787583,470883,1784937,998886,1787079
998886,21212,1787079,435225
1787079,435225
1782459,435225
998886,477120,1787079,435225
477120,470883
998886,1787583,435225
1782459,1787583,22457,998886
21212,470883,477120
1787583,21212,1787079
1787079,1776516
21212,1784937
1786029,21212,470883,1784937,998886,435225
1787583,477120,1787079,435225
1786029,998886
1787583,22457,998886
21212,1787079,435225
1787583,1787079
1786029,477120,998886
998886,1784937
21212,435225
1787583,1786029,1776516,1784937
1782459,1786029
1786029,1787079
998886,21212,1787079,435225
1786029,21212,1787583
1776516,1784937
1786029,1787583,1784937,477120,1787079
1787583,22457
1787583,1787079,470883
21212,477120,470883
21212,1787079,435225
21212,477120
21212,435225
1786029,1787583
1786029,1787079,435225
477120,22457
1786029,22457,470883,1784937,477120,1787079,435225
21212,435225
21212,477120
435225,1784937
1787079,435225
1786029,21212,22457,1784937,1776516,477120,1787079,435225
998886,1787079,470883
21212,435225,1784937
1782459,21212,1787079,435225
435225,470883
1786029,21212,470883,1784937,998886,435225
22457,470883
470883,1784937
1786029,1787079
1787079,435225
1782459,21212,1787079,470883
1787583,1787079
1787079,470883
1786029,1787583,21212,22457,470883,477120,1787079,1776516
21212,22457,1776516
477120,22457,470883
477120,470883
1787583,1787079
1787583,21212,470883,477120,1787079,435225
1782459,998886,470883
21212,435225
1787079,435225
1787583,477120
21212,477120
1787583,1786029,22457,477120,1787079,435225
1786029,470883,477120,1787079,1776516
1787583,21212
477120,470883
1787583,1787079,435225
998886,1787583,1786029
477120,1787079
21212,22457
477120,1787079
21212,1787079,470883
998886,1787583
477120,1787079,470883
998886,1787079,470883,435225
1787583,22457,470883,1782459,477120,1787079
21212,1784937
1782459,1786029
1787079,470883
1786029,477120,1787079,22457
21212,470883,1784937,477120
1786029,477120,21212,1787079
1787583,1787079,470883,22457
21212,435225
1786029,435225
1786029,21212,470883,1784937,998886,435225
1786029,477120,1787583
21212,477120,1776516
1786029,477120
21212,1784937
21212,435225
21212,1787079,435225
1782459,1787079,1784937
1787583,1787079,470883
477120,435225
1782459,470883,1776516
1787583,477120,1776516
1787079,435225
477120,22457
1776516,1784937
1787079,435225
21212,470883,1784937,1782459,998886
1782459,1786029,470883
1787583,1786029,470883,1784937,1787079
1787079,22457
1782459,998886,477120
998886,477120
998886,470883
1787583,470883
1787079,435225
1787583,1787079,470883,998886
1787583,21212,22457,1787079
1782459,998886,1787079
1786029,1787079,1776516,22457
998886,21212,1787079
477120,21212
1782459,1786029,435225
477120,470883
1786029,1787583,22457
1782459,998886,22457
1787583,435225
1787583,477120
1782459,1786029
1786029,477120,21212,470883
1782459,477120,470883
1786029,1787583,22457,21212,470883,1776516
1782459,435225,1776516
1787583,1776516,435225
1787079,1776516
1786029,1787583,998886
1786029,1787583,22457,470883,1784937,1787079,1776516
1787583,1787079
21212,470883,1784937,998886,435225
1787583,1787079,435225
1787079,22457
21212,470883,1784937
1787583,1786029
998886,1787079
1787583,1787079,22457
21212,470883
21212,1787079,1776516
1786029,477120,435225,1787079,1776516
1786029,21212
477120,1787079,22457
998886,1787079
1787583,477120
470883,435225
1786029,21212,1787583,470883,1787079,1776516
1786029,21212,470883,477120,1787079,1776516
1786029,21212
1782459,22457
1787079,435225
1782459,1787079
1787583,1786029,1784937,477120,998886,1787079
1787583,477120
1786029,477120
998886,477120,1787079,1776516
1786029,22457
1782459,1787583
1782459,1776516
22457,1787079
1786029,21212,1787583,477120,998886,1787079,435225
1787079,1776516
1782459,998886
22457,470883,998886,1787079,435225
1787079,435225,1784937,470883
1786029,998886
1782459,1786029,1787079
1782459,1786029,477120
1782459,1787583,470883
1782459,998886,477120,21212
21212,470883
1787583,477120,22457
1782459,470883
1782459,1786029
21212,22457,470883,998886,1776516
477120,435225
1786029,21212,470883,1784937,998886,435225
1787583,435225
998886,1776516
1787583,22457,435225,1776516
1787583,1787079
477120,1787079
477120,1776516
1782459,1786029
1782459,1786029
998886,1787079
21212,1787079,435225
477120,435225
1786029,1784937
1786029,1787583
1787583,477120
22457,470883
1782459,1786029,1787583
1782459,22457
1786029,477120,470883
1786029,21212
1776516,435225
21212,1787079
1782459,1787079
1787583,998886
21212,435225,1784937
1786029,1784937,477120,998886,1787079
21212,1787079
1782459,1787079
1782459,22457,470883
1786029,477120,1787079,21212
1786029,21212,22457,1787583,470883,477120,435225,1787079,1776516
1787583,22457,1782459,1787079,1776516
21212,1784937
1782459,998886,1787079
998886,470883
1782459,1787079
1786029,21212,1784937,477120,435225
1787583,21212,435225
1786029,1787079
21212,470883
1786029,21212,470883,1784937,998886,435225
477120,435225,1784937
1782459,470883
1787583,477120,470883,998886
1787583,477120,435225
1787583,477120,435225,1787079,1776516
21212,470883
1787583,1787079,22457
1787079,470883
1776516,1784937
21212,1776516,435225
1787079,1784937
1782459,1786029
1786029,1787583,1784937,477120,1787079
1782459,1784937
998886,1787583
1782459,998886
21212,1784937
1782459,477120
1787583,1787079
21212,1776516
998886,477120
1787583,435225,1784937
1787079,22457
21212,1787079,477120
21212,1784937
477120,470883
477120,470883
1782459,477120,470883
1787583,21212,22457,470883,477120,1787079
22457,435225,1784937
1782459,1787583,470883
1786029,21212
435225,1784937
1782459,477120,22457
1786029,21212
21212,1787079,470883
22457,470883
1787079,435225
1787583,1787079
1786029,21212,1784937,998886,435225
1782459,1787583,1786029
1782459,998886,1787079,470883
1786029,470883
1782459,22457
1786029,1787583,1787079,21212
1787583,477120,470883
1786029,1787079
1787583,470883
1787583,435225,1784937
1787583,21212,1776516,435225
21212,1787079
1787079,435225
1782459,21212,1787079,435225
1787079,435225
477120,1787079
1782459,1786029
1787583,477120
477120,21212
1787583,21212,22457
1782459,1787583
1782459,22457
1787583,1787079
1782459,1787583
1787583,1776516
1787583,22457
1787079,435225
1782459,1787583
1782459,1786029
1787583,477120,22457
998886,477120,1787079,470883
998886,21212,435225,1784937
1782459,1787583
1787079,1776516
1787583,1787079,435225
1787583,1776516
1786029,1787583,22457,477120,998886,1787079,1776516
1782459,1787079
1786029,998886
1786029,21212,22457,1787583,470883,1784937,477120,435225,1787079,1776516
998886,477120,1786029,1787079
21212,470883
1787583,470883,1784937
1786029,21212,22457,1787583,470883,1784937,477120,435225,998886,1787079,1776516
1786029,1787583,22457,477120,998886,1787079
22457,470883
1782459,1787079,1784937
477120,470883
1782459,470883
1776516,435225
1787583,477120
1787583,1787079
1782459,21212,1787079,435225
21212,1787079,470883
1782459,1786029,21212
1787583,1787079
1782459,1776516
1782459,22457
477120,470883
1787583,1787079
1787583,1784937
1787079,1776516
1782459,470883
1782459,470883
1782459,477120,21212
1782459,1787079
1786029,21212
998886,477120
1782459,477120,470883
1787583,477120,1787079,435225
21212,1787079,435225,1784937
1787583,1786029,1784937,477120,998886
477120,470883
1786029,1787583,470883,477120,1787079,1776516
1786029,22457,470883,1784937,477120,1787079,435225
21212,1787079
1782459,477120
1786029,1787079
998886,435225
1782459,22457
1786029,1787583,21212,477120,1787079,1776516
1782459,1786029
1787583,22457,470883,1782459,477120,1787079
470883,1784937
1787583,21212,1787079
1786029,1776516
1787583,21212,470883,477120,998886,435225
477120,470883
1782459,21212
1786029,1776516
1787079,1784937
21212,1787079
1786029,21212,470883,1784937,998886,435225
477120,1787079
1787583,1787079,1784937
1787583,22457
22457,470883
21212,1787079,1776516
1787583,470883
1787583,470883
21212,470883
477120,470883
1787583,477120,22457,1787079
1787583,1787079,22457
1786029,22457,470883,477120,998886,1787079
1782459,22457
1787583,21212,1787079
1782459,998886,477120,1787079
1776516,470883
1787583,435225
1787583,477120
21212,470883
1782459,1787079
1776516,1784937
21212,1787079,435225
998886,21212,1787079,435225
1786029,22457
477120,470883
1782459,477120
998886,22457,1776516,470883
1782459,998886
1787583,477120
477120,435225
1786029,477120,1776516
1782459,22457
1786029,1787079,470883
1782459,1787583
21212,22457
998886,1787079
1787583,22457
1782459,998886,470883
1787583,1787079
1786029,21212
1787583,22457
1786029,21212,998886
21212,435225
1786029,1787583,22457,1784937,477120,1787079
1787583,21212,22457,477120,998886,1787079,1776516
1787583,1787079,22457
1787583,435225
1776516,470883
1787079,435225,22457
1786029,477120,1787079,470883
477120,470883
1786029,21212,470883,1784937,998886,435225
1782459,477120,1787079,470883
477120,21212
1787583,1787079
998886,1787583
477120,1787079,470883
1787079,435225
998886,477120,1787079
21212,1787079
1787583,1786029
1787583,21212,998886,1787079,435225
1786029,1787583,22457,1784937,477120,998886,1787079
22457,435225
1786029,21212,1784937,477120,998886,1787079,435225
1786029,21212,1787583,1784937,1782459,477120,1787079,1776516
1782459,22457,470883
1786029,1787079
21212,1787079,435225,1784937
998886,1787079
1787583,1787079,435225
1782459,477120
1787583,477120,1784937,998886
1787079,435225
1787079,435225
1782459,1786029
1787079,435225
21212,470883,1784937,1787079,435225
1782459,998886,22457
477120,470883
477120,470883
22457,470883,477120,998886,1787079,1776516
998886,477120,21212,470883
1787079,22457
470883,1784937
998886,477120,1787079
1787583,1787079,998886
1787583,1784937,1782459,435225,998886,1787079,1776516
1786029,21212,22457,1787583,470883,435225,1787079,1776516
1782459,1787583
1787583,1786029,477120,1787079
1782459,22457
1787079,435225
1782459,1787583
1787079,435225
998886,22457
1782459,21212,470883
1782459,470883
1782459,435225
1782459,1787079,435225
1787583,435225
1782459,1787583,470883,435225
1786029,1787583,22457,21212,470883,1784937,477120,435225,1787079,1776516
1782459,1787583
1787079,435225
1786029,21212,470883,1784937,998886,435225
1786029,477120,1787079
1787583,22457
1782459,1787583,1787079
1787079,1784937
1782459,470883
470883,1784937,1782459,1787079,1776516
1787583,22457
1786029,21212,477120,998886,435225
1786029,21212
477120,1787079,22457
998886,21212,1786029
1782459,1786029
1786029,1784937
1782459,1787583,22457,470883
1787583,470883
1782459,1787583,998886
1786029,21212,1784937,477120,998886,1787079
1787583,435225,1776516,470883
477120,21212
1786029,1787583,22457,1784937,477120,1787079
1786029,1787583,1787079,470883
1786029,1787583
1787583,22457
1782459,470883
1787079,1784937
21212,470883,477120
1786029,1787583
21212,435225
1787583,1787079
1786029,21212,1782459,998886,435225
998886,1787079,435225
1786029,21212,435225
1786029,21212,1787079,1776516
1787079,435225
1787079,470883
1782459,1784937
1782459,1784937
1787079,435225
1782459,1787583
22457,435225
1787583,477120
1787079,1784937
998886,21212
1782459,1787079
1782459,1787583
1787583,470883
1787583,21212,1786029,22457,470883,1784937,477120,1776516
1786029,1787583,22457,21212,1784937,477120,435225,1776516
1782459,1787079
1782459,1787583,22457
1787583,1787079,435225
21212,1787079,22457
1786029,21212,470883,1784937,998886,435225
1782459,1787583,477120
1782459,435225
1787583,22457
22457,470883
1782459,1787583,1776516
1782459,477120,1787079,435225
1787079,435225
998886,477120,1787079,470883
998886,477120,470883
1782459,1787583
1782459,470883
1787583,21212,22457,1786029,1776516,1787079,435225
1786029,21212,22457,470883,1784937,435225,1787079,1776516
1787583,22457,470883
1787583,1786029,22457,477120,1787079
435225,1784937
21212,477120
1787583,22457,477120,998886,1787079,435225
1782459,21212,435225
1787583,470883
1786029,1776516,1784937
1782459,1786029,1787079
1787583,21212
1786029,21212
1782459,477120
1787583,1787079
21212,1784937,1782459,477120,1787079
21212,1776516
1786029,1787079
1786029,21212,22457,1787583,470883,477120,1787079,1776516
1787583,1786029,21212,470883,1784937,477120,1787079,1776516
1782459,470883
21212,1787079,435225
21212,22457,1776516
1782459,1787583
21212,22457
477120,470883
1787079,1776516
1787583,1786029
998886,1787583
1786029,22457
1782459,435225,1784937
1782459,1787079
435225,1776516
998886,477120,1787079
477120,470883
1782459,1787583
21212,1776516
477120,1776516
1782459,435225
1787583,435225
1786029,21212,1787583,22457,470883,1776516,477120,1787079,435225
1787583,22457
998886,21212,470883
1787079,435225
1787583,1787079
1787079,1784937
21212,470883
21212,1787079
1786029,21212,470883,1784937,998886,435225
21212,435225,1784937
998886,1776516
477120,470883,1784937
1787583,435225,998886
1782459,477120
1782459,1787079,435225,1784937
1782459,1787583
470883,1784937
1787079,435225
1782459,21212
1786029,477120
22457,1787079
1787583,470883
1786029,21212,1787583,22457,1784937,477120,435225,1776516
22457,1776516
477120,1787079
1782459,470883
1782459,1787079,435225
477120,22457
1782459,998886,21212,1786029
1787583,1786029
21212,435225
1786029,1787079
1787583,21212,477120,435225,1787079,1776516
1782459,1787583
21212,1784937
1786029,1787583,22457,1784937,477120,1787079
1786029,1784937
998886,1776516
477120,1787079,435225
1782459,21212
1787583,470883
477120,470883
998886,21212
1782459,470883
1787583,435225,1784937
1786029,1787583,1787079,1784937
1786029,21212
1782459,21212
1787079,435225
21212,22457,1787079
1787583,1776516
998886,1776516
1787079,435225
1787583,1786029,21212,1782459,435225,1787079,1776516
1787079,435225
1787079,435225
477120,470883
1786029,21212,470883,1784937,998886,435225
1782459,1787079
1782459,22457
21212,1784937
1787583,21212
1787583,470883
1787583,470883
1786029,1787583,22457,21212,470883,477120,1787079
1787583,1786029,22457,21212,470883,1776516,477120,1787079,435225
1782459,1787583
1782459,1787583,470883
1787583,477120
1787583,21212,1787079
1787079,470883
1787583,1786029,22457,477120,1787079
1782459,1786029
1786029,435225
22457,470883
1786029,1784937
998886,1787583,1787079
1787583,477120,1786029
21212,1787079,435225
1787583,21212,1786029,22457,470883,1784937,477120,435225,998886,1776516
1787079,470883
1787583,1787079
998886,477120
1782459,1786029,477120
1786029,1787583,22457,470883,477120,998886,1787079
1787583,1786029,22457,470883,477120,1787079,435225
1787079,22457
477120,1787079
1782459,21212,1787079
1787583,1787079
1782459,1787583,1786029
22457,1784937,1782459,1787079,435225
1787079,470883,435225
1787079,435225
1782459,470883,1776516
1782459,1787583,1787079
22457,435225,470883
1782459,1787583
1782459,1787583,477120,22457
477120,1784937
1787079,435225
1787583,1787079,1776516
1782459,1787583
22457,1784937,998886,1787079,435225
435225,1784937
21212,470883,1784937,998886,435225
1786029,1784937
1782459,22457
1787079,435225
1786029,21212,470883,1787079,435225
1787583,1786029,22457,470883,1784937,477120,998886,1787079
1786029,1787583,22457,477120,1787079
477120,21212
1786029,21212,22457,1787583,470883,1784937,1787079,435225
470883,1784937
21212,470883,1784937,998886,435225
1776516,1784937
1787583,1786029,435225,1784937
1787583,1787079,470883
1787583,435225
1786029,21212
1787079,435225
1782459,1786029
22457,470883
1786029,21212,477120
21212,1776516
1787079,435225
21212,1784937
1782459,1776516
1787583,21212,470883,1776516,1782459,477120,1787079,435225
1786029,21212,22457,1787583,470883,477120,435225,998886,1787079,1776516
1782459,1786029
21212,477120,470883
21212,470883,1784937,998886,435225
1786029,1787583,22457,477120,1787079
1786029,1787583,22457,1784937,477120,1787079
1782459,21212
1787583,22457
477120,22457,435225
1786029,998886
477120,1787079
1787583,1787079,1784937
1787583,1776516
1787583,1787079,998886
1786029,1787583,1787079
1786029,477120,22457,1787079
1786029,1787583,22457,1782459,1787079,1776516
1782459,1787583,22457,435225
1786029,21212,1787583,470883,1782459,477120,435225,1787079,1776516
1782459,477120,1787079,1784937
1786029,21212,22457,1787583,470883,1787079,435225
1786029,435225
1787583,22457
1787583,21212
1786029,21212,470883,1784937,998886,435225
1787583,21212,22457
1787583,1787079,435225
1787079,470883
998886,470883
21212,470883
1786029,1787079
1786029,21212,470883
1787079,435225
1782459,1776516
477120,1776516
1787583,1786029,22457,477120,1787079
1787583,477120,1787079,1784937
1782459,1786029,1787079,1784937
1786029,21212,22457,470883,477120,435225,1787079,1776516
1786029,22457,1784937,477120,1787079
1782459,22457,435225,1787079
1782459,1787583,470883
1782459,22457
21212,470883
1782459,1786029,470883
1787583,477120
1782459,477120
1787583,22457
1787079,1784937
1787079,1776516
998886,477120
1786029,1787583
1786029,1787583,435225
1786029,477120
1782459,21212
1787583,1786029,21212,22457,470883,477120,435225,1787079,1776516
1787583,477120,470883
1787583,22457
1787583,477120
1786029,21212,470883,1784937,998886,435225
477120,1787079
998886,1787079
1787583,21212
1782459,1786029
1782459,470883
1787079,1784937
477120,470883
1782459,998886,470883,1784937
1786029,477120,470883
1782459,1787583,435225
1787079,435225
21212,1787079,435225
1787583,470883
1786029,21212,1787583,22457,470883,477120,998886,1776516
1786029,435225
1786029,22457
1782459,470883
998886,1787583,1776516,1787079
998886,21212,435225,470883
1786029,1787583
21212,435225,1784937
22457,470883
477120,1787079
1786029,1787583,1784937,477120,1787079,1776516
1787583,1786029
1786029,1787583,22457,1784937,477120,1787079
477120,22457
1787583,21212,435225
1782459,1787583
21212,470883,477120
1786029,21212,1776516
1787583,1787079
1787583,1787079
1786029,470883
1782459,435225,1776516,470883
1782459,998886,22457,435225
1782459,21212,22457
1787583,470883
998886,22457
1787583,1786029,22457,21212,470883,1784937,1776516,477120,435225
1786029,1787583,22457,21212,470883,1782459,477120,435225,1787079,1776516
1786029,1787583,22457,21212,470883,1784937,1776516,1782459,477120,998886,1787079,435225
1787079,1776516
1787079,435225
1787079,435225
1787583,477120
998886,21212,1787079,470883
1786029,21212,470883,1784937,998886
21212,22457
1787583,435225
1787079,435225
1782459,21212,1787079
470883,1784937,1776516
1782459,1787583
21212,1787079
1782459,1787079
1787079,1784937
1782459,1787079,435225
1786029,21212,22457,477120,998886,1787079,1776516
1787583,21212,477120
1787583,1787079
1782459,1787583
1786029,1787583,22457,1784937,477120,1787079
22457,470883
1787079,1776516
22457,1787079
1782459,1787583,22457
1782459,1787583
1787583,21212
1787583,21212
1787583,1787079
21212,1784937
1787079,435225
21212,435225
21212,1787079
1786029,21212,22457,1787583,470883,1782459,477120,998886,1787079
1786029,21212,22457,1787583,470883,477120,435225,1787079,1776516
1786029,1787583,22457,1784937,1787079
1786029,21212,470883,1784937,998886,435225
1787583,1784937
477120,435225
1782459,1776516
1787583,1787079,435225
477120,22457
21212,1776516,470883
1786029,1787583,22457,21212,470883,1784937,477120,1787079,435225
477120,435225
1787583,470883
477120,1776516
1786029,21212,22457,1787583,1784937,1782459,477120,435225,998886,1787079,1776516
1786029,21212,470883,1784937,998886
1786029,1787079,1784937,22457
1787583,435225
1787583,21212,22457
1787583,22457
1787583,21212
1787583,22457
1787583,21212
1787583,21212,22457
1787583,21212,22457
21212,22457
1787583,21212,22457
1787583,21212,22457
1787583,22457
1787583,22457
1787583,21212,22457
1787583,22457
1787583,21212
1787583,21212,22457
1787583,21212,22457
1787583,21212
1787583,22457
1787583,21212,22457
21212,22457
1787583,21212
1787583,21212,22457
1787583,21212,22457
1787583,22457
21212,22457
1787583,21212,22457
1787583,21212,22457
1787583,22457
1787583,21212,22457
21212,22457
1787583,21212,22457
1787583,21212
1787583,22457
1787583,21212
1787583,22457
1787583,21212
1787583,21212
1787583,22457
1787583,22457
1787583,22457
1787583,22457
1787583,22457
1787583,21212,22457
1787583,21212,22457
1787583,21212,22457
1787583,21212,22457
1787583,22457
21212,22457
1787583,21212,22457
21212,22457
1787583,21212
1787583,21212,22457
1787583,21212
1787583,22457
1787583,22457
1787583,21212
1787583,22457
1787583,22457
1787583,22457
1787583,21212,22457
1787583,21212
21212,22457
1787583,22457
1787583,21212
21212,22457
1787583,22457
1787583,22457
1787583,22457
1787583,21212
21212,22457
1787583,22457
21212,22457
1787583,22457
1787583,22457
1787583,22457
1787583,21212,22457
1787583,21212,22457
1787583,21212
1787583,22457
1787583,22457
1787583,21212,22457
1787583,21212
1787583,22457
1787583,22457
21212,22457
1787583,21212
1787583,22457
1787583,22457
1787583,22457
21212,22457
1787583,22457
1787583,22457
21212,22457
1787583,21212
1787583,21212,22457
21212,22457
1787583,21212
1787583,22457
1787583,21212,22457
1787583,22457
21212,22457
21212,22457
1787583,21212
1787583,22457
1787583,21212
1787583,22457
1787583,22457
1787583,22457
1787583,21212
1787583,22457
1787583,21212,22457
21212,22457
21212,22457
21212,22457
1787583,21212,22457
1787583,22457
1787583,22457
21212,22457
1787583,22457
21212,22457
1787583,22457
1787583,22457
1787583,21212
1787583,22457
1787583,22457
21212,22457
1787583,22457
21212,22457
1787583,22457
1787583,21212,22457
1787583,22457
1787583,21212,22457
1787583,22457
1787583,22457
1787583,21212
1787583,21212,22457
1787583,21212,22457
21212,22457
1787583,21212
1787583,22457
1787583,21212
1787583,21212,22457
1787583,21212,22457
1787583,22457
1787583,22457
1787583,22457
1787583,21212
1787583,21212,22457
1787583,21212
1787583,22457
1787583,22457
1787583,21212
1787583,22457
1787583,22457
1787583,22457
1787583,22457
1787583,21212
1787583,21212
1787583,21212,22457
1787583,21212
21212,22457
1787583,21212
1787583,21212,22457
1787583,22457
1787583,21212
1787583,22457
1787583,22457
21212,22457
21212,22457
1787583,22457
21212,22457
1787583,21212
1787583,21212
1787583,22457
1787583,22457
21212,22457
1787583,22457
1787583,21212
1787583,21212
21212,22457
1787583,22457
1787583,22457
1787583,22457
1787583,21212
1787583,22457
1787583,21212
1787583,21212,22457
1787583,21212
1787583,22457
1787583,22457
1787583,21212
1787583,22457
1787583,21212
1787583,22457
21212,22457
1787583,22457
21212,22457
1787583,22457
21212,22457
1787583,22457
1787583,22457
1787583,21212
1787583,22457
1787583,21212
21212,22457
1787583,21212
1787583,21212,22457
1787583,22457
1787583,22457
1787583,21212,22457
1787583,22457
1787583,21212
1787583,21212,22457
1787583,21212
1787583,21212
1787583,22457
1787583,22457
1787583,21212,22457
1787583,22457
1787583,22457
1787583,22457
1787583,22457
1787583,21212,22457
21212,22457
1787583,22457
1787583,22457
1787583,21212,22457
1787583,22457
1787583,22457
1787583,22457
1787583,21212
21212,22457
1787583,21212
1787583,22457
1787583,21212
1787583,21212,22457
1787583,21212
1787583,21212
1787583,21212,22457
1787583,22457
1787583,21212
21212,22457
21212,22457
1787583,22457
1787583,21212
1787583,22457
1787583,21212,22457
1787583,22457
1787583,21212
1787583,22457
1787583,21212
21212,22457
1787583,22457
21212,22457
21212,22457
21212,22457
1787583,22457
1787583,21212
1787583,21212,22457
1787583,21212,22457
1787583,21212,22457
1787583,21212,22457
1787583,21212,22457
1787583,21212,22457
1787583,21212
1787583,21212,22457
1787583,21212
21212,22457
1787583,21212,22457
1787583,22457
1787583,22457
1787583,21212,22457
1787583,22457
1787583,21212
1787583,22457
1787583,22457
1787583,21212
1787583,21212
1787583,22457
1787583,21212,22457
1787583,21212
1787583,21212,22457
1787583,22457
1787583,22457
1787583,21212
1787583,21212
21212,22457
1787583,21212
1787583,21212
1787583,22457
1787583,21212
1787583,21212,22457
1787583,22457
1787583,21212,22457
21212,22457
1787583,21212
1787583,22457
1787583,21212
21212,22457
1787583,22457
1787583,22457
21212,22457
1787583,21212
21212,22457
1787583,22457
1787583,21212
21212,22457
21212,22457
1787583,21212,22457
1787583,21212
1787583,21212
1787583,21212
1787583,22457
1787583,22457
1787583,21212
1787583,22457
1787583,22457
21212,22457
1787583,21212,22457
21212,22457
1787583,22457
21212,22457
1787583,22457
1787583,22457
1787583,21212
1787583,22457
1787583,21212,22457
1787583,21212
1787583,22457
1787583,21212
1787583,21212,22457
1787583,22457
1787583,22457
1787583,21212,22457
1787583,22457
1787583,22457
21212,22457
1787583,22457
1787583,21212,22457
21212,22457
21212,22457
1787583,22457
1787583,21212,22457
1787583,22457
1787583,22457
1787583,22457
1787583,21212
1787583,22457
1787583,21212
1787583,21212,22457
1787583,22457
21212,22457
1787583,21212,22457
21212,22457
1787583,22457
1787583,22457
1787583,22457
1787583,21212
1787583,21212
1787583,22457
1787583,21212,22457
1787583,21212
21212,22457
1787583,21212,22457
1787583,21212
1787583,21212
1787583,22457
1787583,22457
1787583,21212,22457
1787583,22457
21212,22457
21212,22457
21212,22457
1787583,21212
1787583,21212,22457
1787583,21212
1787583,21212,22457
1787583,22457
1787583,21212
1787583,22457
1787583,22457
1787583,22457
21212,22457
21212,22457
1787583,22457
1787583,21212
21212,22457
21212,22457
1787583,22457
1787583,21212
1787583,21212
1787583,22457
1787583,21212,22457
1787583,22457
21212,22457
1787583,22457
1787583,21212
1787583,22457
21212,22457
1787583,21212
21212,22457
1787583,21212
1787583,21212
21212,22457
1787583,21212,22457
1787583,22457
1787583,21212
1787583,21212
1787583,22457
1787583,21212
1787583,22457
1787583,21212,22457
1787583,21212,22457
21212,22457
1787583,21212
1787583,22457
1787583,21212
1787583,21212
1787583,21212,22457
1787583,21212,22457
1787583,22457
1787583,21212,22457
1787583,22457
1787583,21212
1787583,22457
1787583,22457
1787583,21212
1787583,21212,22457
1787583,21212
1787583,22457
1787583,21212,22457
21212,22457
1787583,22457
21212,22457
1787583,22457
1787583,22457
1787583,21212,22457
1787583,22457
1787583,21212
1787583,21212
21212,22457
1787583,22457
1787583,22457
1787583,22457
1787583,21212
21212,22457
1787583,22457
1787583,22457
1787583,22457
1787583,22457
1787583,21212
1787583,22457
1787583,21212,22457
21212,22457
1787583,22457
1787583,22457
21212,22457
1787583,22457
21212,22457
1787583,21212
21212,22457
1787583,22457
1787583,22457
1787583,21212
21212,22457
1787583,21212
1787583,21212,22457
1787583,22457
1787583,22457
1787583,22457
21212,22457
1787583,21212
21212,22457
1787583,21212
1787583,21212
21212,22457
1787583,22457
1787583,21212
21212,22457
1787583,21212,22457
21212,22457
1787583,22457
1787583,21212
1787583,22457
1787583,21212,22457
1787583,22457
21212,22457
1787583,21212
1787583,22457
1787583,21212
1787583,22457
21212,22457
1787583,22457
1787583,21212
1787583,22457
21212,22457
1787583,22457
1787583,21212
1787583,21212,22457
21212,22457
1787583,21212
1787583,21212
1787583,22457
1787583,22457
1787583,21212
1787583,21212
1787583,21212,22457
1787583,21212
21212,22457
1787583,21212
1787583,22457
1787583,21212
1787583,22457
1787583,21212
1787583,21212,22457
1787583,21212
1787583,22457
1787583,22457
1787583,22457
1787583,21212
1787583,22457
21212,22457
1787583,21212
21212,22457
1787583,21212
1787583,21212
1787583,21212
1787583,21212,22457
1787583,21212
1787583,21212
21212,22457
1787583,21212
1787583,21212,22457
1787583,21212,22457
1787583,21212
21212,22457
1787583,21212
1787583,22457
1787583,21212,22457
1787583,22457
1787583,21212
1787583,22457
21212,22457
1787583,22457
1787583,22457
1787583,22457
1787583,21212
21212,22457
1787583,21212,22457
1787583,22457
1787583,22457
1787583,22457
1787583,21212
1787583,22457
1787583,21212
1787583,21212,22457
1787583,22457
21212,22457
1787583,21212
21212,22457
1787583,21212
1787583,22457
1787583,22457
1787583,22457
21212,22457
1787583,22457
1787583,21212
1787583,22457
1787583,21212
1787583,22457
21212,22457
1787583,21212,22457
21212,22457
1787583,21212
1787583,22457
1787583,21212
21212,22457
1787583,22457
1787583,22457
1787583,21212,22457
1787583,22457
1787583,21212,22457
1787583,22457
1787583,22457
1787583,21212
1787583,21212
1787583,22457
21212,22457
1787583,22457
1787583,21212,22457
1787583,22457
1787583,21212
1787583,22457
1787583,21212,22457
1787583,21212
1787583,21212
1787583,21212,22457
1787583,22457
1787583,22457
1787583,21212,22457
1787583,21212,22457
1787583,21212
1787583,22457
1787583,21212
1787583,21212
1787583,22457
1787583,22457
1787583,22457
1787583,21212
21212,22457
1787583,22457
1787583,22457
1787583,21212,22457
1787583,22457
1787583,21212
1787583,21212
1787583,21212,22457
1787583,21212,22457
1787583,22457
1787583,22457
1787583,22457
1787583,22457
1787583,21212,22457
1787583,21212,22457
1787583,22457
21212,22457
1787583,22457
1787583,21212,22457
21212,22457
1787583,22457
1787583,22457
1787583,21212
1787583,21212,22457
1787583,21212
21212,22457
21212,22457
1787583,21212,22457
1787583,22457
1787583,21212,22457
1787583,21212
21212,22457
1787583,21212
1787583,21212
1787583,21212,22457
1787583,21212,22457
1787583,21212
1787583,21212,22457
1787583,22457
1787583,22457
1787583,22457
1787583,22457
1787583,21212,22457
1787583,21212
1787583,21212,22457
1787583,22457
1787583,22457
1787583,22457
1787583,22457
1787583,21212
1787583,21212,22457
1787583,22457
1787583,21212
1787583,21212,22457
21212,22457
1787583,22457
1787583,21212,22457
1787583,22457
1787583,21212
1787583,21212,22457
1787583,21212
21212,22457
1787583,21212,22457
1787583,21212,22457
1787583,21212,22457
21212,22457
21212,22457
1787583,21212
1787583,22457
1787583,21212
1787583,21212
1787583,21212,22457
1787583,21212,22457
1787583,21212,22457
1787583,21212,22457
21212,1787079,435225,1784937
1787583,1787079
1782459,21212
1787583,1786029,435225
1786029,21212
1782459,21212,1784937
1786029,435225
1786029,21212
1782459,21212,1787079
1782459,1787583,470883
1787583,1776516
1787079,1784937
1786029,470883
1787583,1787079
1786029,21212,1787583,22457,470883,1787079,435225
1787583,1787079
1787583,1787079
1787583,22457
1786029,21212,1787583,470883,1776516,1782459,998886,1787079,435225
1787583,22457,470883,1782459,1787079
1786029,21212
1787079,1784937
1782459,470883
1786029,21212,470883,1784937
1782459,1786029,22457
1782459,1787583,21212
21212,435225
1782459,470883
1782459,470883
1787583,1786029
435225,1784937
1786029,1787583
22457,470883,998886,1787079,435225
1787583,435225
998886,1787079,435225
22457,1776516,998886,1787079,435225
1786029,1787079
1787583,21212,22457,1786029,470883,1782459,998886,1787079,435225
1787079,1784937
1782459,1786029,21212
21212,470883
998886,470883
1787583,1787079
1787583,1786029,21212,470883,1784937,1787079
21212,1787079
1782459,1786029
1782459,1787583
22457,1784937,1787079
998886,470883,1784937,435225
1787583,21212,22457,1787079,1776516
1782459,1786029
1786029,21212,22457,470883,1784937,1787079,435225
1782459,22457,435225,1787079
1787583,1787079,1776516,998886
1782459,998886,21212
1786029,470883
1786029,1787079
1782459,1787583,1776516
22457,435225
21212,470883
21212,1787079
1786029,1787583,22457,21212,470883,1776516,1782459,1787079,435225
1782459,1787583
1786029,21212,22457,1787583,470883,1784937,1787079,435225
1787079,1784937
1787583,22457,470883
22457,1776516
1787079,435225
1787079,470883
21212,1784937
1787583,22457,435225
22457,470883
1787079,435225
1782459,1787583
1782459,1786029,470883
1787583,470883
1782459,1786029,470883
1786029,1787583,21212,22457,470883,1784937,1776516,998886,435225
1782459,1787583
1782459,1786029
1787583,22457
1787583,1787079,470883
1782459,1787583,21212
1787583,470883
1787583,1787079
1782459,22457,470883,1784937
21212,470883
1782459,21212
1786029,21212,22457,1787583,470883,1784937,1776516,998886,1787079,435225
1786029,21212,1787583,470883,1784937,1787079
998886,22457,435225,1787079
22457,435225,998886,1787079,1776516
435225,22457,1776516,1787079
1787079,1776516,435225
21212,470883
1787583,1787079
1787583,21212,22457,1786029,470883,998886,1787079,435225
1787583,21212
21212,435225,1784937
1782459,998886
21212,1776516,470883
998886,1786029
1787079,470883
1787583,1787079
1782459,1787583,1776516
1787583,22457,435225
1782459,21212,1787079
1787079,435225
22457,470883
1786029,1787583,22457,21212,470883,1784937,1782459,998886,1787079,435225
1782459,1787583
1786029,21212,1787079,470883
1786029,1787583
1787079,470883
1782459,1787583
1782459,22457,1784937
1782459,1787079,435225
1786029,470883
1782459,435225
1787583,435225,1784937,470883
21212,470883
21212,22457
998886,1787583
1787583,21212,1786029,1787079
1787583,1776516
1786029,21212,1787583,22457,470883,1784937,1776516,998886,1787079,435225
21212,1784937
1782459,1787583,998886
1787583,998886
1787583,470883
998886,22457,470883,435225
22457,470883,1776516,998886,1787079,435225
470883,435225,998886,1787079,1776516
998886,1787079
1787583,1786029
1786029,21212
21212,470883
1787583,21212,1786029,22457,470883,1776516,1782459,1787079,435225
21212,470883
1782459,435225
1786029,1787583,22457
21212,22457
470883,435225
1782459,1787583,435225
1787079,435225
1786029,21212,22457,1787583,470883,1776516,998886,1787079,435225
1787583,1787079,435225
1787583,21212,1786029,470883,1784937,1787079
21212,1787079,1776516
21212,1787079
1787079,22457
1786029,1784937
1787583,1787079,435225
1786029,1787583,1784937
1786029,21212
1787583,1787079
1786029,1787583,1787079,470883
1782459,1787079,470883
1782459,1787583,1786029,998886
1786029,21212,1787583,22457,470883,1784937,1782459,998886,1787079,435225
1787583,22457,998886
1787583,470883
1787583,21212,22457,1786029,470883,1784937,1782459,1787079,1776516
1782459,22457
1787079,22457
21212,22457
1786029,1787583
1787583,21212,22457
1782459,1786029
1786029,435225,1784937
1787583,21212,1786029,470883
1782459,1786029
1782459,1784937
1787583,1787079
477120,1787079
1787583,22457
1786029,1784937
21212,435225
1787583,21212,1784937,477120,1787079
1787583,1787079
1787079,435225
1782459,998886,1787583
1782459,1787583
1782459,1784937
1787583,1787079,1784937,22457
1787583,21212
1787583,477120
477120,470883
1786029,1787583,21212,470883,1784937,1787079
22457,435225,998886,1787079,1776516
1782459,21212,1787079
1782459,22457,470883
1787079,470883
1787583,470883
21212,435225
1787583,21212
1782459,1784937
1782459,1787583,22457
477120,22457
1787583,477120
1787583,1787079
1787583,22457
1787583,435225
1782459,477120,435225
477120,21212
1786029,21212
1787079,435225
1786029,477120
477120,21212
1787583,435225
1787583,22457,1784937
1786029,435225
1782459,1787583
1786029,435225
1782459,1787583
1787583,470883
1782459,1787583,22457,470883
1786029,477120
1787583,477120
1787583,1787079
477120,22457
1787583,22457
1787583,1787079
1787583,477120
1782459,477120
21212,477120
1787079,435225
1786029,21212,22457,1787583,470883,1782459,998886,1787079
1787583,21212,22457,470883,1784937,1782459,435225,1787079,1776516
1786029,21212,22457,1787583,470883,477120,998886,1787079,1776516
1782459,1787583
477120,470883
1786029,470883
1787583,21212,22457,1786029,470883,1784937,1782459,477120,998886,1787079,435225
1787583,22457,470883,1784937,477120,435225,1787079,1776516
1787079,1784937
1782459,1787583
1786029,1787583
1786029,470883
435225,1784937
998886,1787583
1787583,1786029
477120,1784937
1786029,22457,470883,477120,998886,1787079
1787079,435225
1786029,477120
477120,470883
1787583,470883
1787583,1787079
1787583,477120
998886,21212,22457,470883
1787583,21212,22457,470883,477120,1787079,435225
21212,1784937
477120,470883
1787079,470883
1786029,21212,22457,470883,477120,1787079,435225
1786029,1787079,470883
22457,470883
1787583,21212,477120
1786029,1787583,22457,21212,470883,477120,998886,435225
1782459,22457
1787583,21212,470883,477120,1787079
21212,1784937
998886,22457,1776516
1787079,1776516
22457,1787079
1787079,22457
998886,22457
998886,1776516
1786029,21212,1787583,470883,1784937,1787079
477120,470883
1786029,470883,998886
1787583,477120
1786029,22457,470883
1787583,435225
1787583,477120,998886
1787583,1787079
1787583,1786029
477120,1787079
21212,1787079,470883
1782459,21212,470883,477120
1786029,22457,470883,477120,435225,1787079,1776516
1787583,22457
1787583,1787079
477120,22457
1786029,1787583,470883
1782459,477120,21212,435225
1786029,998886
477120,1787079,1784937
22457,470883
21212,470883,1784937,998886,1787079
1786029,1787583,22457,477120,998886,1776516
1787583,1784937
1782459,1787583
1782459,477120,22457
1787583,21212
1787079,435225,470883
1782459,1787583,477120
1782459,1787583
21212,1787079,1784937
1787583,998886
1786029,22457,470883,1787079,1776516
1787079,1784937
477120,1787079,435225,1784937
1782459,470883
1786029,1776516
1782459,1787583
1782459,1787583,477120,22457
1786029,1787079,1776516,22457
998886,1787583,22457
1787583,477120
1787583,22457,1782459,1787079,435225
998886,1787079,435225,1784937
998886,1787079,435225,1784937
1787583,1787079,435225
1787583,21212,22457,1782459,1787079,435225
1787583,477120,470883
477120,470883
1787583,21212,470883,1782459,1787079
21212,1787079,477120,22457
21212,435225
1786029,470883,477120,435225,1787079,1776516
477120,22457,1784937,1787079
1786029,1787079,470883,1784937
1787079,470883
1787079,1784937
1787583,477120,470883
1787583,22457
1787583,21212,470883,1784937,477120,998886,435225
21212,22457,435225,477120
1787079,1784937
22457,470883,1784937,477120,998886
21212,470883
998886,1787079,435225,1784937
1786029,1776516,435225
21212,435225,1784937,1776516
1787583,470883
1787583,22457
1786029,998886,1787079,1776516
998886,1787583,435225,470883
21212,1784937
998886,1787583
477120,1787079
1782459,477120
1787583,22457
477120,1787079
1786029,1787583,477120,22457
1787583,1787079
1787583,1787079
1782459,1787583,21212,470883
477120,435225
477120,22457
998886,477120,470883
1786029,21212,22457,1782459,477120,1787079,1776516
1787583,22457
998886,1787079,470883
1782459,470883
1786029,1787079,470883,998886
1787079,435225
1786029,21212,22457,477120,1776516
1782459,1787583,477120,22457
1782459,470883
477120,470883
477120,21212,1784937
1786029,21212,1787079,1776516
1782459,1786029
1782459,1787583
1782459,1787583
477120,22457
1782459,1786029,21212,470883
1786029,477120
1787583,998886
1786029,22457,1782459,477120,435225,1787079,1776516
1787079,470883
1786029,21212,1787079,470883
1787583,477120,22457,998886
1782459,1787583,22457,470883
1782459,477120
1786029,1787583,21212,22457,1787079,1776516
477120,21212,470883
1787583,477120,470883,1784937
477120,470883
998886,477120,470883
1787583,21212,22457,1784937
1787583,998886
21212,1787079,435225,1784937
1786029,21212,1787583,470883,1784937,1787079,1776516
1787583,477120
1782459,1787583,477120,22457
1787583,477120,22457
1786029,22457,998886
21212,470883
21212,435225,470883
1786029,1787583,21212,22457,1784937,1782459,435225,998886,1787079,1776516
22457,1787079
1782459,998886,22457,470883
21212,1784937
1782459,1786029
998886,1784937
21212,435225,477120
1786029,1787583,1776516,477120,998886,1787079,435225
1787079,435225
998886,1787079
998886,1787079
998886,1787079,22457
1787583,21212,1787079,1784937
1787079,435225,1784937
21212,1787079,435225
1782459,470883
1787079,1784937
1787583,22457
21212,435225,1784937
22457,470883,1784937,1782459,477120
1787583,1787079,435225,22457
1786029,21212,22457,435225,1787079,1776516
1786029,477120,435225,470883
1787583,21212,1784937
1782459,1787583
22457,435225,1787079
1786029,1787079,470883
435225,470883
1787583,435225
21212,477120
477120,22457
1782459,1787583,477120,22457
998886,477120
1782459,998886,1784937
998886,477120,1787583,22457
477120,470883
1787079,435225,1784937
1787583,470883
998886,1784937
998886,477120
1787583,22457
1786029,21212,1784937,435225,1787079,1776516
1786029,21212,22457,998886,1787079,1776516
1786029,1787583,470883,1784937,477120,998886,1787079,1776516
1787583,1786029,22457,1782459,435225,998886,1787079,1776516
1787583,1787079
21212,470883
998886,22457,1787079
1787079,22457
1786029,1787079,1776516,470883
1787583,1787079,435225
1782459,1787079
998886,1787079
1787583,477120
1787583,22457,470883
998886,477120
1786029,21212,22457,477120,998886,1776516
1786029,21212,1787079
1787079,435225
1787583,1787079
1786029,1787583,21212,1787079
1787079,435225,1784937
998886,1787079
1782459,1787583,21212,22457
1786029,21212,22457,477120,1776516
1787583,21212
1786029,470883
21212,1787079,435225
998886,22457
1787583,22457,1784937
1787583,470883
1787583,470883
477120,22457,435225
1786029,470883,998886,1787079,1776516
1787583,1786029,22457,21212,470883,477120,435225,1787079,1776516
1787079,435225
21212,1787079,477120,1784937
1786029,477120
1787583,477120
477120,470883
1786029,21212,1787583,470883,1784937
998886,1787079
998886,21212,1787079,1784937
1787583,470883
1787583,22457,1787079
1786029,21212,22457,477120,1787079,1776516
1786029,21212,22457,470883,477120,998886,1787079,1776516
998886,1787583,1787079
1782459,477120
1782459,1787583,477120
1786029,477120,998886
1787079,22457
477120,21212
1787583,21212,470883
1787079,1784937
1787583,22457
1787583,477120
1787079,435225
998886,1787079,435225
1787583,21212,470883,477120,1787079,1776516
21212,477120,1787079,470883
21212,477120
1782459,470883
998886,477120,1787079
1787079,435225
21212,435225
477120,1787079
477120,470883
1782459,477120,470883
998886,470883
477120,1784937
998886,1787583,22457,470883
435225,1784937
1787079,470883
1787583,477120
1787583,22457
1787079,1784937
998886,22457
477120,1784937
1787583,1787079,435225,22457
1787583,22457
1787079,435225,22457
998886,21212,435225
1787079,1784937
1787079,435225
998886,1787079
477120,1787079,1784937
998886,1784937
1782459,21212,470883
1787079,435225
1787583,21212,1787079
1787583,22457,470883
1787583,21212,22457,477120,435225
998886,21212,470883
21212,22457,435225,1787079
477120,21212,470883
1787583,1786029,21212,1787079,435225
21212,1787079,22457
22457,470883
1786029,470883
470883,435225
477120,22457,470883
1787583,1784937
477120,21212
1782459,1787583,477120
1786029,477120,22457
1782459,1776516,1784937
21212,22457,1784937,1787079,435225
1787583,21212,22457,477120,1787079,435225
1787583,477120
1787583,22457
1786029,21212,470883
1787583,435225
477120,1787079
998886,477120,470883
1782459,1787583,22457
998886,477120,470883
1787079,470883
21212,22457,470883,477120,1787079,435225
1782459,1787583,477120
1787583,22457
477120,470883
21212,22457,477120
1787583,470883
1787583,22457,470883
1786029,22457
21212,435225,1784937
21212,470883
1786029,470883
1782459,435225
22457,470883,1784937,1782459,477120
1782459,1787583
998886,21212,470883
1787583,22457,435225
1787583,21212,1784937,1782459,477120,1787079
477120,22457,470883
1787583,477120
1782459,1787583,470883
1787583,22457
1787583,1776516
1787079,1784937
477120,21212
998886,22457
1782459,1784937
1787583,477120,22457
477120,22457,470883
998886,21212,470883
1787583,1776516,435225
1787583,21212,22457,1787079,435225
1787583,21212,1787079,435225
21212,435225
1782459,435225
998886,21212,470883,1784937
1782459,477120
477120,470883
477120,1784937
477120,22457
1782459,477120,470883
998886,21212
21212,1787079,435225
998886,1787079,470883,22457
998886,21212,1787079,435225
1786029,477120,1787583,998886
21212,477120
1782459,998886
1782459,1787583
1782459,1787583,1776516
1787583,1787079,435225
1782459,470883
21212,470883
1787583,1787079,998886
1782459,1787583,1787079,998886
1787583,1787079
1786029,477120,1787079,998886
22457,1787079
1782459,477120
1787583,22457
21212,1787079,1784937
21212,435225,1784937
1787079,435225,1776516
1787079,435225
21212,22457,470883,1784937
998886,21212,477120
1776516,1784937
1782459,477120,22457,470883
1787583,22457,477120,998886,1787079
1787583,21212,22457,470883,998886,1787079
1787583,477120,22457
1787583,1787079,470883
1787079,435225
470883,435225
1787583,477120
1787079,22457
1782459,1787583,21212,22457
1776516,470883
477120,22457
1787583,470883
998886,1787079,435225
1787079,435225
1787583,1784937
477120,470883
1787583,22457
1787583,1787079,470883,998886
1787079,435225
1787583,477120
1787583,470883
1787583,22457
1787583,1787079
1787583,21212,470883,1784937,435225,1776516
477120,470883
998886,22457
1786029,477120,435225
1787583,21212,22457,477120,1787079
21212,1787079,470883
1782459,1787583
1787583,21212,22457,1782459,1787079,435225
1787583,477120
21212,22457
1787583,1787079,435225
21212,477120
1787583,435225
998886,1787079,435225
1787079,435225
477120,435225
1786029,1787583,1784937
1786029,21212,470883,1784937,477120,1787079,435225
1787583,477120
1786029,477120,21212,435225
998886,477120,470883
998886,1787079,435225
998886,1787079,435225
998886,470883
998886,21212,1784937
998886,21212
1787583,21212,470883,477120,1787079
1782459,477120,1787079
998886,477120,1787079,470883
1782459,998886,1787583,22457
998886,22457,470883
998886,477120
1782459,1787583
1787583,1786029,21212,998886,1787079,1776516
435225,1784937
1787583,21212,22457,470883,477120
1786029,470883
1787583,470883
998886,477120
1787583,21212,22457,477120,998886
1786029,1787583,1787079,435225
1787583,22457
1787079,435225
1787583,22457,435225,1787079
1787583,1787079
1786029,470883,1782459,477120,998886,1787079
1787583,22457
998886,21212,470883,1784937
1787079,435225
1787079,435225
1787583,21212,470883,477120,1787079,1776516
998886,477120,435225
1787583,1787079,435225,1784937
21212,1787079
477120,470883
1782459,477120,435225
21212,435225
998886,435225
435225,1784937
22457,435225,1787079
998886,1787079,435225
998886,1787079,435225
21212,1787079
21212,1787079
998886,477120,22457
1787583,470883
1787583,21212,22457,470883,477120,998886,1787079,435225
1787583,470883,477120,1787079,435225
1782459,470883
1782459,998886,470883
1787583,470883
998886,1787079
1782459,22457
1787583,21212,470883,477120
1787583,22457
1776516,470883
21212,435225,1784937
477120,435225,1784937,470883
477120,470883
998886,21212,470883,1784937
22457,1784937
1787583,22457
477120,1784937
998886,477120,1787079
1782459,1787079
1787583,1776516
477120,1787079,435225
1787583,477120,435225
1782459,1787583,1784937,998886
998886,477120
21212,477120,998886,1787079,435225
477120,22457
1786029,477120,22457
21212,470883
1786029,470883
21212,477120,1787079,998886
1787583,21212,477120,470883
477120,1787079,470883,435225
1782459,477120
1782459,998886,21212,435225
1787583,477120,470883,435225
1782459,1786029
1782459,470883
477120,22457,435225
1782459,21212,435225
1786029,21212,1787079,435225
21212,470883,1784937
1787079,22457
1787079,435225
1786029,998886
477120,21212
1786029,477120
477120,470883
477120,1787079,435225
1782459,1787583
21212,1787079
1782459,1787079
477120,470883
1786029,477120,1787079
21212,435225,1784937
998886,477120,470883
1782459,1786029,470883
1782459,1787583,435225
477120,1787079,22457
1787583,22457
998886,22457
1782459,22457
998886,1787583
1782459,22457
1782459,1787583,22457
1787079,435225
1782459,22457
1787583,477120
1782459,1787583,470883
1782459,1787583
1787583,1782459,477120,998886,435225
998886,22457
477120,1787079
21212,1784937,477120,998886,1787079
21212,435225
1782459,998886,435225
477120,1787079
1787583,1787079
435225,1784937
477120,1787079,1784937,22457
998886,435225
1786029,1787079,22457
1787079,1776516,1784937,435225
1787079,435225
1787079,1776516,435225
477120,1787079,435225,1784937
1787583,22457
998886,21212,470883,1784937
1787583,22457,470883
21212,477120
21212,1787079,435225
435225,1784937
1787583,1776516
477120,470883
21212,435225,470883
998886,477120
998886,470883
21212,1784937,477120,435225,1787079,1776516
1786029,477120
1782459,1787583,21212,1784937
477120,470883
21212,477120,470883
21212,1787079,477120
1787079,1784937
1787079,435225
435225,1784937
1782459,470883
21212,470883,477120,435225,998886,1787079,1776516
477120,470883
21212,477120,435225
998886,477120,22457,1784937
998886,477120,470883
1786029,477120
1782459,470883
1786029,1776516
1787583,477120,1786029
477120,21212
1787583,470883
477120,22457
21212,1776516,477120
1787079,435225,1784937
1787079,470883
477120,21212,470883,1784937
1782459,477120
1787583,21212
477120,1787079
1787583,21212,1786029,22457,435225,1787079,1776516
1782459,470883
435225,1784937
21212,477120
1787583,21212,477120,998886,435225
22457,1784937
1787583,470883
998886,1786029
477120,470883
1787583,1787079,1784937
1787583,477120,470883
21212,1787079,1784937
1787079,1776516
21212,1787079,22457
1782459,1787583,470883
998886,1787583,1787079,21212
1787583,21212,22457,477120,998886,1787079
470883,435225
1787583,470883
21212,477120
1782459,470883
1787079,435225
1787079,435225
998886,1787079,435225
22457,435225,1784937,1787079
998886,21212,470883,1784937
1787079,22457
998886,1787583,1787079
1782459,1787583
1787583,1786029,22457
1787079,435225
477120,21212
1782459,998886,477120,1787583
1787583,21212,477120,1787079,435225
1787583,470883,1782459,477120,1787079,435225
1782459,1787583
477120,1787079,470883
1787079,470883
998886,21212,1787079
998886,477120
1787583,22457,470883,1787079
1786029,1784937
1787583,22457,477120,998886,1787079,435225
998886,470883
21212,22457
21212,1787079
1782459,470883
21212,435225
435225,1784937
998886,1787079
22457,1784937
1782459,1787583
998886,1784937
1786029,477120
477120,22457
477120,1787079,470883
21212,22457,1784937,1787079,435225
477120,1787079,435225
477120,1787079,435225
998886,21212,470883,1784937
1787079,435225
470883,1784937
1787079,470883,435225
477120,435225
1787583,998886
1787583,22457
1787583,477120
998886,22457
1787079,435225,470883
1782459,1787583
21212,477120
1782459,470883
1786029,1787583
1787079,470883
1787079,470883
21212,22457,470883,477120
21212,1787079
477120,1787079
21212,1776516,477120
1787583,477120,1787079
1787583,998886
1787079,22457
1787583,21212
998886,22457
1787583,1787079
1782459,1786029,477120
1786029,470883
1787079,1784937
477120,21212
477120,22457,470883
1787079,435225
1787583,21212,470883,477120,998886,1787079
998886,477120,1787079
21212,470883,1782459,477120,998886,435225
477120,1787079
477120,22457
1786029,1787583,1787079,998886
21212,477120
1787583,22457
1787583,477120
1787079,435225
1782459,1787583,470883
22457,1784937
1782459,1787079
1787583,22457,470883,998886,1787079,435225
21212,470883,477120
21212,22457,470883,1784937
998886,22457
21212,1787079
998886,21212,1787079,470883
1786029,21212,435225,470883
477120,22457
1787583,477120,1787079,998886
477120,470883
477120,470883
1782459,470883
1787583,477120,470883
477120,21212,470883
998886,470883
1787079,470883,1776516
21212,1787079,470883,435225
998886,477120
1786029,1787583,470883,1782459,998886,435225
1782459,477120,470883
470883,1784937
1787583,435225
998886,477120
1786029,435225,1784937
1787079,470883
1787583,1787079,435225,998886
1787583,470883
21212,435225
1787583,1787079,1776516
1787583,22457,470883,477120,998886
477120,470883
1787583,1786029,470883,1782459,477120,998886
1786029,477120
21212,1776516
1782459,1787583
1787079,435225
1787079,22457
1782459,22457
1787583,1787079
1787583,21212
1782459,1787583,477120,1787079
1787583,21212,1776516,998886
1787583,470883,998886
1786029,21212,470883
21212,22457,470883,477120,998886,1787079
998886,1787583
1787583,22457
1782459,477120,1787079,1784937
1782459,477120
1787583,998886,477120,22457
1787583,1784937
998886,21212
998886,477120,1786029
1782459,1787583
1782459,1787583,477120
998886,1787583,435225,1787079
1787583,477120,470883
1782459,22457
1786029,21212,470883,1784937,998886
1787079,1776516,1784937
998886,1787079
477120,1787079,1784937
998886,477120,21212,470883
998886,477120
1787583,1784937
998886,477120,1787079,22457
477120,470883
477120,1787079
477120,1787079,470883
1787583,22457,1787079
1787079,1776516
1782459,477120
1787583,21212,470883,1782459,998886,1787079
21212,477120,1787079,1776516
477120,435225
1787583,22457,1787079
21212,1787079
1787583,21212,1784937,477120,1787079,435225
1782459,22457
477120,470883
477120,1787079
1782459,477120
1782459,1787079,435225
21212,1784937,477120,998886,1787079
1787583,435225
1782459,1787079
998886,477120,21212
477120,1787079
1782459,470883
998886,435225
477120,21212,470883,1776516
998886,1787583,1776516,435225
1787583,21212,22457
1787583,470883
1787583,1784937
1787583,21212,1787079,477120
1786029,1787583
21212,1787079,1784937
21212,1787079,470883,435225
998886,470883,1784937
998886,1787583,470883
1787583,477120
1776516,470883
1787079,1784937
1787583,470883
1782459,1787583
477120,21212
1787583,477120,470883
1782459,477120
1782459,998886,477120
998886,470883
998886,477120
21212,477120,435225,998886,1787079,1776516
477120,435225
998886,477120,1787079,22457
1787079,435225
998886,22457
21212,1787079
477120,1787079,470883,1784937
1787583,477120,22457,1787079
477120,470883
1787583,435225,998886
1787583,1784937,1782459,1787079,435225
1787583,1787079
1787583,22457,470883,1782459,477120,435225,998886,1787079,1776516
998886,477120,470883
998886,1787583
1782459,477120
998886,21212,470883
1782459,998886,470883
1782459,1787583,998886
22457,470883
998886,21212,470883,1784937
477120,22457
1787583,21212,435225
477120,21212
1786029,22457,470883,477120,998886,1787079
1782459,477120
477120,1787079
1782459,1787583
998886,21212
1782459,477120
1787583,22457,998886,1787079,1776516
21212,1787079,470883
998886,470883
21212,1782459,477120,998886,435225
998886,477120,22457
477120,21212
1782459,477120,435225
998886,477120,435225,470883
22457,435225
1786029,477120
998886,22457
1787583,470883,1784937
1787583,998886,477120,21212
998886,477120
1787583,470883
1787079,435225
1786029,435225
1782459,1787079
1787583,477120,22457
477120,21212,470883
1787583,1776516
21212,470883,1784937,998886,435225
1786029,477120,1787079,435225
998886,477120,1787079
1786029,1787079
1787079,1784937
998886,1787079,435225,1784937
22457,435225,1787079
998886,1787079
1786029,1787079
1782459,470883
1786029,21212,1787079,477120
1782459,998886
21212,1787079
998886,477120
1782459,477120
1782459,22457,1787079
1782459,998886,1787583,470883
1782459,1787583
998886,1787583
1782459,998886,477120
21212,470883
1787583,1786029,435225
998886,470883
477120,470883
998886,435225
998886,470883
1787079,435225
1782459,1787583
477120,1776516
1787583,470883
1786029,470883,1784937
998886,435225,1784937
21212,435225
1782459,998886
1787583,477120
1786029,21212,22457,470883,1776516,1787079,435225
1787583,22457,477120,998886,1787079
1787583,477120,1776516
21212,1787079,435225,1784937
21212,22457,470883,1784937,477120,1787079,1776516
477120,435225
477120,435225,1784937
1787583,477120,1786029,1776516
1782459,470883
477120,470883
1787583,1787079,998886
1787583,1787079
21212,470883,1784937,998886,435225
998886,477120,1787079,435225
998886,1787079,435225
1786029,1787079
998886,477120,21212
1787079,470883
1786029,435225
998886,1787583,1787079,22457
1782459,998886
1786029,477120,1787583
477120,1784937
21212,1787079,22457
998886,1787583
1782459,477120
1787583,22457,998886
1787583,22457,470883,477120,1787079,1776516
1787583,1787079,998886
1786029,1787583,435225
1787583,470883
1787583,21212,1786029,1782459,998886,1776516
998886,1787079
21212,435225
1782459,1787079
22457,1784937,1787079
1786029,477120
1787583,470883,998886
477120,21212
1787583,22457
998886,21212
477120,21212,470883
477120,22457
998886,1787079,435225
21212,470883,477120
1787079,470883
1782459,477120,22457,1784937
1787079,435225
477120,1787079,435225,1776516
1782459,435225
22457,470883
998886,1787079,470883
1787583,21212,470883,998886,435225
1782459,21212,435225
1786029,477120
1782459,1776516
21212,22457,470883,998886,1787079,1776516
1787583,21212,470883,477120,998886,1787079,435225
22457,470883,477120,998886,1776516
1782459,1787583
1787583,477120
435225,1784937
1787583,477120,470883
1787583,21212,22457,1784937,1782459
1782459,998886,21212,1787079
998886,1787079
1782459,998886
1782459,998886
1782459,477120
21212,1787079,435225
1782459,998886,435225
477120,1787079
1787583,22457,998886,1787079,1776516
1787583,1786029,22457,470883,477120,998886,1787079,435225
21212,470883,1784937,998886,435225
1787079,1784937
998886,1787079,22457
998886,22457,1776516,1787079
21212,435225
1787583,21212,22457
1787583,22457,470883
998886,477120
1787583,21212,1784937
1782459,1787583
1782459,477120,1784937
1787583,1776516,1784937
21212,1784937
477120,1787079,435225,22457
1782459,998886
22457,470883
1787583,21212,22457,998886,1787079
22457,435225
1786029,998886,1787079
998886,1787079,1784937
1787583,998886
998886,1787079
1786029,998886
1782459,470883
1787583,1784937
1787583,477120,470883
21212,435225
1787583,21212,435225,1787079,1776516
1782459,477120,1787079,435225
1787583,477120,470883
1787583,21212,1786029,998886
21212,1776516,435225,477120
1782459,477120
998886,1776516
477120,1787079
1787079,435225
1787583,998886
1786029,1776516
21212,1787079,435225
1782459,1786029,21212,470883
1787583,477120,22457
1782459,470883
1787583,1787079
998886,470883
470883,435225
1787583,477120
435225,1784937
21212,1776516,470883
1782459,22457
21212,1787079,470883
998886,477120,470883
1787583,22457,1784937,998886,435225
1787583,21212,22457,470883,998886,435225
1786029,21212,470883
22457,470883
1787079,470883,435225
21212,435225,470883
1782459,1787583
1787583,22457,470883,1784937,435225,998886,1787079,1776516
1787079,435225
1782459,1787583,470883
1787583,998886
21212,470883
1786029,477120,21212,470883
1787583,1786029,470883
1782459,998886,470883
477120,1787079
21212,1787079
1787079,1776516
1786029,1787583,1776516,477120,1787079,435225
998886,477120,22457,435225
1782459,1787583,22457
1782459,998886,470883
1782459,21212,477120
1787583,22457
1787079,435225
1786029,21212
1782459,1787079
21212,1787079,1776516
1787583,22457,470883,435225,998886,1787079,1776516
1786029,1784937
21212,1787079,435225
1787583,998886
21212,1787079,470883
998886,1787079,435225
21212,1787079,470883
1787583,1787079
21212,477120
1787583,1787079
998886,470883
1782459,998886,22457
1782459,1786029,22457
21212,470883,1784937,998886,435225
1787079,1776516
477120,1787079,1784937
1786029,998886
1787079,22457
998886,21212,1787079,435225
998886,1784937
1787583,21212,22457,998886,1787079
1787583,435225
1787583,470883
1786029,22457,1776516,1787079
435225,1784937
1786029,21212,22457,998886,1787079
998886,477120,1787079,22457
21212,470883
470883,1784937
435225,1784937
1787583,22457,470883,998886
1787079,435225,470883
21212,470883,1784937,1776516
998886,477120,1787583,22457
477120,21212,470883
1782459,470883
998886,21212
1787583,477120,1787079,998886
1787079,435225
1787583,477120,998886
21212,435225
998886,1787079
1787583,21212,22457,470883,1782459,998886,1787079,1776516
1787583,1784937
477120,1787079,470883,22457
1787583,477120,22457
1782459,470883,435225
1786029,435225
477120,22457
1782459,1787583
21212,1787079,470883,1784937
998886,22457,435225
22457,1782459,477120,1787079,435225
1787079,1784937
21212,470883,1784937,998886,435225
477120,1787079
998886,477120,1787079
998886,477120,1787079
1787583,470883,1782459,435225,998886,1787079,1776516
21212,1776516,435225,470883
1786029,477120,22457,1776516
1782459,1787079
21212,470883
477120,1787079
1782459,1787583,477120,470883
1787583,22457,470883,1784937
998886,1787079
21212,1784937,1782459,1787079,435225
998886,1776516
22457,435225
998886,1776516
1787583,22457
1787583,21212,470883,1782459,435225
22457,470883
998886,22457
1786029,22457
22457,1776516
1782459,470883
1782459,477120
1782459,470883
1787583,1776516
1787583,470883
21212,22457
1786029,1787583,1787079,435225
1787583,21212,998886,1787079,1776516
1787583,1776516
998886,21212,1786029,477120
1782459,470883
998886,1787079
477120,470883
21212,435225
470883,1782459,998886,1787079,435225
21212,470883
21212,470883
998886,21212
22457,1787079
1782459,998886,21212
1787079,1776516,435225
998886,21212
1787583,470883,998886
1787583,1786029,470883,998886
477120,21212,470883
1787583,477120
1782459,21212,470883,477120
1787583,470883
1787583,470883
1787583,470883,435225,998886,1787079,1776516
1786029,21212,1782459,477120,998886,1787079
1782459,21212
1782459,21212
998886,22457
1787079,1784937
998886,1787583,22457,470883
998886,1787583,22457,470883
1782459,470883
1787583,21212,470883,477120
1787583,470883
1786029,21212,1784937,477120,998886,435225
1787583,21212,22457,470883,1784937,477120,998886
21212,1776516
998886,477120,1776516
1782459,1787583,21212
1782459,470883
998886,1787583,1787079,470883
1787079,435225
21212,1787079,477120
1782459,1787583,435225
1787583,21212
998886,470883
998886,1787079
1787583,435225,998886
1786029,21212,470883,1784937,998886,435225
1787583,1787079,435225,470883
1787583,998886
470883,1784937,435225
1782459,470883
998886,1776516
998886,21212,435225
1787583,21212,22457,1784937,998886,1787079
1782459,470883
21212,470883
1787583,470883
1782459,1784937
1787583,22457,998886,1787079,435225
1787079,435225
1787583,21212,1776516,1784937
21212,1776516
1786029,1787079,435225
998886,1787583,1786029,1787079
21212,1787079
477120,21212,1776516
998886,470883
998886,1787079
998886,22457
1782459,1787583
1787583,435225,1776516
21212,477120,1787079,1776516
1782459,22457
1782459,998886,22457
1782459,470883
435225,1784937
1786029,21212,1787079,435225
998886,470883,1784937
1782459,998886
435225,1784937
998886,1787583
21212,470883
998886,1787583,1787079
1782459,998886,22457
1787079,435225
998886,477120,470883
1782459,21212
22457,435225
21212,22457,998886,1787079,1776516
21212,1787079,477120
1786029,1787079
477120,21212,435225,22457
998886,435225,470883
998886,1776516
1787583,998886
477120,1787079
1782459,998886
1786029,1787079
1787583,22457,470883,998886,1787079
1787583,21212,1782459,1787079,435225
998886,477120
1787583,22457
1787583,998886
22457,470883,435225
21212,470883
1782459,1787583,470883,998886
1786029,21212,470883,1784937,998886,435225
21212,470883
1782459,998886,1787583
21212,470883
998886,22457
1787583,435225
1782459,21212,435225
998886,1776516,435225
1787583,21212,22457,998886
1787583,22457
1782459,21212
1782459,998886,1787079
1782459,470883
998886,1787079,435225
1782459,1787583
1787583,21212,1776516,1784937
998886,435225
470883,1784937
1787079,435225
1787583,1787079,435225
21212,470883
1782459,998886
21212,1787079,470883
1782459,1787583,22457
1787583,998886
21212,435225
1782459,1787583,998886
1782459,998886,1787583,1776516
22457,470883,435225
1787583,470883
1782459,470883
1787583,998886
998886,1776516
998886,470883
1782459,470883
1787583,1787079,470883,998886
22457,435225
1782459,998886
1786029,1776516
998886,1787079,435225
1787583,1787079
1782459,1787583,21212,470883
1782459,1787583,998886
1782459,998886
998886,1787583
21212,1787079,22457
1782459,1787583,998886
1787583,1787079
1782459,998886,22457
998886,1787079,1776516
998886,1787079,435225
1787079,435225,470883
1782459,1787583,22457
998886,1787079
998886,21212
21212,22457,470883
998886,21212,470883
1782459,998886
1787583,1787079,435225,1784937
1782459,998886,21212,22457
1787079,435225
1787079,435225
1782459,470883
1782459,21212,470883
998886,1787583
21212,470883
1787079,435225
998886,1787079
998886,477120,1787079
998886,1787079
998886,477120,1787079
998886,477120
998886,22457,1787079
1782459,998886
1782459,22457
435225,1784937
1786029,21212,470883,1784937,998886,435225
1787079,470883
1787079,435225,22457
1787583,1787079
21212,22457
21212,1784937
21212,1787079
1787583,1787079,435225
1786029,21212,998886
998886,470883
1782459,22457
1787583,22457
1782459,1787583,21212
998886,470883
1787079,435225
1782459,470883
998886,1787583
1787583,998886
998886,1787079,435225
1787583,21212,22457,477120,435225,998886,1787079,1776516
1787583,1776516
998886,470883,1784937
1787583,998886
1787583,435225
1787583,1786029,470883,435225,998886,1787079,1776516
1787583,21212,22457,1782459,435225,998886,1787079,1776516
1787583,21212,22457,477120,998886,1787079,1776516
1787583,21212,22457,1787079
21212,1787079
998886,1787079,470883,435225
1787583,21212,22457,1784937,477120,998886,1787079,435225
1787583,21212,22457,470883,998886,1787079,435225
1787079,470883
998886,1787583,435225
1782459,1786029,1787583
1782459,1787583,470883,998886
1787583,21212,1787079,435225
1782459,470883
1782459,1787583,470883
1787583,21212,22457,470883,1782459,1787079,1776516
1782459,998886,21212,1787583
1787583,1787079
998886,1776516
1787079,470883
998886,21212
435225,470883
998886,1787583
1782459,470883
1787583,1776516
1782459,998886
998886,22457
21212,22457,1782459,477120,998886,1787079,1776516
1787583,1787079,435225
1787583,21212,22457,470883,1782459,477120,1787079,1776516
477120,470883
1786029,21212,435225
1787583,22457,1776516,1787079
21212,435225
1787079,1784937
1787583,998886
1786029,21212,470883,1784937,998886,435225
1787583,22457,998886
998886,1787079
1782459,22457,435225
1787583,21212,22457
998886,1787079,22457
998886,1787079
998886,470883
998886,1787079
998886,1787079,435225,470883
998886,1787583,470883
21212,435225
998886,21212,1787079
1782459,1787583
998886,470883
1787583,22457
998886,21212
998886,21212,470883,1784937
435225,1784937
998886,470883
1787583,21212,470883,1782459,998886
22457,470883
1782459,1787583,998886
1782459,998886
1787583,1786029,22457,470883,1782459,477120,998886
21212,1787079,435225
1787583,470883,998886
1787583,1776516
435225,470883
1787583,470883,1782459,998886,1787079,435225
1787583,22457,1782459,998886,1787079,435225
998886,1787079
1782459,21212
998886,1787079
998886,1787079
998886,1787079
998886,477120,1787079,1784937
1786029,1787079,1784937,998886
998886,477120,1787079,22457
21212,470883,1784937,998886,435225
21212,1787079,435225,470883
1782459,21212,470883
1782459,21212,1787079
1782459,1787583,1787079
998886,21212
1786029,22457,470883,998886
1782459,1787583,435225,998886
1782459,1787583
998886,21212,1786029,1787079
1782459,998886,22457
1787583,1787079
1782459,1787583,998886
1786029,1787583,470883
998886,1787583
1787583,21212,470883,1782459,998886
1787583,21212,470883,998886,1787079
1782459,435225
1787079,435225
998886,22457
1786029,1787079,470883
1787583,22457,435225,1787079
21212,1787079
998886,22457
1787583,21212,22457,435225,1776516
435225,1784937
998886,21212,1776516
1787583,998886
998886,1787583
1782459,1787583,470883,998886
998886,1787079,435225
1782459,1787583,1787079,998886
998886,1787583
998886,1787583,1787079,1784937
1787583,21212,435225,998886
998886,470883
21212,470883
21212,470883
1782459,22457
1787079,435225
998886,1787079,470883,22457
1782459,435225
22457,435225
1787583,21212,22457,1784937,998886,1787079
998886,21212,1787079
1782459,1787583
1787583,22457,470883,1784937
1786029,998886
1786029,21212,1787079
998886,470883
998886,22457
1786029,21212,470883,1784937,998886,435225
22457,435225,1787079
1787583,22457,435225,1784937
1782459,21212,435225
21212,1787079
998886,1787583,1787079,470883
998886,22457
1782459,1787583
1787079,435225
1786029,21212
1787583,998886
1786029,1787583,1776516,470883
21212,470883,998886,1787079,1776516
998886,1787079,1776516
1776516,435225
1782459,1787583
1787583,470883
998886,1787583,1784937
1787583,21212,1787079,998886
21212,470883,998886,1787079,435225
1782459,998886
1782459,1787079
21212,1787079
998886,470883
998886,22457
1782459,998886
1782459,1786029,1787079,470883
1787583,470883
1782459,21212
1782459,1787583
998886,21212
22457,1776516
1782459,1787583
1782459,998886,1787583
1782459,1787583
1787583,470883,1782459,1787079,435225
998886,21212
998886,1787583
998886,1787583,1787079,435225
1782459,1787583
1782459,1787583,470883
1786029,1787079,435225,998886
1787583,21212,998886,1787079,1776516
1786029,21212,22457,998886,1787079,1776516
1787583,435225,1784937
1786029,21212,998886,1787079,435225
21212,435225
1787583,21212,470883,435225,998886,1776516
1787583,21212,1787079
21212,1776516,470883
1787583,1787079
1782459,998886,21212,1787079
998886,435225
1787583,22457
1787583,1776516
1787079,435225
21212,435225,1784937,470883
22457,435225
435225,1784937
1782459,998886,22457
1787583,21212,1782459,435225,998886,1787079,1776516
1787583,21212,22457,470883,1776516,998886,1787079,435225
1787583,470883,477120,998886,1787079
1782459,22457,470883
1787079,435225
1782459,998886
21212,470883
22457,470883
1782459,1787583,470883
1782459,1787583,1787079
1782459,998886
1787079,435225
1787079,435225
1786029,1787583,22457,1782459,998886
1787583,21212,22457,435225
1787583,1787079,1784937
1787583,1787079,998886
1787079,1784937
998886,1787583
998886,21212,435225
1787079,435225
1787583,1784937
1786029,21212,470883,1784937,1782459,1787079
1787583,998886
1787583,470883
1787079,435225
21212,435225
1787079,435225
21212,1787079,470883
1782459,1787583,470883
21212,1776516
1787583,998886
998886,21212
1782459,1784937
998886,1787079
1787079,435225
998886,435225
998886,1787583,435225
1787079,435225
1787079,435225
1782459,1787583
21212,435225
21212,22457,1776516,477120,998886,1787079,435225
998886,21212,1787079,470883
998886,1787079,1784937
1787583,21212,477120,998886,1787079
22457,1787079
1782459,998886,470883
21212,435225
1786029,998886,1787583,1787079
1782459,998886
1782459,1787079
998886,1787079
1782459,998886
998886,1787079,1784937
1787079,1784937,22457
1782459,470883
1782459,998886,1787583
1787583,22457
21212,1787079
1787583,21212,470883,998886
998886,21212,435225,1784937
1786029,1787079,998886,22457
1787583,477120,1787079
1787079,1784937
1787583,1787079,1784937
1787583,1787079
1786029,1787079,22457
1787583,1787079
1787583,1776516
1787079,1784937
1787583,1787079
1787583,1787079,1784937
1786029,1787079,998886
998886,1787079
1787583,1787079
1786029,998886,1787079,1776516
22457,435225,998886,1787079,1776516
1787583,1787079
1787079,470883
1782459,470883
998886,1786029
1787583,1787079,435225
1782459,1787079,470883
1787079,435225
998886,470883,1784937,435225
998886,1787583,1787079
998886,1776516
22457,435225
998886,21212
998886,1787079,435225
1787583,470883,998886
1782459,435225
21212,435225
21212,22457,470883,998886,435225
998886,1787079
1782459,1787583
1782459,1787583,1776516
998886,435225
998886,1787583,22457
21212,470883,1782459,1787079,435225
1782459,435225
1787079,470883
1782459,1787583
1787583,22457,998886
22457,1787079
998886,470883
1782459,998886,470883
22457,1787079
998886,470883
1787583,470883,1776516
1782459,1787583
21212,1776516,1784937
1787583,477120,470883,435225
998886,21212,1786029,435225
21212,1787079,435225
1782459,1787583,998886
21212,435225
1787079,435225,470883
1782459,21212,22457
1787079,435225
22457,470883
21212,1784937
1782459,435225
21212,435225
1787583,21212,470883,1784937,1782459,998886
21212,470883
21212,22457,470883,1782459,477120,998886,435225
1786029,21212,1784937,998886,435225
1787583,22457
1787583,21212,435225
21212,22457
21212,435225
1782459,1787583
1782459,435225,470883
1782459,22457
998886,1787079,1776516,435225
435225,470883
1787583,1787079,435225
998886,22457,470883
21212,470883,1782459,998886,1787079
1787079,435225
998886,1787583
21212,22457,470883,1787079
1782459,998886,1787583,435225
998886,21212,470883
1787583,21212,22457,1776516,1787079,435225
1787079,1784937
998886,1787583,470883
1787079,435225
21212,470883
435225,470883
1782459,21212
1787583,21212,477120,998886,1787079
22457,470883,1784937,998886,1787079
1787583,21212,435225
1787583,477120,21212
1782459,470883
1787079,470883
998886,1787079,470883
1787583,22457
1782459,470883
998886,1787583,22457
1787583,1787079
1787583,1787079
1782459,998886,1787583
998886,1787079,1776516,435225
998886,21212,435225,1784937
1782459,470883,1784937
1787583,21212,470883,998886
998886,1787079
1786029,1787079,998886,22457
1787583,1787079,1784937,998886
1787583,1784937
998886,22457
1787583,22457,477120,998886,1787079,435225
1787079,1784937
1782459,998886,1787079
1782459,998886,21212
998886,21212
998886,1776516
1776516,1784937
998886,1787583
998886,470883
21212,1787079
998886,1787583,22457
1782459,22457
21212,22457,470883,998886,1776516
22457,1784937
1786029,1787583,1776516
1782459,435225
1782459,470883
1787583,21212,22457,1782459,435225,998886,1787079,1776516
1782459,1787583,1787079,470883
21212,1784937
1787583,470883,435225,998886
1782459,998886
1787079,470883
998886,470883
21212,1787079,435225
998886,1787079
998886,1787583,1787079
998886,1787079,1784937,22457
21212,22457
1787583,1787079
1787079,435225,1784937
998886,1787583
1787583,22457
21212,22457,435225,1787079
1787079,470883
998886,1787079,435225
1787583,22457,470883,1776516,998886,1787079,435225
1787583,998886
998886,470883
998886,22457,1787079
1787583,22457
998886,435225
435225,1784937
1787079,435225
1787583,21212
1787079,435225
1782459,1787583,470883,998886
1787583,470883
998886,1787079
1787583,22457,1784937
998886,470883
998886,22457
1782459,1787079
1782459,470883
1787583,21212,22457,470883,1784937,1787079
998886,1787079
1782459,1787583,470883
998886,1787583
21212,1787079,470883
1782459,470883
998886,1787583,1787079
1787583,435225
1782459,998886,1787583
1782459,1786029,21212,998886
21212,1787079,435225
1782459,435225
998886,21212
1787583,1782459,998886,1787079,435225
1786029,470883
1787583,1787079
1787079,435225
1787583,21212,470883
21212,435225
1782459,1787583
1782459,1787583,1776516
1782459,998886,470883
998886,435225
1787079,435225
21212,1787079
22457,470883
1786029,1787079
1787079,1784937
1782459,1787079,470883,1776516
1787583,22457,1787079
998886,1787079
1786029,998886,1787079
998886,1787079
998886,1784937
1787583,21212,470883,435225,998886,1787079,1776516
1782459,435225
21212,435225
998886,470883
1787079,435225
1787583,21212,22457
998886,21212,1787079
998886,1787583,1787079,435225
21212,1787079
1787583,1787079,1776516,998886
1782459,470883
1786029,1784937
21212,1787079
1782459,998886,470883
998886,1787583,470883
1787583,22457
1782459,22457,435225
1786029,1787079
1787583,22457,1787079,998886
1787583,21212,22457,1776516,998886,1787079,435225
1786029,1787583,22457,998886,1787079,1776516
1782459,470883
998886,470883
1787583,1776516,435225
1787079,435225
1787079,470883,1784937
21212,1784937
1787079,435225
998886,435225
1787583,470883
1787583,1787079
1782459,470883
21212,470883,998886,1787079,1776516
998886,470883
998886,1776516,470883
1787583,435225
1787583,998886
1782459,998886,1787079,435225
1787583,1776516,998886
1787583,22457,1784937
998886,1787079
998886,435225
1787583,1787079
998886,435225
1782459,470883,435225
1782459,1786029
1782459,1787583
1787583,470883
998886,21212,22457
1782459,435225
998886,470883
21212,470883
1787079,1784937
435225,1784937
998886,22457
1786029,21212,470883,1784937,998886,435225
1787079,470883
998886,1787079
1786029,1787079
998886,1787079,470883,1784937
1787079,435225
1782459,1787583
1787583,1776516,998886,435225
1787583,22457
1787583,21212,22457,435225
998886,1787583,1787079
1782459,1787583,435225,998886
998886,470883
998886,1776516,435225,470883
1787079,435225
1782459,470883
1787583,470883,998886
1786029,21212,22457,470883,998886
1787583,1787079
1786029,21212,470883,1784937,998886,435225
1786029,21212
1782459,998886
1786029,470883
1786029,21212,22457,470883,477120,998886,1787079
998886,477120,1787079
998886,470883
1782459,470883
1787583,22457,470883
1787079,1776516
998886,1787583
1787583,1786029
998886,470883
1787583,435225
1787583,470883,1782459,998886,1787079,1776516
1787583,21212,22457,998886,1787079
1787583,435225,998886,1787079,1776516
22457,470883,435225,998886,1787079,1776516
21212,1787079
998886,1787079,470883,1776516
998886,1787079
998886,1787583,1787079
1787583,1782459,435225,998886,1776516
1787583,1776516,998886,1787079,435225
1782459,998886,21212
1786029,21212,1787079,435225
1782459,998886,22457
1787583,1787079,1776516,1784937
1787079,470883
1787583,998886
1782459,1787079
1787583,435225
1787583,22457,998886
1787079,435225,1784937
998886,1787583,1786029,1776516
1787079,470883
998886,470883
1787079,435225
998886,22457,435225
1782459,470883
998886,21212,1787079
998886,1787583
1787079,435225
1787583,470883
1787583,22457
1782459,470883
1782459,22457
998886,21212,1787079,435225
998886,470883
1787583,22457,435225
22457,435225
1782459,998886,1787583
1787583,21212,1776516,435225
1787079,435225
998886,1787079
998886,21212,1787079
1787079,435225
1786029,998886
21212,435225
998886,21212,1784937
21212,470883
435225,1784937
998886,470883
1787583,1787079
1787583,998886
998886,1787079
1782459,470883
1786029,470883
1787583,22457,1787079
1787583,21212
1782459,1787079
1786029,21212,470883
998886,1787079,470883,435225
1787079,22457
1787583,21212,22457
22457,470883,998886,1787079,1776516
1786029,21212
1787079,435225,1784937
998886,1787079,435225
998886,1787583
1787079,435225
998886,21212
1787079,435225
1786029,998886,1787079,470883
21212,1787079,1776516
1787079,470883
1782459,21212
1782459,1787583,22457,998886
998886,21212
1786029,470883,1782459,998886,1787079,1776516
1786029,1776516
1787079,435225,1784937
1787079,435225,1776516
998886,21212,1776516
1787583,1787079,470883
21212,22457,998886,1787079,1776516
1787583,21212,22457,1784937,435225,998886,1787079,1776516
998886,21212,22457,1776516
998886,1787079
998886,470883
998886,1784937
1787583,470883,998886
21212,1787079,435225
1787079,435225
998886,1787079,435225
1787583,477120,998886,1787079,435225
477120,435225,470883
998886,470883
1787079,435225
1787079,435225,1784937
21212,435225,1784937
998886,1784937
998886,22457
1786029,21212,470883,1784937,998886,435225
1787079,1784937
1787079,1784937
998886,1787583,22457,1787079
1787079,1784937
998886,1787079
998886,1787079
998886,1787079,22457
998886,1787079
1782459,22457
21212,435225
1782459,1787583,998886
1787583,22457,998886,1787079,1776516
998886,435225
477120,1787079
998886,435225
998886,1787583
477120,470883
1787079,470883,435225
21212,1776516
998886,470883
998886,470883
21212,470883,1784937,998886,1787079,435225
477120,1787079
998886,21212,470883
1787583,1786029,1784937,998886,435225
21212,1787079,477120,1776516
21212,1784937
998886,21212
998886,1787079,1776516,470883
1787079,470883
998886,470883
1787583,22457
998886,477120
1782459,1787583
998886,477120,1787583,470883
1782459,477120,1787079
477120,22457
998886,470883
1787583,22457
1787583,21212,1787079,435225
998886,21212,1787079,470883
1787079,470883
1782459,1787583,435225
998886,1787079
1787079,1784937
1786029,21212,470883,1784937,998886,435225
477120,470883
1787583,1776516
1787583,21212,470883,998886,1787079,1776516
998886,21212,1787079
1787583,477120,22457
477120,1787079
435225,1784937
1787583,21212,1786029,22457,1784937,477120,998886
1787583,1787079
1786029,21212,1787079,1784937
1787583,1787079,998886
477120,1787079
1787583,470883
1786029,998886
1782459,1787079
998886,1787079
998886,1787583
998886,1787079
998886,22457
1786029,477120
998886,435225
1787583,21212,470883,1784937,1776516,998886,1787079,435225
21212,1787079
998886,22457
998886,1787079
477120,435225,998886,1787079,1776516
1787583,1787079,435225
477120,21212,435225,1784937
998886,21212
998886,477120,21212
1787583,470883,1784937
1782459,470883,1784937
1786029,21212,470883,1784937,998886,435225
22457,470883
998886,470883
21212,22457,470883,477120,998886,1787079,435225
1787583,21212,22457,1787079,1776516
1782459,1787583,1787079,435225
998886,1787583
998886,1787079
998886,1787079,1784937
477120,470883
1787583,21212,1787079,998886
998886,21212,1787583,435225
998886,470883
1787079,435225
1787079,1776516,435225
998886,435225
1787583,477120,1787079,435225
477120,1776516,435225
1787079,435225
1787583,435225
21212,470883,1784937,477120,1787079,435225
1787583,22457,1776516
1787583,22457,1782459,477120,1787079,1776516
21212,1787079,1776516
1787583,21212,22457
1782459,1787079
998886,477120
1787079,1776516,470883
998886,477120,1787583
998886,435225
1782459,1786029,22457
998886,470883
21212,1787079
1786029,477120
477120,470883
1787583,470883,477120,435225,1776516
1782459,998886,477120
998886,21212,1787079,470883
998886,470883
1782459,21212
998886,1787079,435225
1787079,470883,1784937
21212,470883
1786029,21212,1787079
1782459,435225,470883
998886,470883
1782459,998886,477120
1787583,477120,435225,998886,1776516
1787079,1784937
1782459,477120,21212
1787583,22457,1776516,1784937
21212,470883,998886,1787079,435225
998886,1787079
1786029,21212,470883,1784937,998886,435225
1782459,470883,435225
21212,1787079,435225
1786029,998886
998886,470883
1782459,1787583,477120,998886
1787583,998886
1787079,1776516,435225
1787583,998886
998886,21212
998886,477120,1787583,470883
477120,1776516
1782459,21212,1784937
21212,22457,470883,998886,1787079,1776516
1787583,998886
477120,1787079,435225
1787079,435225
998886,477120
21212,1787079,1784937,22457
21212,470883,435225
998886,477120
998886,1787079
21212,1776516
22457,1784937,1787079
1787079,1784937
21212,22457,435225
1787583,21212,1787079
1782459,1786029
1787583,470883,1784937
1782459,21212,1787079,470883
1782459,1787583,1786029
1782459,998886,1787079
1782459,1787079
998886,1787079,1776516
1787079,435225,470883
1782459,22457,470883
1787079,1776516
1787079,435225
22457,1787079
1786029,21212,470883,1784937,998886,435225
1786029,1787583,22457,21212,1784937,477120,998886,1787079
1787079,470883,435225
1782459,998886,21212,435225
998886,21212
477120,1776516
998886,477120
21212,435225,1784937
1782459,1787079,435225,22457
1787583,477120
1782459,998886
998886,22457,470883
21212,1784937
1782459,998886,1787079
998886,435225
998886,470883,435225
1787583,21212,477120,1787079,435225
1782459,22457
1786029,1787583,477120,998886,1787079,435225
21212,1784937
1787583,1787079,470883,435225
1787583,477120,998886,1787079,1776516
998886,21212
998886,470883
998886,470883
998886,21212,435225
1787583,21212,22457,470883,477120,998886,1787079,1776516
1787583,22457,1784937,477120,1787079
1787583,21212,1784937,1787079,435225
998886,470883
22457,1784937
998886,1787583,1784937
1787583,435225
1786029,1787079,1784937
998886,21212
477120,1787079,1776516,470883
1787583,435225
1787079,435225,22457
477120,470883,1784937
21212,435225,1776516
998886,470883
1782459,477120,1787079,22457
998886,477120,1787079
1787079,1784937
1782459,998886
1782459,21212
1787583,22457
998886,470883
998886,1787583
21212,1787079,435225
998886,477120
1776516,435225
998886,22457,1787079
477120,1787079,435225
1782459,998886,435225
1786029,22457,1782459,998886,1787079
1787079,1776516
1787079,435225
998886,1787583
1782459,477120
1786029,1787079
21212,435225
1787583,1787079
1786029,21212,470883,1784937,998886,435225
1782459,998886,1787079,435225
1787583,22457,470883,1782459,477120
1782459,998886,470883,1776516
1786029,1787583
1787079,1784937
1787583,22457
998886,1787583
21212,22457
1787583,1786029,1776516,435225
1787583,1787079
1786029,21212,22457,470883,1784937,435225,998886,1776516
998886,1787583
1782459,998886,477120,435225
1782459,998886,22457
1787583,477120,470883
477120,1784937
21212,1787079
1782459,1787583
1787079,435225
998886,477120,1787079,435225
998886,1787583,22457
998886,477120,1787079
1787583,998886
1786029,435225,998886,1787079,1776516
998886,21212,477120,435225
477120,470883
998886,1787079
998886,435225
998886,1787079
998886,1787079,1784937
998886,1787079
1786029,470883
21212,1776516
1782459,470883
998886,21212
1787583,1787079
998886,1787079
1787583,1787079,435225
998886,470883
22457,470883
22457,435225,998886,1787079,1776516
1787583,21212,470883,477120,435225,998886,1787079,1776516
1787079,435225
1787583,1787079,22457
998886,22457
1787079,1784937
998886,1787079
1787583,477120
1782459,477120,470883
435225,1784937
21212,470883
1782459,1787079,435225,22457
998886,21212,470883
1787079,435225
998886,477120,21212,435225
1786029,1784937,477120,435225,998886,1787079,1776516
21212,470883
1782459,998886,1787583
1787079,435225
998886,1787583,1787079
1787079,1776516,435225
1787583,1787079
477120,470883
1782459,998886,435225
1782459,998886
998886,22457
998886,1787079
1787583,1787079,998886
1782459,1787079
998886,470883
1782459,21212
998886,1787079,1776516
1786029,21212,470883,1784937,998886
1787079,1784937
998886,1787079,1784937
998886,21212,1787079,1776516
1786029,21212,470883,1787079,1776516
1786029,21212,22457,470883,1784937,1776516,998886,1787079,435225
22457,435225,1776516
21212,1776516
21212,1787079,22457
435225,1784937
1787583,22457
998886,22457
1787079,435225
998886,470883
22457,1784937,1787079
1782459,998886
1787079,1776516
22457,1787079
1782459,22457
1787079,1776516
1787583,1782459,477120,998886,1787079,1776516
1782459,1787079,435225
998886,1787079,435225
1782459,477120,470883
477120,21212,1776516
1782459,477120
998886,1787079
1787079,1776516
477120,1787079
21212,1787079,1784937
1786029,22457
1787079,1784937
477120,1787079
998886,1787079
1787583,470883,998886
1787583,477120,998886,1787079,1776516
1782459,998886
1782459,22457
1782459,470883
998886,470883
1782459,1787583
1787583,1787079
1787583,998886
21212,477120
1786029,477120
1787079,435225
1787079,435225
1787079,470883
998886,1787079
1787079,435225
1782459,22457
1776516,1784937
1787583,470883,998886
1787079,435225
998886,1787079,435225,1784937
1782459,998886,1787079
1787079,22457
1787583,477120,470883
998886,477120,1787079,22457
22457,1787079
1787583,1787079,998886
998886,1787079
998886,477120
1786029,21212,470883,1784937,998886
998886,22457,470883
1787583,21212,1786029,435225,1787079,1776516
998886,435225
1787079,435225
1787583,22457,1787079
21212,435225
1787583,21212,1776516,435225
1787583,22457
1782459,1787583
998886,1787079
1787583,1776516
21212,435225
470883,435225
998886,21212,477120
1782459,1784937
1787583,998886
1786029,998886
21212,477120
1782459,1787583,21212,22457
1787583,477120
998886,1787079
477120,21212,1776516
1782459,435225
998886,1784937
1782459,477120,470883
998886,1787079
1782459,998886,1787583
435225,22457,1776516,1787079
1782459,21212,470883
1787583,22457,470883
435225,1784937
21212,22457
1787583,22457
998886,1787583,435225
1787079,435225
1786029,21212,470883,1784937,998886
1787583,1787079
998886,21212,470883
1782459,1787583,21212,1784937
998886,1787079
477120,1784937
435225,1784937
1786029,1787583,22457,1784937,1787079,1776516
21212,22457,470883,1784937,998886,1787079,1776516
1787583,998886
1787079,470883
1787079,1776516,435225
1787583,477120,1776516,435225
1782459,1787583
1787583,21212,435225,998886,1776516
21212,1787079
21212,22457
998886,22457
1782459,998886
1786029,22457,1787079
1786029,1787583,1787079
21212,470883,477120,998886,1776516
998886,477120
1787583,21212,470883
998886,1787079
998886,1787583
1787583,1787079
998886,477120
998886,477120,470883
1786029,21212,1776516
998886,477120,1787583
1787583,21212,1787079,435225
1787583,1787079
1787583,477120,470883
470883,1784937
1786029,1787079,998886
1787583,470883
1782459,998886,435225,470883
998886,22457,1776516,1787079
477120,21212
1782459,998886,1787583
1787583,435225
1787583,1787079
1786029,21212,22457,1784937
998886,1787583,435225
1782459,998886,477120
1786029,470883,998886
1786029,1787079,435225
1786029,1787583
1787583,1786029,21212,22457,470883,1776516,477120,998886,1787079,435225
1787079,435225
1787079,1776516,435225
1787079,435225
1786029,477120,21212
1782459,1787583
21212,1784937,1782459,477120,1787079,435225
998886,1787583,470883
1782459,470883
998886,1787079
1787583,477120,435225
1782459,998886,22457
1787583,22457,435225,1787079
477120,470883
1782459,998886
1787583,21212
1782459,477120
1787583,1787079,1784937
1787583,1787079
1787583,21212,998886
1787583,22457,470883,998886,1776516
998886,1787583,1784937
1787583,21212,470883,998886
1787583,1776516
1782459,1786029,1784937
1787079,435225,1784937
1787583,22457,435225,1776516
1787079,435225
1787079,435225
1787583,21212,22457,998886,1787079
1787583,21212,22457,998886,1787079,1776516
477120,22457
998886,21212,22457,1787079
998886,435225
1782459,998886
477120,1787079,435225
1782459,998886,22457,435225
1787583,21212,470883,477120,998886,435225
21212,435225
22457,1776516,1787079
21212,1787079
477120,1787079,435225
1782459,998886
1782459,998886,1787583
1787583,22457
1786029,21212,470883,1784937,998886,435225
998886,435225,1784937
1786029,470883
435225,470883
1782459,470883
1782459,998886,477120,1787079
1782459,1786029,470883
998886,1787079,470883,435225
1787583,477120,1776516
1787583,21212,1787079
21212,1787079,470883
1787583,1776516
1787079,435225
1782459,998886,1787079
1787079,1776516
1787079,470883,22457
21212,1784937,998886,1787079,435225
998886,1787079
21212,1787079,470883
1782459,21212
1787583,477120
998886,1787583,470883,1784937
1787583,21212
1787583,477120
1787583,21212,22457,470883,477120,1787079,1776516
1787583,21212,22457,470883,998886,1787079,1776516
1787079,1784937
1787583,1787079
1787583,1787079,1784937
21212,1787079
1787583,22457,470883
1786029,1787583,470883,1782459,477120
1787583,1787079
1782459,22457,435225
477120,470883
435225,1784937
998886,470883
1787583,21212,22457,1784937,477120,435225,998886,1787079,1776516
1782459,1787583,1787079,435225
1786029,21212,470883,998886,435225
1787079,435225
998886,477120,1787583
1787583,1782459,477120,998886,1787079
1787583,22457,470883,1782459,477120,998886
998886,21212,1787583
477120,435225,470883
1787079,435225
21212,435225
477120,1787079,1776516
1782459,470883
998886,1787583
21212,1787079
1782459,998886,477120,435225
1787583,22457,470883
998886,477120
1787583,22457
998886,435225
21212,470883,477120,998886,1787079,435225
1782459,1786029,435225
21212,477120,998886,1787079,435225
22457,1776516
1782459,1787583,21212,435225
1782459,470883
22457,470883,1787079
1787583,477120
1782459,998886,22457
1786029,477120,1776516,435225
1787583,21212,22457
21212,1784937
1787583,21212,1776516,477120
1782459,22457
1786029,470883,477120,1787079,1776516
1787583,22457,1787079,998886
1787583,21212,22457,998886,1787079,1776516
998886,1787079,1776516
998886,22457
1787583,470883,998886
998886,1776516,470883
998886,1787079
1786029,21212
477120,1787079,435225
21212,1787079
21212,22457
998886,21212,470883,435225
998886,22457,1776516,1787079
1787583,22457,998886,1787079,435225
1787079,435225
1782459,1787583,1787079
477120,470883
21212,22457,435225
1787079,435225
1787079,1784937
1787583,1787079,998886
1787079,435225
1782459,1787583
477120,470883,435225
1787079,1776516
1787583,22457,998886,1787079,1776516
1786029,21212,1784937,998886,1787079,1776516
998886,1787079,435225
998886,21212
1782459,1787583,22457
1787079,435225
1787583,1776516,1784937
21212,477120
477120,470883
1787079,435225,470883
1787079,470883,1784937
1782459,435225
1786029,1784937,998886
1786029,1787079
1787583,21212,22457,470883,1782459,998886,1787079
1782459,470883
1782459,470883
1782459,1786029
1782459,477120
1787079,435225,22457
1787583,435225
1787583,1787079,470883
21212,470883
1787583,470883
1782459,998886
1787583,477120,470883,998886
1787583,22457
998886,1787079
1787079,435225
1782459,998886,435225,1776516
1782459,22457
998886,21212
1787079,435225,1784937
1787583,21212,470883
998886,1787079
998886,22457
1782459,1787079
1786029,22457,470883,1782459,998886,1776516
1787583,21212
998886,1787079,435225
1787583,1776516
21212,22457,470883,1782459,477120,1776516
1782459,1787583
998886,477120,21212
998886,1787079,435225
1782459,1787583
1787583,22457,470883,1784937,1782459,998886
21212,435225
1782459,1786029,470883
21212,477120
21212,435225
1782459,1786029
1787583,435225
1787583,22457,1784937,1787079
1782459,477120,470883
1782459,1787583
1787079,435225,470883
998886,477120
1787583,470883,1776516,1782459,998886,435225
470883,1782459,477120,998886,1787079
477120,470883
1786029,21212,435225,1784937
1787583,1787079,435225
1787079,435225
22457,470883
998886,1787079,435225
1786029,21212,470883,998886,435225
22457,1782459,435225,998886,1787079,1776516
1784937,477120,435225,998886,1787079,1776516
1782459,998886
998886,477120
1787583,477120,1787079
1787079,435225
1782459,477120,1787079
998886,1787079,470883,435225
477120,1787079
998886,1787079,470883
1782459,470883
1786029,1787583,22457,1776516
1782459,998886
1786029,998886,21212,1787079
998886,1787583
1787583,21212,470883,435225,1776516
1782459,470883
1787583,1787079
1786029,21212,22457,477120,998886,1787079
22457,470883
21212,470883,998886,1787079,435225
1787079,435225
1787079,435225,1784937
1787583,435225
1787079,1776516,435225
21212,1787079
998886,1787079
1786029,1787583,470883,477120,1776516
1787583,1784937,1782459,1787079,435225
1787079,435225,470883
1787583,470883
1782459,21212
1787583,22457,1784937,477120,998886
1782459,1786029
21212,1787079,435225
477120,21212,1776516
1782459,1787583
1782459,21212,1787079,435225
1787583,22457,470883,1782459,477120,1787079
477120,470883
477120,22457
1787079,435225
1786029,1787583,435225,1787079
1782459,22457
1787583,1787079
1782459,477120
1787583,22457
22457,477120,998886,1787079,435225
1787583,1776516
1787583,470883
1782459,470883
1782459,22457
998886,1787583,1786029
1782459,1786029
1787583,1782459,477120,998886,1787079
1786029,21212,435225,998886
1787079,470883
1786029,435225
1782459,21212,1787079,1776516
1787583,22457,470883
998886,1787079,470883
1787583,21212,470883,1782459,1787079
998886,22457
998886,1787583,1786029
1786029,1784937
1787583,22457
1787079,435225
1782459,477120,470883
998886,470883
1787583,21212,22457
1787583,1787079,1776516,435225
998886,1787079
1787079,435225
998886,1787583,1787079,1776516
21212,470883
21212,1787079,435225
1782459,1787583,477120,1786029
1782459,470883
1787583,1787079,1784937
21212,22457,470883,1782459,435225,998886,1787079,1776516
1782459,998886,1787583,435225
21212,1784937,1782459,998886,1787079,435225
1787079,435225
1787583,22457,470883,1782459,998886,1787079
1782459,1787583
1787079,435225
1787583,22457,435225
998886,470883
998886,21212,1787079,1776516
1787583,470883,435225,998886
477120,1787079
1787079,435225
21212,470883,477120,1787079,435225
1787583,998886
1786029,22457,1784937,1782459,477120,998886
1782459,477120,470883
1786029,21212,470883,998886,435225
1782459,1787079
998886,1787079,435225
998886,477120
1787583,477120,435225,998886,1776516
1787079,1784937
477120,435225
477120,1787079,470883
998886,1787079
1782459,1786029
998886,1776516
998886,477120
1787583,1787079
1782459,22457
1776516,435225
1782459,1787583,1787079,998886
1786029,21212,22457,470883,998886,1787079,435225
1787583,1787079,470883
1787079,435225,1784937
1786029,1787583,22457,1784937,477120,1787079
1782459,1787583,22457
998886,435225
470883,435225
1786029,22457,470883,477120,1787079,435225
435225,1784937
21212,435225
21212,435225
435225,1784937
1786029,470883
998886,470883
1787079,1776516,435225
1782459,470883
1787583,477120,1776516,435225
1786029,1787079,435225
998886,435225,470883
21212,22457,1784937,998886,1787079,435225
998886,477120,470883
1787583,477120
1782459,21212
1787583,21212
1786029,435225
1787583,477120
22457,477120,998886,1787079,435225
21212,1787079,22457
1787583,22457
1782459,477120,1787079
1787583,1787079
1787583,22457
1787079,435225
477120,1787079,435225
1787583,21212,1786029,1787079
1787079,435225
998886,21212
1787583,1787079
1787079,22457
435225,470883
477120,470883,1784937
1787583,477120,470883
21212,22457
998886,477120
1787079,1776516,435225
1782459,1787583
998886,1787079,435225
998886,470883
1787079,435225
1787583,21212
1782459,1787583
21212,470883,1784937,998886,435225
1782459,1787583,470883,998886
1782459,22457,435225
1787079,435225
1787583,1787079,435225
1776516,435225
470883,1784937,998886,1787079,435225
1787079,435225,1776516
1787583,477120,1787079
1782459,21212
1787583,1787079,435225,998886
1787079,435225
1787583,21212,22457,1784937,1782459,998886
477120,435225,470883
998886,22457
1787583,477120
1787079,435225
1787583,470883,1784937,477120,1787079,435225
998886,477120
1782459,998886,1787079
1787079,22457
1786029,477120
477120,21212,470883
998886,477120,1787079,470883
1787079,435225
435225,1784937
1787079,22457
21212,1787079,435225
1787079,435225,22457
1787079,435225
1787079,435225,1776516
1782459,1787079,435225,1784937
1782459,998886,21212,477120
1782459,1787583
1782459,470883
1782459,998886,1787079
1787583,22457
21212,1787079
21212,477120,1787079
1787583,22457,470883
998886,21212,1776516
1787079,435225
1782459,998886
1787079,435225
998886,21212
1787583,22457
21212,1787079
1782459,998886,470883
998886,477120
998886,477120,470883,435225
1782459,477120,998886,1787079,435225
998886,470883
1787583,998886
1782459,1787583
1782459,21212,22457,1784937
21212,1784937,1782459,998886,1787079,435225
998886,477120,1787583,435225
998886,1776516
1782459,998886
1787079,435225
998886,1787079,1784937
1786029,22457
1782459,1787079
998886,1787079
21212,1787079
21212,435225
998886,470883
477120,470883,435225
1787079,470883
1786029,1787583,1787079,435225
1786029,477120
1787079,1784937
1787079,470883
998886,1787079
470883,1784937
1787583,477120,21212,435225
998886,22457,435225,1787079
998886,21212,22457,1784937
1787583,1776516,435225
998886,435225
1782459,470883
21212,1787079,435225
998886,1787079,470883,435225
998886,1787583
998886,1787079,435225
22457,1776516
998886,477120
998886,1787079
21212,470883
1787583,1787079
1787583,21212,435225
1786029,1787583,470883,477120,435225,1776516
1782459,1786029
1786029,1787583,1784937,477120,1787079
1786029,21212,470883,1784937,998886,435225
477120,21212,470883,1776516
1787583,477120,470883
21212,1787079,477120
1787079,1784937
1787079,1784937
998886,1787583
1787583,477120
21212,1776516
1786029,1787583,998886
998886,1787079,435225
477120,435225
1782459,998886
1787079,435225
998886,1776516
1787079,435225
1787583,21212
1782459,1787079,470883
998886,1787079,435225,1784937
998886,477120,470883
477120,1787079
21212,22457,477120,998886,1787079
1782459,998886
1787079,470883,22457
1787583,22457,470883
1787583,1787079,435225
1787583,470883,477120,998886,1787079
1782459,470883
21212,470883
21212,1787079,435225
1782459,998886
998886,22457
1782459,998886,1787583
998886,22457,470883
998886,1787079,435225,22457
998886,21212,470883,1784937
21212,1784937
998886,470883
1782459,1787583
1787079,435225
1782459,998886
1787583,21212,435225
998886,21212,477120
1786029,21212,1784937,1787079,435225
477120,1787079,435225
1786029,477120,1776516,998886
1787583,998886
1787583,435225
1786029,1787079
1786029,21212
998886,22457
470883,435225,998886,1787079,1776516
998886,21212,1787079,1776516
1787583,435225,998886,1787079,1776516
21212,22457,470883,477120,1787079,1776516
1787583,21212,22457,1784937,998886,1787079
21212,22457,1776516,998886,1787079,435225
1786029,21212,477120,435225,998886,1787079,1776516
1786029,1787583,22457,477120,1787079,1776516
1786029,21212,1787079,1776516
1786029,22457,477120,1787079,435225
1787583,21212,1786029,470883,477120,998886,1787079,435225
1786029,21212,470883,1776516,477120,998886,435225
1787583,22457,470883,477120,998886,1787079,435225
1787583,1786029,21212,22457,1776516,477120,435225
1786029,21212,470883,1784937,998886
1782459,1787583
1787583,477120,435225,1784937
998886,1787079,1776516
1787079,1784937
1786029,1787583,1784937,477120,1787079
1787079,1784937
1786029,21212,1787079,470883
1786029,1787583,22457,470883,998886,1787079,435225
477120,21212,22457
1787079,435225,470883
477120,470883
1787583,477120
1786029,22457
1787583,21212
1787583,22457,1782459,477120,998886,1787079,435225
998886,477120
1787583,21212,1787079,435225
998886,1787583
22457,435225
998886,22457
1787583,22457,470883,1787079,1776516
1786029,477120,470883
1787079,435225
21212,1787079
1782459,998886,1787079,435225
1782459,998886
21212,22457,435225,470883
1787583,1776516,435225
21212,1787079
1787583,470883,1784937
1786029,1787583,22457,477120,998886
1787583,21212,1786029,1782459,1787079
1786029,1787079,1776516,435225
1786029,1787583,22457,1776516,477120,1787079,435225
21212,22457
1787079,1784937
1787583,477120
1787583,1787079,22457
1787079,1784937
998886,470883
1787583,21212
1787079,22457
435225,1784937
470883,1776516
1782459,998886
998886,1787079,435225,1784937
998886,21212,470883,1784937
1787079,435225
1786029,21212,22457,1787583,477120,435225,998886,1787079,1776516
22457,1776516
1787079,1776516
1786029,477120,998886
1786029,477120,21212
998886,477120,1787583,435225
1782459,1786029,21212,435225
1786029,477120,998886
1787079,435225
1782459,1787583
1782459,998886,470883
21212,435225,470883
1782459,435225
21212,1787079,435225
998886,1787583
21212,1787079,22457
998886,22457
998886,21212,435225
1787079,470883
1787583,21212,1784937,1787079,435225
21212,1787079,435225
1782459,998886,21212
1787583,1787079
1782459,998886
1787583,21212
998886,477120
1786029,1787583,22457,1782459,477120,998886,1787079,435225
1787079,1784937
998886,21212
1787583,22457
1782459,1786029,1787583,998886
1787583,21212,1776516
1782459,470883
1787583,21212
1787079,435225
1786029,1787079,435225
1782459,1787583,470883
1782459,21212
1787079,435225
1786029,477120,998886,1787079,435225
998886,21212,470883,1784937
1787079,435225
470883,1784937
1787079,435225
998886,22457
1787583,21212,22457,1784937,998886,1787079,435225
1786029,998886,1787079,1776516
1787583,22457,1784937,477120,998886,1787079
998886,1787079
1782459,470883
435225,1784937
1782459,1787583,21212,1787079
1787079,435225
1787079,435225
1786029,477120,1787079,435225
1786029,21212,22457,435225,998886,1787079,1776516
1782459,1786029
1782459,1787583,477120,470883
1782459,1787583,21212
1787583,22457,435225
1787079,435225,1784937
477120,1787079
22457,1787079
998886,477120
1782459,470883
1786029,21212,1787583,470883,1776516,1787079,435225
21212,435225
1782459,435225
1787079,470883,435225
1786029,21212,470883,1784937,998886
1787583,22457,435225,1787079
1787079,470883
21212,477120,435225,470883
1787583,21212,1782459,435225,1776516
21212,1776516,477120
1787583,21212,22457
1786029,1776516
21212,477120
1786029,477120,998886,1787079,435225
1787079,470883
1787583,477120,998886
1782459,22457
1786029,21212
21212,470883
21212,470883
1782459,470883,435225
477120,470883
1787079,470883
1782459,998886
1787583,1786029
1787583,21212,1787079
998886,1787583
1786029,477120
998886,1787583,1787079,435225
477120,22457
1782459,477120
21212,1784937
22457,435225
22457,435225
1787079,435225
1782459,477120
1782459,470883,435225
477120,470883
1786029,1787079,435225,470883
998886,1787583
998886,470883
1787583,1787079,435225
1787583,1787079
1786029,1787583,1782459,477120,998886,1787079
1787583,1787079,435225
21212,1787079,435225
1787583,22457,1784937,1787079,435225
1786029,21212
1782459,998886,1787583,470883
1782459,477120
21212,1776516
1787583,1787079
1786029,21212,470883,1784937,998886
998886,1787079,470883
21212,1787079,435225,477120
22457,1776516
1782459,477120,1787079
1782459,1787583
1787583,1787079,470883
1786029,1787583,22457,477120,998886,1787079
1782459,1787583,22457,470883
1782459,1787079
1782459,470883,1784937
1787079,435225,22457
1787079,22457
1787583,470883
998886,21212
1787079,470883
1786029,21212,1787079,1776516
1786029,1784937,1776516,998886,1787079,435225
1787583,1786029,1776516,435225
998886,435225
998886,21212
1782459,1787583
1786029,21212
1786029,22457,1784937
998886,1787583,22457
1787583,1787079,470883
1786029,21212,470883,998886,1787079
1782459,998886
1787079,1784937
1782459,998886
1787583,1784937,998886,1787079,435225
1782459,470883,435225
1787583,477120,1787079,998886
477120,470883
1787583,1787079,1776516
1782459,1787079,435225
21212,435225
21212,1787079,477120,435225
1787583,21212,1786029
1787583,470883
1787079,435225
1787583,22457
1786029,21212,22457,1784937,1787079,435225
1787079,435225
1782459,1786029
1786029,1787583,21212,470883,477120,1787079,435225
1782459,1787079,22457
1787079,470883
1786029,1787583,1787079
477120,1787079,470883
1787583,22457,1784937,998886,1787079
1786029,21212,470883,1784937,998886
435225,1784937
1787079,435225
998886,1786029
1786029,1787079,1784937
1787583,477120,1787079,435225
1782459,21212,22457
477120,1787079
998886,1787079
477120,1787079
1787583,1787079,998886
998886,477120
1782459,1786029,470883,998886
1786029,22457,1784937,1782459,1787079
1787583,1787079,1776516,998886
1786029,470883,1782459,998886,435225
998886,477120
1787583,21212,1787079
1786029,435225
1787079,435225
1787079,435225
21212,435225,470883
1782459,435225
1787583,1787079
1787583,21212,998886,1787079,1776516
1787583,435225
21212,470883,1784937,1787079,435225
21212,1787079,1784937
1787079,435225
470883,1784937
1782459,21212
998886,21212
21212,1776516
477120,435225
1782459,435225
1787583,21212,998886
998886,22457,1784937
1787583,1787079,998886
1782459,470883
1786029,21212,470883,1784937,998886,435225
1787583,21212,22457,1787079,1776516
1787583,21212
477120,1776516
1787583,21212
1787079,435225
477120,435225
477120,470883
1787583,1786029,998886,1787079
21212,1787079
1786029,21212,477120
1782459,1786029
998886,470883
1782459,470883
1786029,21212,22457,470883,1776516
477120,1776516
1787079,435225
21212,477120,998886,1787079,1776516
1787583,21212,1786029,1787079,1776516
1786029,21212,1776516,998886
1786029,21212,477120,1787079,435225
1787583,21212,22457,470883,1784937,477120,1787079
1786029,1787583
1787583,21212,1786029,22457,477120,998886,1787079
477120,1784937
998886,1787079,470883
477120,1787079,470883,1784937
21212,1787079
1787583,21212,1786029,470883
470883,1782459,477120,998886,435225
21212,470883
1786029,1787079
998886,1787583
998886,1787583,1786029
477120,1787079,435225,1784937
21212,435225
21212,1787079
1787079,435225
21212,470883,1784937,477120,998886,1787079
998886,470883
21212,22457,1776516
1782459,1786029,477120
1782459,470883
22457,470883
1782459,1786029,470883
1787583,1787079
1787583,21212,1786029,1776516,477120,1787079,435225
1786029,477120
998886,21212
1787583,435225
1787079,435225
21212,477120,1787079,435225
1787583,1787079,435225
1782459,435225
1786029,21212,470883,1784937,998886,435225
1787583,1787079,435225
1787583,477120,1776516
1787583,22457
998886,1787583,1787079,1784937
998886,470883
1787583,1784937,998886
1787583,1787079
1786029,477120,1787583
1787583,477120
1782459,21212
1786029,21212,477120
1787583,998886
1786029,21212,470883,477120,1787079
1787583,21212,22457,1784937,1782459,477120,435225,1787079,1776516
998886,477120
998886,1787079
1787583,22457,1787079
1787583,21212
1782459,1787079,435225
477120,470883
1787583,22457
1782459,21212,477120
1782459,435225
1787079,470883,435225
1787079,435225
22457,470883
1786029,21212
1787079,1784937
1787583,1787079
1786029,1787583
1786029,477120,470883
1782459,470883
1782459,21212
1782459,1787079,1784937
1782459,477120
1786029,21212,22457,470883,477120,435225,1787079,1776516
477120,470883
998886,477120,21212
1786029,21212,470883,1784937,998886,435225
1787583,477120,1787079,1784937
1782459,998886,22457
1787583,1787079
1787079,435225
1782459,1787079
1787583,22457
1787079,435225
998886,1787079
1782459,435225
1787583,477120,22457,998886
1782459,1787583
477120,1787079,470883,435225
1787079,435225
998886,1787079,435225
1782459,477120,1787079
1787079,435225
1786029,470883
998886,21212,477120
1782459,998886
998886,21212
1787583,435225
1787583,22457
1786029,470883
477120,470883,1784937
1782459,998886
21212,1787079,477120
1787079,1776516
1782459,1787583
435225,1784937
1782459,477120,22457
21212,1787079,435225
998886,470883
21212,435225
1787583,21212
1786029,22457,435225
21212,22457,1776516
1786029,21212,470883,435225,1787079,1776516
1787583,21212,22457,477120,998886,1787079
1787079,1784937
1787583,477120,998886
1787079,435225,470883
1787079,435225
1787583,1787079
1782459,470883
21212,435225
1787583,22457
1786029,998886
1787079,435225
1787079,1784937
998886,21212,435225
998886,1787079
1782459,1787079,22457
1787079,435225
1786029,1787079
477120,1776516
1782459,1787583,22457
998886,21212,477120,470883
1782459,470883
21212,435225
998886,1787583,435225,22457
21212,477120,1776516
1786029,21212,1787583,470883,1782459,1787079
1782459,1786029
1782459,998886,470883
998886,21212
1782459,21212,435225
1786029,435225
1782459,21212
1782459,998886,21212
998886,21212
998886,21212,1787079
477120,435225,1784937
477120,21212
1787583,1786029,435225
1786029,1787583,22457,1787079
1787583,1782459,435225,998886,1787079,1776516
1787583,477120,998886,1787079,435225
1787583,21212
998886,22457
1787583,1787079,1784937
1787583,470883
1782459,1787583
1786029,21212,1787079,435225
1782459,1787583
1787079,470883
1786029,470883
998886,21212,1787079
1787583,477120,21212,22457
1787583,470883
1787583,998886
1786029,998886
1786029,1787583,22457,470883,435225,998886,1776516
1782459,998886
1782459,1787583,1786029
1787583,1776516
1787079,435225
1787583,1776516,998886
21212,1784937
477120,1787079,435225,1776516
998886,477120
998886,435225
1782459,22457,470883
477120,22457
21212,22457,470883,1784937,477120,435225,1787079,1776516
1787583,1786029,21212,470883,1784937,477120,998886,1787079,435225
21212,1776516,435225
1782459,1787583,1787079
22457,1787079
1782459,998886,21212,22457
1786029,21212,470883,1784937,998886,435225
1786029,22457,1784937,1787079
22457,435225
1786029,21212,477120
1786029,21212,1787583,435225
1782459,1787079
477120,22457
1782459,998886
1786029,1776516
22457,1787079
1782459,477120
1787583,998886
1787079,435225
1782459,1786029,21212
998886,1787079
1786029,21212,1787079,1784937
1787583,1786029,22457,477120,1787079,435225
998886,470883
1782459,22457
470883,1784937,1782459,998886,1787079,435225
1782459,1787583,435225
998886,1786029,435225
1782459,1787079,435225,22457
477120,470883
1786029,435225,1784937
1787583,470883
1787583,22457
1782459,1787583
998886,22457
1787079,435225
998886,21212
1786029,21212,1784937,477120,1787079,1776516
1782459,1787583
1787583,22457
1782459,22457
22457,1787079
1787079,435225
998886,21212,1787079,470883
1787079,1784937
1782459,21212,1776516,477120
1782459,477120,22457,470883
1782459,21212,1787079
477120,1787079
1786029,1787079
1787079,470883,1784937,435225
21212,22457
1786029,22457,1782459,477120,998886
1787583,470883,1784937,998886,1787079
998886,21212,1787079,435225
1787079,435225
1782459,435225
998886,477120,1787079,435225
477120,470883
998886,1787583,435225
1782459,1787583,22457,998886
21212,470883,477120
1787583,21212,1787079
1787079,1776516
21212,1784937
1786029,21212,470883,1784937,998886,435225
1787583,477120,1787079,435225
1786029,998886
1787583,22457,998886
21212,1787079,435225
1787583,1787079
1786029,477120,998886
998886,1784937
21212,435225
1787583,1786029,1776516,1784937
1782459,1786029
1786029,1787079
998886,21212,1787079,435225
1786029,21212,1787583
1776516,1784937
1786029,1787583,1784937,477120,1787079
1787583,22457
1787583,1787079,470883
21212,477120,470883
21212,1787079,435225
21212,477120
21212,435225
1786029,1787583
1786029,1787079,435225
477120,22457
1786029,22457,470883,1784937,477120,1787079,435225
21212,435225
21212,477120
435225,1784937
1787079,435225
1786029,21212,22457,1784937,1776516,477120,1787079,435225
998886,1787079,470883
21212,435225,1784937
1782459,21212,1787079,435225
435225,470883
1786029,21212,470883,1784937,998886,435225
22457,470883
470883,1784937
1786029,1787079
1787079,435225
1782459,21212,1787079,470883
1787583,1787079
1787079,470883
1786029,1787583,21212,22457,470883,477120,1787079,1776516
21212,22457,1776516
477120,22457,470883
477120,470883
1787583,1787079
1787583,21212,470883,477120,1787079,435225
1782459,998886,470883
21212,435225
1787079,435225
1787583,477120
21212,477120
1787583,1786029,22457,477120,1787079,435225
1786029,470883,477120,1787079,1776516
1787583,21212
477120,470883
1787583,1787079,435225
998886,1787583,1786029
477120,1787079
21212,22457
477120,1787079
21212,1787079,470883
998886,1787583
477120,1787079,470883
998886,1787079,470883,435225
1787583,22457,470883,1782459,477120,1787079
21212,1784937
1782459,1786029
1787079,470883
1786029,477120,1787079,22457
21212,470883,1784937,477120
1786029,477120,21212,1787079
1787583,1787079,470883,22457
21212,435225
1786029,435225
1786029,21212,470883,1784937,998886,435225
1786029,477120,1787583
21212,477120,1776516
1786029,477120
21212,1784937
21212,435225
21212,1787079,435225
1782459,1787079,1784937
1787583,1787079,470883
477120,435225
1782459,470883,1776516
1787583,477120,1776516
1787079,435225
477120,22457
1776516,1784937
1787079,435225
21212,470883,1784937,1782459,998886
1782459,1786029,470883
1787583,1786029,470883,1784937,1787079
1787079,22457
1782459,998886,477120
998886,477120
998886,470883
1787583,470883
1787079,435225
1787583,1787079,470883,998886
1787583,21212,22457,1787079
1782459,998886,1787079
1786029,1787079,1776516,22457
998886,21212,1787079
477120,21212
1782459,1786029,435225
477120,470883
1786029,1787583,22457
1782459,998886,22457
1787583,435225
1787583,477120
1782459,1786029
1786029,477120,21212,470883
1782459,477120,470883
1786029,1787583,22457,21212,470883,1776516
1782459,435225,1776516
1787583,1776516,435225
1787079,1776516
1786029,1787583,998886
1786029,1787583,22457,470883,1784937,1787079,1776516
1787583,1787079
21212,470883,1784937,998886,435225
1787583,1787079,435225
1787079,22457
21212,470883,1784937
1787583,1786029
998886,1787079
1787583,1787079,22457
21212,470883
21212,1787079,1776516
1786029,477120,435225,1787079,1776516
1786029,21212
477120,1787079,22457
998886,1787079
1787583,477120
470883,435225
1786029,21212,1787583,470883,1787079,1776516
1786029,21212,470883,477120,1787079,1776516
1786029,21212
1782459,22457
1787079,435225
1782459,1787079
1787583,1786029,1784937,477120,998886,1787079
1787583,477120
1786029,477120
998886,477120,1787079,1776516
1786029,22457
1782459,1787583
1782459,1776516
22457,1787079
1786029,21212,1787583,477120,998886,1787079,435225
1787079,1776516
1782459,998886
22457,470883,998886,1787079,435225
1787079,435225,1784937,470883
1786029,998886
1782459,1786029,1787079
1782459,1786029,477120
1782459,1787583,470883
1782459,998886,477120,21212
21212,470883
1787583,477120,22457
1782459,470883
1782459,1786029
21212,22457,470883,998886,1776516
477120,435225
1786029,21212,470883,1784937,998886,435225
1787583,435225
998886,1776516
1787583,22457,435225,1776516
1787583,1787079
477120,1787079
477120,1776516
1782459,1786029
1782459,1786029
998886,1787079
21212,1787079,435225
477120,435225
1786029,1784937
1786029,1787583
1787583,477120
22457,470883
1782459,1786029,1787583
1782459,22457
1786029,477120,470883
1786029,21212
1776516,435225
21212,1787079
1782459,1787079
1787583,998886
21212,435225,1784937
1786029,1784937,477120,998886,1787079
21212,1787079
1782459,1787079
1782459,22457,470883
1786029,477120,1787079,21212
1786029,21212,22457,1787583,470883,477120,435225,1787079,1776516
1787583,22457,1782459,1787079,1776516
21212,1784937
1782459,998886,1787079
998886,470883
1782459,1787079
1786029,21212,1784937,477120,435225
1787583,21212,435225
1786029,1787079
21212,470883
1786029,21212,470883,1784937,998886,435225
477120,435225,1784937
1782459,470883
1787583,477120,470883,998886
1787583,477120,435225
1787583,477120,435225,1787079,1776516
21212,470883
1787583,1787079,22457
1787079,470883
1776516,1784937
21212,1776516,435225
1787079,1784937
1782459,1786029
1786029,1787583,1784937,477120,1787079
1782459,1784937
998886,1787583
1782459,998886
21212,1784937
1782459,477120
1787583,1787079
21212,1776516
998886,477120
1787583,435225,1784937
1787079,22457
21212,1787079,477120
21212,1784937
477120,470883
477120,470883
1782459,477120,470883
1787583,21212,22457,470883,477120,1787079
22457,435225,1784937
1782459,1787583,470883
1786029,21212
435225,1784937
1782459,477120,22457
1786029,21212
21212,1787079,470883
22457,470883
1787079,435225
1787583,1787079
1786029,21212,1784937,998886,435225
1782459,1787583,1786029
1782459,998886,1787079,470883
1786029,470883
1782459,22457
1786029,1787583,1787079,21212
1787583,477120,470883
1786029,1787079
1787583,470883
1787583,435225,1784937
1787583,21212,1776516,435225
21212,1787079
1787079,435225
1782459,21212,1787079,435225
1787079,435225
477120,1787079
1782459,1786029
1787583,477120
477120,21212
1787583,21212,22457
1782459,1787583
1782459,22457
1787583,1787079
1782459,1787583
1787583,1776516
1787583,22457
1787079,435225
1782459,1787583
1782459,1786029
1787583,477120,22457
998886,477120,1787079,470883
998886,21212,435225,1784937
1782459,1787583
1787079,1776516
1787583,1787079,435225
1787583,1776516
1786029,1787583,22457,477120,998886,1787079,1776516
1782459,1787079
1786029,998886
1786029,21212,22457,1787583,470883,1784937,477120,435225,1787079,1776516
998886,477120,1786029,1787079
21212,470883
1787583,470883,1784937
1786029,21212,22457,1787583,470883,1784937,477120,435225,998886,1787079,1776516
1786029,1787583,22457,477120,998886,1787079
22457,470883
1782459,1787079,1784937
477120,470883
1782459,470883
1776516,435225
1787583,477120
1787583,1787079
1782459,21212,1787079,435225
21212,1787079,470883
1782459,1786029,21212
1787583,1787079
1782459,1776516
1782459,22457
477120,470883
1787583,1787079
1787583,1784937
1787079,1776516
1782459,470883
1782459,470883
1782459,477120,21212
1782459,1787079
1786029,21212
998886,477120
1782459,477120,470883
1787583,477120,1787079,435225
21212,1787079,435225,1784937
1787583,1786029,1784937,477120,998886
477120,470883
1786029,1787583,470883,477120,1787079,1776516
1786029,22457,470883,1784937,477120,1787079,435225
21212,1787079
1782459,477120
1786029,1787079
998886,435225
1782459,22457
1786029,1787583,21212,477120,1787079,1776516
1782459,1786029
1787583,22457,470883,1782459,477120,1787079
470883,1784937
1787583,21212,1787079
1786029,1776516
1787583,21212,470883,477120,998886,435225
477120,470883
1782459,21212
1786029,1776516
1787079,1784937
21212,1787079
1786029,21212,470883,1784937,998886,435225
477120,1787079
1787583,1787079,1784937
1787583,22457
22457,470883
21212,1787079,1776516
1787583,470883
1787583,470883
21212,470883
477120,470883
1787583,477120,22457,1787079
1787583,1787079,22457
1786029,22457,470883,477120,998886,1787079
1782459,22457
1787583,21212,1787079
1782459,998886,477120,1787079
1776516,470883
1787583,435225
1787583,477120
21212,470883
1782459,1787079
1776516,1784937
21212,1787079,435225
998886,21212,1787079,435225
1786029,22457
477120,470883
1782459,477120
998886,22457,1776516,470883
1782459,998886
1787583,477120
477120,435225
1786029,477120,1776516
1782459,22457
1786029,1787079,470883
1782459,1787583
21212,22457
998886,1787079
1787583,22457
1782459,998886,470883
1787583,1787079
1786029,21212
1787583,22457
1786029,21212,998886
21212,435225
1786029,1787583,22457,1784937,477120,1787079
1787583,21212,22457,477120,998886,1787079,1776516
1787583,1787079,22457
1787583,435225
1776516,470883
1787079,435225,22457
1786029,477120,1787079,470883
477120,470883
1786029,21212,470883,1784937,998886,435225
1782459,477120,1787079,470883
477120,21212
1787583,1787079
998886,1787583
477120,1787079,470883
1787079,435225
998886,477120,1787079
21212,1787079
1787583,1786029
1787583,21212,998886,1787079,435225
1786029,1787583,22457,1784937,477120,998886,1787079
22457,435225
1786029,21212,1784937,477120,998886,1787079,435225
1786029,21212,1787583,1784937,1782459,477120,1787079,1776516
1782459,22457,470883
1786029,1787079
21212,1787079,435225,1784937
998886,1787079
1787583,1787079,435225
1782459,477120
1787583,477120,1784937,998886
1787079,435225
1787079,435225
1782459,1786029
1787079,435225
21212,470883,1784937,1787079,435225
1782459,998886,22457
477120,470883
477120,470883
22457,470883,477120,998886,1787079,1776516
998886,477120,21212,470883
1787079,22457
470883,1784937
998886,477120,1787079
1787583,1787079,998886
1787583,1784937,1782459,435225,998886,1787079,1776516
1786029,21212,22457,1787583,470883,435225,1787079,1776516
1782459,1787583
1787583,1786029,477120,1787079
1782459,22457
1787079,435225
1782459,1787583
1787079,435225
998886,22457
1782459,21212,470883
1782459,470883
1782459,435225
1782459,1787079,435225
1787583,435225
1782459,1787583,470883,435225
1786029,1787583,22457,21212,470883,1784937,477120,435225,1787079,1776516
1782459,1787583
1787079,435225
1786029,21212,470883,1784937,998886,435225
1786029,477120,1787079
1787583,22457
1782459,1787583,1787079
1787079,1784937
1782459,470883
470883,1784937,1782459,1787079,1776516
1787583,22457
1786029,21212,477120,998886,435225
1786029,21212
477120,1787079,22457
998886,21212,1786029
1782459,1786029
1786029,1784937
1782459,1787583,22457,470883
1787583,470883
1782459,1787583,998886
1786029,21212,1784937,477120,998886,1787079
1787583,435225,1776516,470883
477120,21212
1786029,1787583,22457,1784937,477120,1787079
1786029,1787583,1787079,470883
1786029,1787583
1787583,22457
1782459,470883
1787079,1784937
21212,470883,477120
1786029,1787583
21212,435225
1787583,1787079
1786029,21212,1782459,998886,435225
998886,1787079,435225
1786029,21212,435225
1786029,21212,1787079,1776516
1787079,435225
1787079,470883
1782459,1784937
1782459,1784937
1787079,435225
1782459,1787583
22457,435225
1787583,477120
1787079,1784937
998886,21212
1782459,1787079
1782459,1787583
1787583,470883
1787583,21212,1786029,22457,470883,1784937,477120,1776516
1786029,1787583,22457,21212,1784937,477120,435225,1776516
1782459,1787079
1782459,1787583,22457
1787583,1787079,435225
21212,1787079,22457
1786029,21212,470883,1784937,998886,435225
1782459,1787583,477120
1782459,435225
1787583,22457
22457,470883
1782459,1787583,1776516
1782459,477120,1787079,435225
1787079,435225
998886,477120,1787079,470883
998886,477120,470883
1782459,1787583
1782459,470883
1787583,21212,22457,1786029,1776516,1787079,435225
1786029,21212,22457,470883,1784937,435225,1787079,1776516
1787583,22457,470883
1787583,1786029,22457,477120,1787079
435225,1784937
21212,477120
1787583,22457,477120,998886,1787079,435225
1782459,21212,435225
1787583,470883
1786029,1776516,1784937
1782459,1786029,1787079
1787583,21212
1786029,21212
1782459,477120
1787583,1787079
21212,1784937,1782459,477120,1787079
21212,1776516
1786029,1787079
1786029,21212,22457,1787583,470883,477120,1787079,1776516
1787583,1786029,21212,470883,1784937,477120,1787079,1776516
1782459,470883
21212,1787079,435225
21212,22457,1776516
1782459,1787583
21212,22457
477120,470883
1787079,1776516
1787583,1786029
998886,1787583
1786029,22457
1782459,435225,1784937
1782459,1787079
435225,1776516
998886,477120,1787079
477120,470883
1782459,1787583
21212,1776516
477120,1776516
1782459,435225
1787583,435225
1786029,21212,1787583,22457,470883,1776516,477120,1787079,435225
1787583,22457
998886,21212,470883
1787079,435225
1787583,1787079
1787079,1784937
21212,470883
21212,1787079
1786029,21212,470883,1784937,998886,435225
21212,435225,1784937
998886,1776516
477120,470883,1784937
1787583,435225,998886
1782459,477120
1782459,1787079,435225,1784937
1782459,1787583
470883,1784937
1787079,435225
1782459,21212
1786029,477120
22457,1787079
1787583,470883
1786029,21212,1787583,22457,1784937,477120,435225,1776516
22457,1776516
477120,1787079
1782459,470883
1782459,1787079,435225
477120,22457
1782459,998886,21212,1786029
1787583,1786029
21212,435225
1786029,1787079
1787583,21212,477120,435225,1787079,1776516
1782459,1787583
21212,1784937
1786029,1787583,22457,1784937,477120,1787079
1786029,1784937
998886,1776516
477120,1787079,435225
1782459,21212
1787583,470883
477120,470883
998886,21212
1782459,470883
1787583,435225,1784937
1786029,1787583,1787079,1784937
1786029,21212
1782459,21212
1787079,435225
21212,22457,1787079
1787583,1776516
998886,1776516
1787079,435225
1787583,1786029,21212,1782459,435225,1787079,1776516
1787079,435225
1787079,435225
477120,470883
1786029,21212,470883,1784937,998886,435225
1782459,1787079
1782459,22457
21212,1784937
1787583,21212
1787583,470883
1787583,470883
1786029,1787583,22457,21212,470883,477120,1787079
1787583,1786029,22457,21212,470883,1776516,477120,1787079,435225
1782459,1787583
1782459,1787583,470883
1787583,477120
1787583,21212,1787079
1787079,470883
1787583,1786029,22457,477120,1787079
1782459,1786029
1786029,435225
22457,470883
1786029,1784937
998886,1787583,1787079
1787583,477120,1786029
21212,1787079,435225
1787583,21212,1786029,22457,470883,1784937,477120,435225,998886,1776516
1787079,470883
1787583,1787079
998886,477120
1782459,1786029,477120
1786029,1787583,22457,470883,477120,998886,1787079
1787583,1786029,22457,470883,477120,1787079,435225
1787079,22457
477120,1787079
1782459,21212,1787079
1787583,1787079
1782459,1787583,1786029
22457,1784937,1782459,1787079,435225
1787079,470883,435225
1787079,435225
1782459,470883,1776516
1782459,1787583,1787079
22457,435225,470883
1782459,1787583
1782459,1787583,477120,22457
477120,1784937
1787079,435225
1787583,1787079,1776516
1782459,1787583
22457,1784937,998886,1787079,435225
435225,1784937
21212,470883,1784937,998886,435225
1786029,1784937
1782459,22457
1787079,435225
1786029,21212,470883,1787079,435225
1787583,1786029,22457,470883,1784937,477120,998886,1787079
1786029,1787583,22457,477120,1787079
477120,21212
1786029,21212,22457,1787583,470883,1784937,1787079,435225
470883,1784937
21212,470883,1784937,998886,435225
1776516,1784937
1787583,1786029,435225,1784937
1787583,1787079,470883
1787583,435225
1786029,21212
1787079,435225
1782459,1786029
22457,470883
1786029,21212,477120
21212,1776516
1787079,435225
21212,1784937
1782459,1776516
1787583,21212,470883,1776516,1782459,477120,1787079,435225
1786029,21212,22457,1787583,470883,477120,435225,998886,1787079,1776516
1782459,1786029
21212,477120,470883
21212,470883,1784937,998886,435225
1786029,1787583,22457,477120,1787079
1786029,1787583,22457,1784937,477120,1787079
1782459,21212
1787583,22457
477120,22457,435225
1786029,998886
477120,1787079
1787583,1787079,1784937
1787583,1776516
1787583,1787079,998886
1786029,1787583,1787079
1786029,477120,22457,1787079
1786029,1787583,22457,1782459,1787079,1776516
1782459,1787583,22457,435225
1786029,21212,1787583,470883,1782459,477120,435225,1787079,1776516
1782459,477120,1787079,1784937
1786029,21212,22457,1787583,470883,1787079,435225
1786029,435225
1787583,22457
1787583,21212
1786029,21212,470883,1784937,998886,435225
1787583,21212,22457
1787583,1787079,435225
1787079,470883
998886,470883
21212,470883
1786029,1787079
1786029,21212,470883
1787079,435225
1782459,1776516
477120,1776516
1787583,1786029,22457,477120,1787079
1787583,477120,1787079,1784937
1782459,1786029,1787079,1784937
1786029,21212,22457,470883,477120,435225,1787079,1776516
1786029,22457,1784937,477120,1787079
1782459,22457,435225,1787079
1782459,1787583,470883
1782459,22457
21212,470883
1782459,1786029,470883
1787583,477120
1782459,477120
1787583,22457
1787079,1784937
1787079,1776516
998886,477120
1786029,1787583
1786029,1787583,435225
1786029,477120
1782459,21212
1787583,1786029,21212,22457,470883,477120,435225,1787079,1776516
1787583,477120,470883
1787583,22457
1787583,477120
1786029,21212,470883,1784937,998886,435225
477120,1787079
998886,1787079
1787583,21212
1782459,1786029
1782459,470883
1787079,1784937
477120,470883
1782459,998886,470883,1784937
1786029,477120,470883
1782459,1787583,435225
1787079,435225
21212,1787079,435225
1787583,470883
1786029,21212,1787583,22457,470883,477120,998886,1776516
1786029,435225
1786029,22457
1782459,470883
998886,1787583,1776516,1787079
998886,21212,435225,470883
1786029,1787583
21212,435225,1784937
22457,470883
477120,1787079
1786029,1787583,1784937,477120,1787079,1776516
1787583,1786029
1786029,1787583,22457,1784937,477120,1787079
477120,22457
1787583,21212,435225
1782459,1787583
21212,470883,477120
1786029,21212,1776516
1787583,1787079
1787583,1787079
1786029,470883
1782459,435225,1776516,470883
1782459,998886,22457,435225
1782459,21212,22457
1787583,470883
998886,22457
1787583,1786029,22457,21212,470883,1784937,1776516,477120,435225
1786029,1787583,22457,21212,470883,1782459,477120,435225,1787079,1776516
1786029,1787583,22457,21212,470883,1784937,1776516,1782459,477120,998886,1787079,435225
1787079,1776516
1787079,435225
1787079,435225
1787583,477120
998886,21212,1787079,470883
1786029,21212,470883,1784937,998886
21212,22457
1787583,435225
1787079,435225
1782459,21212,1787079
470883,1784937,1776516
1782459,1787583
21212,1787079
1782459,1787079
1787079,1784937
1782459,1787079,435225
1786029,21212,22457,477120,998886,1787079,1776516
1787583,21212,477120
1787583,1787079
1782459,1787583
1786029,1787583,22457,1784937,477120,1787079
22457,470883
1787079,1776516
22457,1787079
1782459,1787583,22457
1782459,1787583
1787583,21212
1787583,21212
1787583,1787079
21212,1784937
1787079,435225
21212,435225
21212,1787079
1786029,21212,22457,1787583,470883,1782459,477120,998886,1787079
1786029,21212,22457,1787583,470883,477120,435225,1787079,1776516
1786029,1787583,22457,1784937,1787079
1786029,21212,470883,1784937,998886,435225
1787583,1784937
477120,435225
1782459,1776516
1787583,1787079,435225
477120,22457
21212,1776516,470883
1786029,1787583,22457,21212,470883,1784937,477120,1787079,435225
477120,435225
1787583,470883
477120,1776516
1786029,21212,22457,1787583,1784937,1782459,477120,435225,998886,1787079,1776516
1786029,21212,470883,1784937,998886
1786029,1787079,1784937,22457
1787583,435225
1787583,21212,22457
1787583,22457
1787583,21212
1787583,22457
1787583,21212
1787583,21212,22457
1787583,21212,22457
21212,22457
1787583,21212,22457
1787583,21212,22457
1787583,22457
1787583,22457
1787583,21212,22457
1787583,22457
1787583,21212
1787583,21212,22457
1787583,21212,22457
1787583,21212
1787583,22457
1787583,21212,22457
21212,22457
1787583,21212
1787583,21212,22457
1787583,21212,22457
1787583,22457
21212,22457
1787583,21212,22457
1787583,21212,22457
1787583,22457
1787583,21212,22457
21212,22457
1787583,21212,22457
1787583,21212
1787583,22457
1787583,21212
1787583,22457
1787583,21212
1787583,21212
1787583,22457
1787583,22457
1787583,22457
1787583,22457
1787583,22457
1787583,21212,22457
1787583,21212,22457
1787583,21212,22457
1787583,21212,22457
1787583,22457
21212,22457
1787583,21212,22457
21212,22457
1787583,21212
1787583,21212,22457
1787583,21212
1787583,22457
1787583,22457
1787583,21212
1787583,22457
1787583,22457
1787583,22457
1787583,21212,22457
1787583,21212
21212,22457
1787583,22457
1787583,21212
21212,22457
1787583,22457
1787583,22457
1787583,22457
1787583,21212
21212,22457
1787583,22457
21212,22457
1787583,22457
1787583,22457
1787583,22457
1787583,21212,22457
1787583,21212,22457
1787583,21212
1787583,22457
1787583,22457
1787583,21212,22457
1787583,21212
1787583,22457
1787583,22457
21212,22457
1787583,21212
1787583,22457
1787583,22457
1787583,22457
21212,22457
1787583,22457
1787583,22457
21212,22457
1787583,21212
1787583,21212,22457
21212,22457
1787583,21212
1787583,22457
1787583,21212,22457
1787583,22457
21212,22457
21212,22457
1787583,21212
1787583,22457
1787583,21212
1787583,22457
1787583,22457
1787583,22457
1787583,21212
1787583,22457
1787583,21212,22457
21212,22457
21212,22457
21212,22457
1787583,21212,22457
1787583,22457
1787583,22457
21212,22457
1787583,22457
21212,22457
1787583,22457
1787583,22457
1787583,21212
1787583,22457
1787583,22457
21212,22457
1787583,22457
21212,22457
1787583,22457
1787583,21212,22457
1787583,22457
1787583,21212,22457
1787583,22457
1787583,22457
1787583,21212
1787583,21212,22457
1787583,21212,22457
21212,22457
1787583,21212
1787583,22457
1787583,21212
1787583,21212,22457
1787583,21212,22457
1787583,22457
1787583,22457
1787583,22457
1787583,21212
1787583,21212,22457
1787583,21212
1787583,22457
1787583,22457
1787583,21212
1787583,22457
1787583,22457
1787583,22457
1787583,22457
1787583,21212
1787583,21212
1787583,21212,22457
1787583,21212
21212,22457
1787583,21212
1787583,21212,22457
1787583,22457
1787583,21212
1787583,22457
1787583,22457
21212,22457
21212,22457
1787583,22457
21212,22457
1787583,21212
1787583,21212
1787583,22457
1787583,22457
21212,22457
1787583,22457
1787583,21212
1787583,21212
21212,22457
1787583,22457
1787583,22457
1787583,22457
1787583,21212
1787583,22457
1787583,21212
1787583,21212,22457
1787583,21212
1787583,22457
1787583,22457
1787583,21212
1787583,22457
1787583,21212
1787583,22457
21212,22457
1787583,22457
21212,22457
1787583,22457
21212,22457
1787583,22457
1787583,22457
1787583,21212
1787583,22457
1787583,21212
21212,22457
1787583,21212
1787583,21212,22457
1787583,22457
1787583,22457
1787583,21212,22457
1787583,22457
1787583,21212
1787583,21212,22457
1787583,21212
1787583,21212
1787583,22457
1787583,22457
1787583,21212,22457
1787583,22457
1787583,22457
1787583,22457
1787583,22457
1787583,21212,22457
21212,22457
1787583,22457
1787583,22457
1787583,21212,22457
1787583,22457
1787583,22457
1787583,22457
1787583,21212
21212,22457
1787583,21212
1787583,22457
1787583,21212
1787583,21212,22457
1787583,21212
1787583,21212
1787583,21212,22457
1787583,22457
1787583,21212
21212,22457
21212,22457
1787583,22457
1787583,21212
1787583,22457
1787583,21212,22457
1787583,22457
1787583,21212
1787583,22457
1787583,21212
21212,22457
1787583,22457
21212,22457
21212,22457
21212,22457
1787583,22457
1787583,21212
1787583,21212,22457
1787583,21212,22457
1787583,21212,22457
1787583,21212,22457
1787583,21212,22457
1787583,21212,22457
1787583,21212
1787583,21212,22457
1787583,21212
21212,22457
1787583,21212,22457
1787583,22457
1787583,22457
1787583,21212,22457
1787583,22457
1787583,21212
1787583,22457
1787583,22457
1787583,21212
1787583,21212
1787583,22457
1787583,21212,22457
1787583,21212
1787583,21212,22457
1787583,22457
1787583,22457
1787583,21212
1787583,21212
21212,22457
1787583,21212
1787583,21212
1787583,22457
1787583,21212
1787583,21212,22457
1787583,22457
1787583,21212,22457
21212,22457
1787583,21212
1787583,22457
1787583,21212
21212,22457
1787583,22457
1787583,22457
21212,22457
1787583,21212
21212,22457
1787583,22457
1787583,21212
21212,22457
21212,22457
1787583,21212,22457
1787583,21212
1787583,21212
1787583,21212
1787583,22457
1787583,22457
1787583,21212
1787583,22457
1787583,22457
21212,22457
1787583,21212,22457
21212,22457
1787583,22457
21212,22457
1787583,22457
1787583,22457
1787583,21212
1787583,22457
1787583,21212,22457
1787583,21212
1787583,22457
1787583,21212
1787583,21212,22457
1787583,22457
1787583,22457
1787583,21212,22457
1787583,22457
1787583,22457
21212,22457
1787583,22457
1787583,21212,22457
21212,22457
21212,22457
1787583,22457
1787583,21212,22457
1787583,22457
1787583,22457
1787583,22457
1787583,21212
1787583,22457
1787583,21212
1787583,21212,22457
1787583,22457
21212,22457
1787583,21212,22457
21212,22457
1787583,22457
1787583,22457
1787583,22457
1787583,21212
1787583,21212
1787583,22457
1787583,21212,22457
1787583,21212
21212,22457
1787583,21212,22457
1787583,21212
1787583,21212
1787583,22457
1787583,22457
1787583,21212,22457
1787583,22457
21212,22457
21212,22457
21212,22457
1787583,21212
1787583,21212,22457
1787583,21212
1787583,21212,22457
1787583,22457
1787583,21212
1787583,22457
1787583,22457
1787583,22457
21212,22457
21212,22457
1787583,22457
1787583,21212
21212,22457
21212,22457
1787583,22457
1787583,21212
1787583,21212
1787583,22457
1787583,21212,22457
1787583,22457
21212,22457
1787583,22457
1787583,21212
1787583,22457
21212,22457
1787583,21212
21212,22457
1787583,21212
1787583,21212
21212,22457
1787583,21212,22457
1787583,22457
1787583,21212
1787583,21212
1787583,22457
1787583,21212
1787583,22457
1787583,21212,22457
1787583,21212,22457
21212,22457
1787583,21212
1787583,22457
1787583,21212
1787583,21212
1787583,21212,22457
1787583,21212,22457
1787583,22457
1787583,21212,22457
1787583,22457
1787583,21212
1787583,22457
1787583,22457
1787583,21212
1787583,21212,22457
1787583,21212
1787583,22457
1787583,21212,22457
21212,22457
1787583,22457
21212,22457
1787583,22457
1787583,22457
1787583,21212,22457
1787583,22457
1787583,21212
1787583,21212
21212,22457
1787583,22457
1787583,22457
1787583,22457
1787583,21212
21212,22457
1787583,22457
1787583,22457
1787583,22457
1787583,22457
1787583,21212
1787583,22457
1787583,21212,22457
21212,22457
1787583,22457
1787583,22457
21212,22457
1787583,22457
21212,22457
1787583,21212
21212,22457
1787583,22457
1787583,22457
1787583,21212
21212,22457
1787583,21212
1787583,21212,22457
1787583,22457
1787583,22457
1787583,22457
21212,22457
1787583,21212
21212,22457
1787583,21212
1787583,21212
21212,22457
1787583,22457
1787583,21212
21212,22457
1787583,21212,22457
21212,22457
1787583,22457
1787583,21212
1787583,22457
1787583,21212,22457
1787583,22457
21212,22457
1787583,21212
1787583,22457
1787583,21212
1787583,22457
21212,22457
1787583,22457
1787583,21212
1787583,22457
21212,22457
1787583,22457
1787583,21212
1787583,21212,22457
21212,22457
1787583,21212
1787583,21212
1787583,22457
1787583,22457
1787583,21212
1787583,21212
1787583,21212,22457
1787583,21212
21212,22457
1787583,21212
1787583,22457
1787583,21212
1787583,22457
1787583,21212
1787583,21212,22457
1787583,21212
1787583,22457
1787583,22457
1787583,22457
1787583,21212
1787583,22457
21212,22457
1787583,21212
21212,22457
1787583,21212
1787583,21212
1787583,21212
1787583,21212,22457
1787583,21212
1787583,21212
21212,22457
1787583,21212
1787583,21212,22457
1787583,21212,22457
1787583,21212
21212,22457
1787583,21212
1787583,22457
1787583,21212,22457
1787583,22457
1787583,21212
1787583,22457
21212,22457
1787583,22457
1787583,22457
1787583,22457
1787583,21212
21212,22457
1787583,21212,22457
1787583,22457
1787583,22457
1787583,22457
1787583,21212
1787583,22457
1787583,21212
1787583,21212,22457
1787583,22457
21212,22457
1787583,21212
21212,22457
1787583,21212
1787583,22457
1787583,22457
1787583,22457
21212,22457
1787583,22457
1787583,21212
1787583,22457
1787583,21212
1787583,22457
21212,22457
1787583,21212,22457
21212,22457
1787583,21212
1787583,22457
1787583,21212
21212,22457
1787583,22457
1787583,22457
1787583,21212,22457
1787583,22457
1787583,21212,22457
1787583,22457
1787583,22457
1787583,21212
1787583,21212
1787583,22457
21212,22457
1787583,22457
1787583,21212,22457
1787583,22457
1787583,21212
1787583,22457
1787583,21212,22457
1787583,21212
1787583,21212
1787583,21212,22457
1787583,22457
1787583,22457
1787583,21212,22457
1787583,21212,22457
1787583,21212
1787583,22457
1787583,21212
1787583,21212
1787583,22457
1787583,22457
1787583,22457
1787583,21212
21212,22457
1787583,22457
1787583,22457
1787583,21212,22457
1787583,22457
1787583,21212
1787583,21212
1787583,21212,22457
1787583,21212,22457
1787583,22457
1787583,22457
1787583,22457
1787583,22457
1787583,21212,22457
1787583,21212,22457
1787583,22457
21212,22457
1787583,22457
1787583,21212,22457
21212,22457
1787583,22457
1787583,22457
1787583,21212
1787583,21212,22457
1787583,21212
21212,22457
21212,22457
1787583,21212,22457
1787583,22457
1787583,21212,22457
1787583,21212
21212,22457
1787583,21212
1787583,21212
1787583,21212,22457
1787583,21212,22457
1787583,21212
1787583,21212,22457
1787583,22457
1787583,22457
1787583,22457
1787583,22457
1787583,21212,22457
1787583,21212
1787583,21212,22457
1787583,22457
1787583,22457
1787583,22457
1787583,22457
1787583,21212
1787583,21212,22457
1787583,22457
1787583,21212
1787583,21212,22457
21212,22457
1787583,22457
1787583,21212,22457
1787583,22457
1787583,21212
1787583,21212,22457
1787583,21212
21212,22457
1787583,21212,22457
1787583,21212,22457
1787583,21212,22457
21212,22457
21212,22457
1787583,21212
1787583,22457
1787583,21212
1787583,21212
1787583,21212,22457
1787583,21212,22457
1787583,21212,22457
1787583,21212,22457
21212,1787079,435225,1784937
1787583,1787079
1782459,21212
1787583,1786029,435225
1786029,21212
1782459,21212,1784937
1786029,435225
1786029,21212
1782459,21212,1787079
1782459,1787583,470883
1787583,1776516
1787079,1784937
1786029,470883
1787583,1787079
1786029,21212,1787583,22457,470883,1787079,435225
1787583,1787079
1787583,1787079
1787583,22457
1786029,21212,1787583,470883,1776516,1782459,998886,1787079,435225
1787583,22457,470883,1782459,1787079
1786029,21212
1787079,1784937
1782459,470883
1786029,21212,470883,1784937
1782459,1786029,22457
1782459,1787583,21212
21212,435225
1782459,470883
1782459,470883
1787583,1786029
435225,1784937
1786029,1787583
22457,470883,998886,1787079,435225
1787583,435225
998886,1787079,435225
22457,1776516,998886,1787079,435225
1786029,1787079
1787583,21212,22457,1786029,470883,1782459,998886,1787079,435225
1787079,1784937
1782459,1786029,21212
21212,470883
998886,470883
1787583,1787079
1787583,1786029,21212,470883,1784937,1787079
21212,1787079
1782459,1786029
1782459,1787583
22457,1784937,1787079
998886,470883,1784937,435225
1787583,21212,22457,1787079,1776516
1782459,1786029
1786029,21212,22457,470883,1784937,1787079,435225
1782459,22457,435225,1787079
1787583,1787079,1776516,998886
1782459,998886,21212
1786029,470883
1786029,1787079
1782459,1787583,1776516
22457,435225
21212,470883
21212,1787079
1786029,1787583,22457,21212,470883,1776516,1782459,1787079,435225
1782459,1787583
1786029,21212,22457,1787583,470883,1784937,1787079,435225
1787079,1784937
1787583,22457,470883
22457,1776516
1787079,435225
1787079,470883
21212,1784937
1787583,22457,435225
22457,470883
1787079,435225
1782459,1787583
1782459,1786029,470883
1787583,470883
1782459,1786029,470883
1786029,1787583,21212,22457,470883,1784937,1776516,998886,435225
1782459,1787583
1782459,1786029
1787583,22457
1787583,1787079,470883
1782459,1787583,21212
1787583,470883
1787583,1787079
1782459,22457,470883,1784937
21212,470883
1782459,21212
1786029,21212,22457,1787583,470883,1784937,1776516,998886,1787079,435225
1786029,21212,1787583,470883,1784937,1787079
998886,22457,435225,1787079
22457,435225,998886,1787079,1776516
435225,22457,1776516,1787079
1787079,1776516,435225
21212,470883
1787583,1787079
1787583,21212,22457,1786029,470883,998886,1787079,435225
1787583,21212
21212,435225,1784937
1782459,998886
21212,1776516,470883
998886,1786029
1787079,470883
1787583,1787079
1782459,1787583,1776516
1787583,22457,435225
1782459,21212,1787079
1787079,435225
22457,470883
1786029,1787583,22457,21212,470883,1784937,1782459,998886,1787079,435225
1782459,1787583
1786029,21212,1787079,470883
1786029,1787583
1787079,470883
1782459,1787583
1782459,22457,1784937
1782459,1787079,435225
1786029,470883
1782459,435225
1787583,435225,1784937,470883
21212,470883
21212,22457
998886,1787583
1787583,21212,1786029,1787079
1787583,1776516
1786029,21212,1787583,22457,470883,1784937,1776516,998886,1787079,435225
21212,1784937
1782459,1787583,998886
1787583,998886
1787583,470883
998886,22457,470883,435225
22457,470883,1776516,998886,1787079,435225
470883,435225,998886,1787079,1776516
998886,1787079
1787583,1786029
1786029,21212
21212,470883
1787583,21212,1786029,22457,470883,1776516,1782459,1787079,435225
21212,470883
1782459,435225
1786029,1787583,22457
21212,22457
470883,435225
1782459,1787583,435225
1787079,435225
1786029,21212,22457,1787583,470883,1776516,998886,1787079,435225
1787583,1787079,435225
1787583,21212,1786029,470883,1784937,1787079
21212,1787079,1776516
21212,1787079
1787079,22457
1786029,1784937
1787583,1787079,435225
1786029,1787583,1784937
1786029,21212
1787583,1787079
1786029,1787583,1787079,470883
1782459,1787079,470883
1782459,1787583,1786029,998886
1786029,21212,1787583,22457,470883,1784937,1782459,998886,1787079,435225
1787583,22457,998886
1787583,470883
1787583,21212,22457,1786029,470883,1784937,1782459,1787079,1776516
1782459,22457
1787079,22457
21212,22457
1786029,1787583
1787583,21212,22457
1782459,1786029
1786029,435225,1784937
1787583,21212,1786029,470883
1782459,1786029
1782459,1784937
1787583,1787079
477120,1787079
1787583,22457
1786029,1784937
21212,435225
1787583,21212,1784937,477120,1787079
1787583,1787079
1787079,435225
1782459,998886,1787583
1782459,1787583
1782459,1784937
1787583,1787079,1784937,22457
1787583,21212
1787583,477120
477120,470883
1786029,1787583,21212,470883,1784937,1787079
22457,435225,998886,1787079,1776516
1782459,21212,1787079
1782459,22457,470883
1787079,470883
1787583,470883
21212,435225
1787583,21212
1782459,1784937
1782459,1787583,22457
477120,22457
1787583,477120
1787583,1787079
1787583,22457
1787583,435225
1782459,477120,435225
477120,21212
1786029,21212
1787079,435225
1786029,477120
477120,21212
1787583,435225
1787583,22457,1784937
1786029,435225
1782459,1787583
1786029,435225
1782459,1787583
1787583,470883
1782459,1787583,22457,470883
1786029,477120
1787583,477120
1787583,1787079
477120,22457
1787583,22457
1787583,1787079
1787583,477120
1782459,477120
21212,477120
1787079,435225
1786029,21212,22457,1787583,470883,1782459,998886,1787079
1787583,21212,22457,470883,1784937,1782459,435225,1787079,1776516
1786029,21212,22457,1787583,470883,477120,998886,1787079,1776516
1782459,1787583
477120,470883
1786029,470883
1787583,21212,22457,1786029,470883,1784937,1782459,477120,998886,1787079,435225
1787583,22457,470883,1784937,477120,435225,1787079,1776516
1787079,1784937
1782459,1787583
1786029,1787583
1786029,470883
435225,1784937
998886,1787583
1787583,1786029
477120,1784937
1786029,22457,470883,477120,998886,1787079
1787079,435225
1786029,477120
477120,470883
1787583,470883
1787583,1787079
1787583,477120
998886,21212,22457,470883
1787583,21212,22457,470883,477120,1787079,435225
21212,1784937
477120,470883
1787079,470883
1786029,21212,22457,470883,477120,1787079,435225
1786029,1787079,470883
22457,470883
1787583,21212,477120
1786029,1787583,22457,21212,470883,477120,998886,435225
1782459,22457
1787583,21212,470883,477120,1787079
21212,1784937
998886,22457,1776516
1787079,1776516
22457,1787079
1787079,22457
998886,22457
998886,1776516
1786029,21212,1787583,470883,1784937,1787079
477120,470883
1786029,470883,998886
1787583,477120
1786029,22457,470883
1787583,435225
1787583,477120,998886
1787583,1787079
1787583,1786029
477120,1787079
21212,1787079,470883
1782459,21212,470883,477120
1786029,22457,470883,477120,435225,1787079,1776516
1787583,22457
1787583,1787079
477120,22457
1786029,1787583,470883
1782459,477120,21212,435225
1786029,998886
477120,1787079,1784937
22457,470883
21212,470883,1784937,998886,1787079
1786029,1787583,22457,477120,998886,1776516
1787583,1784937
1782459,1787583
1782459,477120,22457
1787583,21212
1787079,435225,470883
1782459,1787583,477120
1782459,1787583
21212,1787079,1784937
1787583,998886
1786029,22457,470883,1787079,1776516
1787079,1784937
477120,1787079,435225,1784937
1782459,470883
1786029,1776516
1782459,1787583
1782459,1787583,477120,22457
1786029,1787079,1776516,22457
998886,1787583,22457
1787583,477120
1787583,22457,1782459,1787079,435225
998886,1787079,435225,1784937
998886,1787079,435225,1784937
1787583,1787079,435225
1787583,21212,22457,1782459,1787079,435225
1787583,477120,470883
477120,470883
1787583,21212,470883,1782459,1787079
21212,1787079,477120,22457
21212,435225
1786029,470883,477120,435225,1787079,1776516
477120,22457,1784937,1787079
1786029,1787079,470883,1784937
1787079,470883
1787079,1784937
1787583,477120,470883
1787583,22457
1787583,21212,470883,1784937,477120,998886,435225
21212,22457,435225,477120
1787079,1784937
22457,470883,1784937,477120,998886
21212,470883
998886,1787079,435225,1784937
1786029,1776516,435225
21212,435225,1784937,1776516
1787583,470883
1787583,22457
1786029,998886,1787079,1776516
998886,1787583,435225,470883
21212,1784937
998886,1787583
477120,1787079
1782459,477120
1787583,22457
477120,1787079
1786029,1787583,477120,22457
1787583,1787079
1787583,1787079
1782459,1787583,21212,470883
477120,435225
477120,22457
998886,477120,470883
1786029,21212,22457,1782459,477120,1787079,1776516
1787583,22457
998886,1787079,470883
1782459,470883
1786029,1787079,470883,998886
1787079,435225
1786029,21212,22457,477120,1776516
1782459,1787583,477120,22457
1782459,470883
477120,470883
477120,21212,1784937
1786029,21212,1787079,1776516
1782459,1786029
1782459,1787583
1782459,1787583
477120,22457
1782459,1786029,21212,470883
1786029,477120
1787583,998886
1786029,22457,1782459,477120,435225,1787079,1776516
1787079,470883
1786029,21212,1787079,470883
1787583,477120,22457,998886
1782459,1787583,22457,470883
1782459,477120
1786029,1787583,21212,22457,1787079,1776516
477120,21212,470883
1787583,477120,470883,1784937
477120,470883
998886,477120,470883
1787583,21212,22457,1784937
1787583,998886
21212,1787079,435225,1784937
1786029,21212,1787583,470883,1784937,1787079,1776516
1787583,477120
1782459,1787583,477120,22457
1787583,477120,22457
1786029,22457,998886
21212,470883
21212,435225,470883
1786029,1787583,21212,22457,1784937,1782459,435225,998886,1787079,1776516
22457,1787079
1782459,998886,22457,470883
21212,1784937
1782459,1786029
998886,1784937
21212,435225,477120
1786029,1787583,1776516,477120,998886,1787079,435225
1787079,435225
998886,1787079
998886,1787079
998886,1787079,22457
1787583,21212,1787079,1784937
1787079,435225,1784937
21212,1787079,435225
1782459,470883
1787079,1784937
1787583,22457
21212,435225,1784937
22457,470883,1784937,1782459,477120
1787583,1787079,435225,22457
1786029,21212,22457,435225,1787079,1776516
1786029,477120,435225,470883
1787583,21212,1784937
1782459,1787583
22457,435225,1787079
1786029,1787079,470883
435225,470883
1787583,435225
21212,477120
477120,22457
1782459,1787583,477120,22457
998886,477120
1782459,998886,1784937
998886,477120,1787583,22457
477120,470883
1787079,435225,1784937
1787583,470883
998886,1784937
998886,477120
1787583,22457
1786029,21212,1784937,435225,1787079,1776516
1786029,21212,22457,998886,1787079,1776516
1786029,1787583,470883,1784937,477120,998886,1787079,1776516
1787583,1786029,22457,1782459,435225,998886,1787079,1776516
1787583,1787079
21212,470883
998886,22457,1787079
1787079,22457
1786029,1787079,1776516,470883
1787583,1787079,435225
1782459,1787079
998886,1787079
1787583,477120
1787583,22457,470883
998886,477120
1786029,21212,22457,477120,998886,1776516
1786029,21212,1787079
1787079,435225
1787583,1787079
1786029,1787583,21212,1787079
1787079,435225,1784937
998886,1787079
1782459,1787583,21212,22457
1786029,21212,22457,477120,1776516
1787583,21212
1786029,470883
21212,1787079,435225
998886,22457
1787583,22457,1784937
1787583,470883
1787583,470883
477120,22457,435225
1786029,470883,998886,1787079,1776516
1787583,1786029,22457,21212,470883,477120,435225,1787079,1776516
1787079,435225
21212,1787079,477120,1784937
1786029,477120
1787583,477120
477120,470883
1786029,21212,1787583,470883,1784937
998886,1787079
998886,21212,1787079,1784937
1787583,470883
1787583,22457,1787079
1786029,21212,22457,477120,1787079,1776516
1786029,21212,22457,470883,477120,998886,1787079,1776516
998886,1787583,1787079
1782459,477120
1782459,1787583,477120
1786029,477120,998886
1787079,22457
477120,21212
1787583,21212,470883
1787079,1784937
1787583,22457
1787583,477120
1787079,435225
998886,1787079,435225
1787583,21212,470883,477120,1787079,1776516
21212,477120,1787079,470883
21212,477120
1782459,470883
998886,477120,1787079
1787079,435225
21212,435225
477120,1787079
477120,470883
1782459,477120,470883
998886,470883
477120,1784937
998886,1787583,22457,470883
435225,1784937
1787079,470883
1787583,477120
1787583,22457
1787079,1784937
998886,22457
477120,1784937
1787583,1787079,435225,22457
1787583,22457
1787079,435225,22457
998886,21212,435225
1787079,1784937
1787079,435225
998886,1787079
477120,1787079,1784937
998886,1784937
1782459,21212,470883
1787079,435225
1787583,21212,1787079
1787583,22457,470883
1787583,21212,22457,477120,435225
998886,21212,470883
21212,22457,435225,1787079
477120,21212,470883
1787583,1786029,21212,1787079,435225
21212,1787079,22457
22457,470883
1786029,470883
470883,435225
477120,22457,470883
1787583,1784937
477120,21212
1782459,1787583,477120
1786029,477120,22457
1782459,1776516,1784937
21212,22457,1784937,1787079,435225
1787583,21212,22457,477120,1787079,435225
1787583,477120
1787583,22457
1786029,21212,470883
1787583,435225
477120,1787079
998886,477120,470883
1782459,1787583,22457
998886,477120,470883
1787079,470883
21212,22457,470883,477120,1787079,435225
1782459,1787583,477120
1787583,22457
477120,470883
21212,22457,477120
1787583,470883
1787583,22457,470883
1786029,22457
21212,435225,1784937
21212,470883
1786029,470883
1782459,435225
22457,470883,1784937,1782459,477120
1782459,1787583
998886,21212,470883
1787583,22457,435225
1787583,21212,1784937,1782459,477120,1787079
477120,22457,470883
1787583,477120
1782459,1787583,470883
1787583,22457
1787583,1776516
1787079,1784937
477120,21212
998886,22457
1782459,1784937
1787583,477120,22457
477120,22457,470883
998886,21212,470883
1787583,1776516,435225
1787583,21212,22457,1787079,435225
1787583,21212,1787079,435225
21212,435225
1782459,435225
998886,21212,470883,1784937
1782459,477120
477120,470883
477120,1784937
477120,22457
1782459,477120,470883
998886,21212
21212,1787079,435225
998886,1787079,470883,22457
998886,21212,1787079,435225
1786029,477120,1787583,998886
21212,477120
1782459,998886
1782459,1787583
1782459,1787583,1776516
1787583,1787079,435225
1782459,470883
21212,470883
1787583,1787079,998886
1782459,1787583,1787079,998886
1787583,1787079
1786029,477120,1787079,998886
22457,1787079
1782459,477120
1787583,22457
21212,1787079,1784937
21212,435225,1784937
1787079,435225,1776516
1787079,435225
21212,22457,470883,1784937
998886,21212,477120
1776516,1784937
1782459,477120,22457,470883
1787583,22457,477120,998886,1787079
1787583,21212,22457,470883,998886,1787079
1787583,477120,22457
1787583,1787079,470883
1787079,435225
470883,435225
1787583,477120
1787079,22457
1782459,1787583,21212,22457
1776516,470883
477120,22457
1787583,470883
998886,1787079,435225
1787079,435225
1787583,1784937
477120,470883
1787583,22457
1787583,1787079,470883,998886
1787079,435225
1787583,477120
1787583,470883
1787583,22457
1787583,1787079
1787583,21212,470883,1784937,435225,1776516
477120,470883
998886,22457
1786029,477120,435225
1787583,21212,22457,477120,1787079
21212,1787079,470883
1782459,1787583
1787583,21212,22457,1782459,1787079,435225
1787583,477120
21212,22457
1787583,1787079,435225
21212,477120
1787583,435225
998886,1787079,435225
1787079,435225
477120,435225
1786029,1787583,1784937
1786029,21212,470883,1784937,477120,1787079,435225
1787583,477120
1786029,477120,21212,435225
998886,477120,470883
998886,1787079,435225
998886,1787079,435225
998886,470883
998886,21212,1784937
998886,21212
1787583,21212,470883,477120,1787079
1782459,477120,1787079
998886,477120,1787079,470883
1782459,998886,1787583,22457
998886,22457,470883
998886,477120
1782459,1787583
1787583,1786029,21212,998886,1787079,1776516
435225,1784937
1787583,21212,22457,470883,477120
1786029,470883
1787583,470883
998886,477120
1787583,21212,22457,477120,998886
1786029,1787583,1787079,435225
1787583,22457
1787079,435225
1787583,22457,435225,1787079
1787583,1787079
1786029,470883,1782459,477120,998886,1787079
1787583,22457
998886,21212,470883,1784937
1787079,435225
1787079,435225
1787583,21212,470883,477120,1787079,1776516
998886,477120,435225
1787583,1787079,435225,1784937
21212,1787079
477120,470883
1782459,477120,435225
21212,435225
998886,435225
435225,1784937
22457,435225,1787079
998886,1787079,435225
998886,1787079,435225
21212,1787079
21212,1787079
998886,477120,22457
1787583,470883
1787583,21212,22457,470883,477120,998886,1787079,435225
1787583,470883,477120,1787079,435225
1782459,470883
1782459,998886,470883
1787583,470883
998886,1787079
1782459,22457
1787583,21212,470883,477120
1787583,22457
1776516,470883
21212,435225,1784937
477120,435225,1784937,470883
477120,470883
998886,21212,470883,1784937
22457,1784937
1787583,22457
477120,1784937
998886,477120,1787079
1782459,1787079
1787583,1776516
477120,1787079,435225
1787583,477120,435225
1782459,1787583,1784937,998886
998886,477120
21212,477120,998886,1787079,435225
477120,22457
1786029,477120,22457
21212,470883
1786029,470883
21212,477120,1787079,998886
1787583,21212,477120,470883
477120,1787079,470883,435225
1782459,477120
1782459,998886,21212,435225
1787583,477120,470883,435225
1782459,1786029
1782459,470883
477120,22457,435225
1782459,21212,435225
1786029,21212,1787079,435225
21212,470883,1784937
1787079,22457
1787079,435225
1786029,998886
477120,21212
1786029,477120
477120,470883
477120,1787079,435225
1782459,1787583
21212,1787079
1782459,1787079
477120,470883
1786029,477120,1787079
21212,435225,1784937
998886,477120,470883
1782459,1786029,470883
1782459,1787583,435225
477120,1787079,22457
1787583,22457
998886,22457
1782459,22457
998886,1787583
1782459,22457
1782459,1787583,22457
1787079,435225
1782459,22457
1787583,477120
1782459,1787583,470883
1782459,1787583
1787583,1782459,477120,998886,435225
998886,22457
477120,1787079
21212,1784937,477120,998886,1787079
21212,435225
1782459,998886,435225
477120,1787079
1787583,1787079
435225,1784937
477120,1787079,1784937,22457
998886,435225
1786029,1787079,22457
1787079,1776516,1784937,435225
1787079,435225
1787079,1776516,435225
477120,1787079,435225,1784937
1787583,22457
998886,21212,470883,1784937
1787583,22457,470883
21212,477120
21212,1787079,435225
435225,1784937
1787583,1776516
477120,470883
21212,435225,470883
998886,477120
998886,470883
21212,1784937,477120,435225,1787079,1776516
1786029,477120
1782459,1787583,21212,1784937
477120,470883
21212,477120,470883
21212,1787079,477120
1787079,1784937
1787079,435225
435225,1784937
1782459,470883
21212,470883,477120,435225,998886,1787079,1776516
477120,470883
21212,477120,435225
998886,477120,22457,1784937
998886,477120,470883
1786029,477120
1782459,470883
1786029,1776516
1787583,477120,1786029
477120,21212
1787583,470883
477120,22457
21212,1776516,477120
1787079,435225,1784937
1787079,470883
477120,21212,470883,1784937
1782459,477120
1787583,21212
477120,1787079
1787583,21212,1786029,22457,435225,1787079,1776516
1782459,470883
435225,1784937
21212,477120
1787583,21212,477120,998886,435225
22457,1784937
1787583,470883
998886,1786029
477120,470883
1787583,1787079,1784937
1787583,477120,470883
21212,1787079,1784937
1787079,1776516
21212,1787079,22457
1782459,1787583,470883
998886,1787583,1787079,21212
1787583,21212,22457,477120,998886,1787079
470883,435225
1787583,470883
21212,477120
1782459,470883
1787079,435225
1787079,435225
998886,1787079,435225
22457,435225,1784937,1787079
998886,21212,470883,1784937
1787079,22457
998886,1787583,1787079
1782459,1787583
1787583,1786029,22457
1787079,435225
477120,21212
1782459,998886,477120,1787583
1787583,21212,477120,1787079,435225
1787583,470883,1782459,477120,1787079,435225
1782459,1787583
477120,1787079,470883
1787079,470883
998886,21212,1787079
998886,477120
1787583,22457,470883,1787079
1786029,1784937
1787583,22457,477120,998886,1787079,435225
998886,470883
21212,22457
21212,1787079
1782459,470883
21212,435225
435225,1784937
998886,1787079
22457,1784937
1782459,1787583
998886,1784937
1786029,477120
477120,22457
477120,1787079,470883
21212,22457,1784937,1787079,435225
477120,1787079,435225
477120,1787079,435225
998886,21212,470883,1784937
1787079,435225
470883,1784937
1787079,470883,435225
477120,435225
1787583,998886
1787583,22457
1787583,477120
998886,22457
1787079,435225,470883
1782459,1787583
21212,477120
1782459,470883
1786029,1787583
1787079,470883
1787079,470883
21212,22457,470883,477120
21212,1787079
477120,1787079
21212,1776516,477120
1787583,477120,1787079
1787583,998886
1787079,22457
1787583,21212
998886,22457
1787583,1787079
1782459,1786029,477120
1786029,470883
1787079,1784937
477120,21212
477120,22457,470883
1787079,435225
1787583,21212,470883,477120,998886,1787079
998886,477120,1787079
21212,470883,1782459,477120,998886,435225
477120,1787079
477120,22457
1786029,1787583,1787079,998886
21212,477120
1787583,22457
1787583,477120
1787079,435225
1782459,1787583,470883
22457,1784937
1782459,1787079
1787583,22457,470883,998886,1787079,435225
21212,470883,477120
21212,22457,470883,1784937
998886,22457
21212,1787079
998886,21212,1787079,470883
1786029,21212,435225,470883
477120,22457
1787583,477120,1787079,998886
477120,470883
477120,470883
1782459,470883
1787583,477120,470883
477120,21212,470883
998886,470883
1787079,470883,1776516
21212,1787079,470883,435225
998886,477120
1786029,1787583,470883,1782459,998886,435225
1782459,477120,470883
470883,1784937
1787583,435225
998886,477120
1786029,435225,1784937
1787079,470883
1787583,1787079,435225,998886
1787583,470883
21212,435225
1787583,1787079,1776516
1787583,22457,470883,477120,998886
477120,470883
1787583,1786029,470883,1782459,477120,998886
1786029,477120
21212,1776516
1782459,1787583
1787079,435225
1787079,22457
1782459,22457
1787583,1787079
1787583,21212
1782459,1787583,477120,1787079
1787583,21212,1776516,998886
1787583,470883,998886
1786029,21212,470883
21212,22457,470883,477120,998886,1787079
998886,1787583
1787583,22457
1782459,477120,1787079,1784937
1782459,477120
1787583,998886,477120,22457
1787583,1784937
998886,21212
998886,477120,1786029
1782459,1787583
1782459,1787583,477120
998886,1787583,435225,1787079
1787583,477120,470883
1782459,22457
1786029,21212,470883,1784937,998886
1787079,1776516,1784937
998886,1787079
477120,1787079,1784937
998886,477120,21212,470883
998886,477120
1787583,1784937
998886,477120,1787079,22457
477120,470883
477120,1787079
477120,1787079,470883
1787583,22457,1787079
1787079,1776516
1782459,477120
1787583,21212,470883,1782459,998886,1787079
21212,477120,1787079,1776516
477120,435225
1787583,22457,1787079
21212,1787079
1787583,21212,1784937,477120,1787079,435225
1782459,22457
477120,470883
477120,1787079
1782459,477120
1782459,1787079,435225
21212,1784937,477120,998886,1787079
1787583,435225
1782459,1787079
998886,477120,21212
477120,1787079
1782459,470883
998886,435225
477120,21212,470883,1776516
998886,1787583,1776516,435225
1787583,21212,22457
1787583,470883
1787583,1784937
1787583,21212,1787079,477120
1786029,1787583
21212,1787079,1784937
21212,1787079,470883,435225
998886,470883,1784937
998886,1787583,470883
1787583,477120
1776516,470883
1787079,1784937
1787583,470883
1782459,1787583
477120,21212
1787583,477120,470883
1782459,477120
1782459,998886,477120
998886,470883
998886,477120
21212,477120,435225,998886,1787079,1776516
477120,435225
998886,477120,1787079,22457
1787079,435225
998886,22457
21212,1787079
477120,1787079,470883,1784937
1787583,477120,22457,1787079
477120,470883
1787583,435225,998886
1787583,1784937,1782459,1787079,435225
1787583,1787079
1787583,22457,470883,1782459,477120,435225,998886,1787079,1776516
998886,477120,470883
998886,1787583
1782459,477120
998886,21212,470883
1782459,998886,470883
1782459,1787583,998886
22457,470883
998886,21212,470883,1784937
477120,22457
1787583,21212,435225
477120,21212
1786029,22457,470883,477120,998886,1787079
1782459,477120
477120,1787079
1782459,1787583
998886,21212
1782459,477120
1787583,22457,998886,1787079,1776516
21212,1787079,470883
998886,470883
21212,1782459,477120,998886,435225
998886,477120,22457
477120,21212
1782459,477120,435225
998886,477120,435225,470883
22457,435225
1786029,477120
998886,22457
1787583,470883,1784937
1787583,998886,477120,21212
998886,477120
1787583,470883
1787079,435225
1786029,435225
1782459,1787079
1787583,477120,22457
477120,21212,470883
1787583,1776516
21212,470883,1784937,998886,435225
1786029,477120,1787079,435225
998886,477120,1787079
1786029,1787079
1787079,1784937
998886,1787079,435225,1784937
22457,435225,1787079
998886,1787079
1786029,1787079
1782459,470883
1786029,21212,1787079,477120
1782459,998886
21212,1787079
998886,477120
1782459,477120
1782459,22457,1787079
1782459,998886,1787583,470883
1782459,1787583
998886,1787583
1782459,998886,477120
21212,470883
1787583,1786029,435225
998886,470883
477120,470883
998886,435225
998886,470883
1787079,435225
1782459,1787583
477120,1776516
1787583,470883
1786029,470883,1784937
998886,435225,1784937
21212,435225
1782459,998886
1787583,477120
1786029,21212,22457,470883,1776516,1787079,435225
1787583,22457,477120,998886,1787079
1787583,477120,1776516
21212,1787079,435225,1784937
21212,22457,470883,1784937,477120,1787079,1776516
477120,435225
477120,435225,1784937
1787583,477120,1786029,1776516
1782459,470883
477120,470883
1787583,1787079,998886
1787583,1787079
21212,470883,1784937,998886,435225
998886,477120,1787079,435225
998886,1787079,435225
1786029,1787079
998886,477120,21212
1787079,470883
1786029,435225
998886,1787583,1787079,22457
1782459,998886
1786029,477120,1787583
477120,1784937
21212,1787079,22457
998886,1787583
1782459,477120
1787583,22457,998886
1787583,22457,470883,477120,1787079,1776516
1787583,1787079,998886
1786029,1787583,435225
1787583,470883
1787583,21212,1786029,1782459,998886,1776516
998886,1787079
21212,435225
1782459,1787079
22457,1784937,1787079
1786029,477120
1787583,470883,998886
477120,21212
1787583,22457
998886,21212
477120,21212,470883
477120,22457
998886,1787079,435225
21212,470883,477120
1787079,470883
1782459,477120,22457,1784937
1787079,435225
477120,1787079,435225,1776516
1782459,435225
22457,470883
998886,1787079,470883
1787583,21212,470883,998886,435225
1782459,21212,435225
1786029,477120
1782459,1776516
21212,22457,470883,998886,1787079,1776516
1787583,21212,470883,477120,998886,1787079,435225
22457,470883,477120,998886,1776516
1782459,1787583
1787583,477120
435225,1784937
1787583,477120,470883
1787583,21212,22457,1784937,1782459
1782459,998886,21212,1787079
998886,1787079
1782459,998886
1782459,998886
1782459,477120
21212,1787079,435225
1782459,998886,435225
477120,1787079
1787583,22457,998886,1787079,1776516
1787583,1786029,22457,470883,477120,998886,1787079,435225
21212,470883,1784937,998886,435225
1787079,1784937
998886,1787079,22457
998886,22457,1776516,1787079
21212,435225
1787583,21212,22457
1787583,22457,470883
998886,477120
1787583,21212,1784937
1782459,1787583
1782459,477120,1784937
1787583,1776516,1784937
21212,1784937
477120,1787079,435225,22457
1782459,998886
22457,470883
1787583,21212,22457,998886,1787079
22457,435225
1786029,998886,1787079
998886,1787079,1784937
1787583,998886
998886,1787079
1786029,998886
1782459,470883
1787583,1784937
1787583,477120,470883
21212,435225
1787583,21212,435225,1787079,1776516
1782459,477120,1787079,435225
1787583,477120,470883
1787583,21212,1786029,998886
21212,1776516,435225,477120
1782459,477120
998886,1776516
477120,1787079
1787079,435225
1787583,998886
1786029,1776516
21212,1787079,435225
1782459,1786029,21212,470883
1787583,477120,22457
1782459,470883
1787583,1787079
998886,470883
470883,435225
1787583,477120
435225,1784937
21212,1776516,470883
1782459,22457
21212,1787079,470883
998886,477120,470883
1787583,22457,1784937,998886,435225
1787583,21212,22457,470883,998886,435225
1786029,21212,470883
22457,470883
1787079,470883,435225
21212,435225,470883
1782459,1787583
1787583,22457,470883,1784937,435225,998886,1787079,1776516
1787079,435225
1782459,1787583,470883
1787583,998886
21212,470883
1786029,477120,21212,470883
1787583,1786029,470883
1782459,998886,470883
477120,1787079
21212,1787079
1787079,1776516
1786029,1787583,1776516,477120,1787079,435225
998886,477120,22457,435225
1782459,1787583,22457
1782459,998886,470883
1782459,21212,477120
1787583,22457
1787079,435225
1786029,21212
1782459,1787079
21212,1787079,1776516
1787583,22457,470883,435225,998886,1787079,1776516
1786029,1784937
21212,1787079,435225
1787583,998886
21212,1787079,470883
998886,1787079,435225
21212,1787079,470883
1787583,1787079
21212,477120
1787583,1787079
998886,470883
1782459,998886,22457
1782459,1786029,22457
21212,470883,1784937,998886,435225
1787079,1776516
477120,1787079,1784937
1786029,998886
1787079,22457
998886,21212,1787079,435225
998886,1784937
1787583,21212,22457,998886,1787079
1787583,435225
1787583,470883
1786029,22457,1776516,1787079
435225,1784937
1786029,21212,22457,998886,1787079
998886,477120,1787079,22457
21212,470883
470883,1784937
435225,1784937
1787583,22457,470883,998886
1787079,435225,470883
21212,470883,1784937,1776516
998886,477120,1787583,22457
477120,21212,470883
1782459,470883
998886,21212
1787583,477120,1787079,998886
1787079,435225
1787583,477120,998886
21212,435225
998886,1787079
1787583,21212,22457,470883,1782459,998886,1787079,1776516
1787583,1784937
477120,1787079,470883,22457
1787583,477120,22457
1782459,470883,435225
1786029,435225
477120,22457
1782459,1787583
21212,1787079,470883,1784937
998886,22457,435225
22457,1782459,477120,1787079,435225
1787079,1784937
21212,470883,1784937,998886,435225
477120,1787079
998886,477120,1787079
998886,477120,1787079
1787583,470883,1782459,435225,998886,1787079,1776516
21212,1776516,435225,470883
1786029,477120,22457,1776516
1782459,1787079
21212,470883
477120,1787079
1782459,1787583,477120,470883
1787583,22457,470883,1784937
998886,1787079
21212,1784937,1782459,1787079,435225
998886,1776516
22457,435225
998886,1776516
1787583,22457
1787583,21212,470883,1782459,435225
22457,470883
998886,22457
1786029,22457
22457,1776516
1782459,470883
1782459,477120
1782459,470883
1787583,1776516
1787583,470883
21212,22457
1786029,1787583,1787079,435225
1787583,21212,998886,1787079,1776516
1787583,1776516
998886,21212,1786029,477120
1782459,470883
998886,1787079
477120,470883
21212,435225
470883,1782459,998886,1787079,435225
21212,470883
21212,470883
998886,21212
22457,1787079
1782459,998886,21212
1787079,1776516,435225
998886,21212
1787583,470883,998886
1787583,1786029,470883,998886
477120,21212,470883
1787583,477120
1782459,21212,470883,477120
1787583,470883
1787583,470883
1787583,470883,435225,998886,1787079,1776516
1786029,21212,1782459,477120,998886,1787079
1782459,21212
1782459,21212
998886,22457
1787079,1784937
998886,1787583,22457,470883
998886,1787583,22457,470883
1782459,470883
1787583,21212,470883,477120
1787583,470883
1786029,21212,1784937,477120,998886,435225
1787583,21212,22457,470883,1784937,477120,998886
21212,1776516
998886,477120,1776516
1782459,1787583,21212
1782459,470883
998886,1787583,1787079,470883
1787079,435225
21212,1787079,477120
1782459,1787583,435225
1787583,21212
998886,470883
998886,1787079
1787583,435225,998886
1786029,21212,470883,1784937,998886,435225
1787583,1787079,435225,470883
1787583,998886
470883,1784937,435225
1782459,470883
998886,1776516
998886,21212,435225
1787583,21212,22457,1784937,998886,1787079
1782459,470883
21212,470883
1787583,470883
1782459,1784937
1787583,22457,998886,1787079,435225
1787079,435225
1787583,21212,1776516,1784937
21212,1776516
1786029,1787079,435225
998886,1787583,1786029,1787079
21212,1787079
477120,21212,1776516
998886,470883
998886,1787079
998886,22457
1782459,1787583
1787583,435225,1776516
21212,477120,1787079,1776516
1782459,22457
1782459,998886,22457
1782459,470883
435225,1784937
1786029,21212,1787079,435225
998886,470883,1784937
1782459,998886
435225,1784937
998886,1787583
21212,470883
998886,1787583,1787079
1782459,998886,22457
1787079,435225
998886,477120,470883
1782459,21212
22457,435225
21212,22457,998886,1787079,1776516
21212,1787079,477120
1786029,1787079
477120,21212,435225,22457
998886,435225,470883
998886,1776516
1787583,998886
477120,1787079
1782459,998886
1786029,1787079
1787583,22457,470883,998886,1787079
1787583,21212,1782459,1787079,435225
998886,477120
1787583,22457
1787583,998886
22457,470883,435225
21212,470883
1782459,1787583,470883,998886
1786029,21212,470883,1784937,998886,435225
21212,470883
1782459,998886,1787583
21212,470883
998886,22457
1787583,435225
1782459,21212,435225
998886,1776516,435225
1787583,21212,22457,998886
1787583,22457
1782459,21212
1782459,998886,1787079
1782459,470883
998886,1787079,435225
1782459,1787583
1787583,21212,1776516,1784937
998886,435225
470883,1784937
1787079,435225
1787583,1787079,435225
21212,470883
1782459,998886
21212,1787079,470883
1782459,1787583,22457
1787583,998886
21212,435225
1782459,1787583,998886
1782459,998886,1787583,1776516
22457,470883,435225
1787583,470883
1782459,470883
1787583,998886
998886,1776516
998886,470883
1782459,470883
1787583,1787079,470883,998886
22457,435225
1782459,998886
1786029,1776516
998886,1787079,435225
1787583,1787079
1782459,1787583,21212,470883
1782459,1787583,998886
1782459,998886
998886,1787583
21212,1787079,22457
1782459,1787583,998886
1787583,1787079
1782459,998886,22457
998886,1787079,1776516
998886,1787079,435225
1787079,435225,470883
1782459,1787583,22457
998886,1787079
998886,21212
21212,22457,470883
998886,21212,470883
1782459,998886
1787583,1787079,435225,1784937
1782459,998886,21212,22457
1787079,435225
1787079,435225
1782459,470883
1782459,21212,470883
998886,1787583
21212,470883
1787079,435225
998886,1787079
998886,477120,1787079
998886,1787079
998886,477120,1787079
998886,477120
998886,22457,1787079
1782459,998886
1782459,22457
435225,1784937
1786029,21212,470883,1784937,998886,435225
1787079,470883
1787079,435225,22457
1787583,1787079
21212,22457
21212,1784937
21212,1787079
1787583,1787079,435225
1786029,21212,998886
998886,470883
1782459,22457
1787583,22457
1782459,1787583,21212
998886,470883
1787079,435225
1782459,470883
998886,1787583
1787583,998886
998886,1787079,435225
1787583,21212,22457,477120,435225,998886,1787079,1776516
1787583,1776516
998886,470883,1784937
1787583,998886
1787583,435225
1787583,1786029,470883,435225,998886,1787079,1776516
1787583,21212,22457,1782459,435225,998886,1787079,1776516
1787583,21212,22457,477120,998886,1787079,1776516
1787583,21212,22457,1787079
21212,1787079
998886,1787079,470883,435225
1787583,21212,22457,1784937,477120,998886,1787079,435225
1787583,21212,22457,470883,998886,1787079,435225
1787079,470883
998886,1787583,435225
1782459,1786029,1787583
1782459,1787583,470883,998886
1787583,21212,1787079,435225
1782459,470883
1782459,1787583,470883
1787583,21212,22457,470883,1782459,1787079,1776516
1782459,998886,21212,1787583
1787583,1787079
998886,1776516
1787079,470883
998886,21212
435225,470883
998886,1787583
1782459,470883
1787583,1776516
1782459,998886
998886,22457
21212,22457,1782459,477120,998886,1787079,1776516
1787583,1787079,435225
1787583,21212,22457,470883,1782459,477120,1787079,1776516
477120,470883
1786029,21212,435225
1787583,22457,1776516,1787079
21212,435225
1787079,1784937
1787583,998886
1786029,21212,470883,1784937,998886,435225
1787583,22457,998886
998886,1787079
1782459,22457,435225
1787583,21212,22457
998886,1787079,22457
998886,1787079
998886,470883
998886,1787079
998886,1787079,435225,470883
998886,1787583,470883
21212,435225
998886,21212,1787079
1782459,1787583
998886,470883
1787583,22457
998886,21212
998886,21212,470883,1784937
435225,1784937
998886,470883
1787583,21212,470883,1782459,998886
22457,470883
1782459,1787583,998886
1782459,998886
1787583,1786029,22457,470883,1782459,477120,998886
21212,1787079,435225
1787583,470883,998886
1787583,1776516
435225,470883
1787583,470883,1782459,998886,1787079,435225
1787583,22457,1782459,998886,1787079,435225
998886,1787079
1782459,21212
998886,1787079
998886,1787079
998886,1787079
998886,477120,1787079,1784937
1786029,1787079,1784937,998886
998886,477120,1787079,22457
21212,470883,1784937,998886,435225
21212,1787079,435225,470883
1782459,21212,470883
1782459,21212,1787079
1782459,1787583,1787079
998886,21212
1786029,22457,470883,998886
1782459,1787583,435225,998886
1782459,1787583
998886,21212,1786029,1787079
1782459,998886,22457
1787583,1787079
1782459,1787583,998886
1786029,1787583,470883
998886,1787583
1787583,21212,470883,1782459,998886
1787583,21212,470883,998886,1787079
1782459,435225
1787079,435225
998886,22457
1786029,1787079,470883
1787583,22457,435225,1787079
21212,1787079
998886,22457
1787583,21212,22457,435225,1776516
435225,1784937
998886,21212,1776516
1787583,998886
998886,1787583
1782459,1787583,470883,998886
998886,1787079,435225
1782459,1787583,1787079,998886
998886,1787583
998886,1787583,1787079,1784937
1787583,21212,435225,998886
998886,470883
21212,470883
21212,470883
1782459,22457
1787079,435225
998886,1787079,470883,22457
1782459,435225
22457,435225
1787583,21212,22457,1784937,998886,1787079
998886,21212,1787079
1782459,1787583
1787583,22457,470883,1784937
1786029,998886
1786029,21212,1787079
998886,470883
998886,22457
1786029,21212,470883,1784937,998886,435225
22457,435225,1787079
1787583,22457,435225,1784937
1782459,21212,435225
21212,1787079
998886,1787583,1787079,470883
998886,22457
1782459,1787583
1787079,435225
1786029,21212
1787583,998886
1786029,1787583,1776516,470883
21212,470883,998886,1787079,1776516
998886,1787079,1776516
1776516,435225
1782459,1787583
1787583,470883
998886,1787583,1784937
1787583,21212,1787079,998886
21212,470883,998886,1787079,435225
1782459,998886
1782459,1787079
21212,1787079
998886,470883
998886,22457
1782459,998886
1782459,1786029,1787079,470883
1787583,470883
1782459,21212
1782459,1787583
998886,21212
22457,1776516
1782459,1787583
1782459,998886,1787583
1782459,1787583
1787583,470883,1782459,1787079,435225
998886,21212
998886,1787583
998886,1787583,1787079,435225
1782459,1787583
1782459,1787583,470883
1786029,1787079,435225,998886
1787583,21212,998886,1787079,1776516
1786029,21212,22457,998886,1787079,1776516
1787583,435225,1784937
1786029,21212,998886,1787079,435225
21212,435225
1787583,21212,470883,435225,998886,1776516
1787583,21212,1787079
21212,1776516,470883
1787583,1787079
1782459,998886,21212,1787079
998886,435225
1787583,22457
1787583,1776516
1787079,435225
21212,435225,1784937,470883
22457,435225
435225,1784937
1782459,998886,22457
1787583,21212,1782459,435225,998886,1787079,1776516
1787583,21212,22457,470883,1776516,998886,1787079,435225
1787583,470883,477120,998886,1787079
1782459,22457,470883
1787079,435225
1782459,998886
21212,470883
22457,470883
1782459,1787583,470883
1782459,1787583,1787079
1782459,998886
1787079,435225
1787079,435225
1786029,1787583,22457,1782459,998886
1787583,21212,22457,435225
1787583,1787079,1784937
1787583,1787079,998886
1787079,1784937
998886,1787583
998886,21212,435225
1787079,435225
1787583,1784937
1786029,21212,470883,1784937,1782459,1787079
1787583,998886
1787583,470883
1787079,435225
21212,435225
1787079,435225
21212,1787079,470883
1782459,1787583,470883
21212,1776516
1787583,998886
998886,21212
1782459,1784937
998886,1787079
1787079,435225
998886,435225
998886,1787583,435225
1787079,435225
1787079,435225
1782459,1787583
21212,435225
21212,22457,1776516,477120,998886,1787079,435225
998886,21212,1787079,470883
998886,1787079,1784937
1787583,21212,477120,998886,1787079
22457,1787079
1782459,998886,470883
21212,435225
1786029,998886,1787583,1787079
1782459,998886
1782459,1787079
998886,1787079
1782459,998886
998886,1787079,1784937
1787079,1784937,22457
1782459,470883
1782459,998886,1787583
1787583,22457
21212,1787079
1787583,21212,470883,998886
998886,21212,435225,1784937
1786029,1787079,998886,22457
1787583,477120,1787079
1787079,1784937
1787583,1787079,1784937
1787583,1787079
1786029,1787079,22457
1787583,1787079
1787583,1776516
1787079,1784937
1787583,1787079
1787583,1787079,1784937
1786029,1787079,998886
998886,1787079
1787583,1787079
1786029,998886,1787079,1776516
22457,435225,998886,1787079,1776516
1787583,1787079
1787079,470883
1782459,470883
998886,1786029
1787583,1787079,435225
1782459,1787079,470883
1787079,435225
998886,470883,1784937,435225
998886,1787583,1787079
998886,1776516
22457,435225
998886,21212
998886,1787079,435225
1787583,470883,998886
1782459,435225
21212,435225
21212,22457,470883,998886,435225
998886,1787079
1782459,1787583
1782459,1787583,1776516
998886,435225
998886,1787583,22457
21212,470883,1782459,1787079,435225
1782459,435225
1787079,470883
1782459,1787583
1787583,22457,998886
22457,1787079
998886,470883
1782459,998886,470883
22457,1787079
998886,470883
1787583,470883,1776516
1782459,1787583
21212,1776516,1784937
1787583,477120,470883,435225
998886,21212,1786029,435225
21212,1787079,435225
1782459,1787583,998886
21212,435225
1787079,435225,470883
1782459,21212,22457
1787079,435225
22457,470883
21212,1784937
1782459,435225
21212,435225
1787583,21212,470883,1784937,1782459,998886
21212,470883
21212,22457,470883,1782459,477120,998886,435225
1786029,21212,1784937,998886,435225
1787583,22457
1787583,21212,435225
21212,22457
21212,435225
1782459,1787583
1782459,435225,470883
1782459,22457
998886,1787079,1776516,435225
435225,470883
1787583,1787079,435225
998886,22457,470883
21212,470883,1782459,998886,1787079
1787079,435225
998886,1787583
21212,22457,470883,1787079
1782459,998886,1787583,435225
998886,21212,470883
1787583,21212,22457,1776516,1787079,435225
1787079,1784937
998886,1787583,470883
1787079,435225
21212,470883
435225,470883
1782459,21212
1787583,21212,477120,998886,1787079
22457,470883,1784937,998886,1787079
1787583,21212,435225
1787583,477120,21212
1782459,470883
1787079,470883
998886,1787079,470883
1787583,22457
1782459,470883
998886,1787583,22457
1787583,1787079
1787583,1787079
1782459,998886,1787583
998886,1787079,1776516,435225
998886,21212,435225,1784937
1782459,470883,1784937
1787583,21212,470883,998886
998886,1787079
1786029,1787079,998886,22457
1787583,1787079,1784937,998886
1787583,1784937
998886,22457
1787583,22457,477120,998886,1787079,435225
1787079,1784937
1782459,998886,1787079
1782459,998886,21212
998886,21212
998886,1776516
1776516,1784937
998886,1787583
998886,470883
21212,1787079
998886,1787583,22457
1782459,22457
21212,22457,470883,998886,1776516
22457,1784937
1786029,1787583,1776516
1782459,435225
1782459,470883
1787583,21212,22457,1782459,435225,998886,1787079,1776516
1782459,1787583,1787079,470883
21212,1784937
1787583,470883,435225,998886
1782459,998886
1787079,470883
998886,470883
21212,1787079,435225
998886,1787079
998886,1787583,1787079
998886,1787079,1784937,22457
21212,22457
1787583,1787079
1787079,435225,1784937
998886,1787583
1787583,22457
21212,22457,435225,1787079
1787079,470883
998886,1787079,435225
1787583,22457,470883,1776516,998886,1787079,435225
1787583,998886
998886,470883
998886,22457,1787079
1787583,22457
998886,435225
435225,1784937
1787079,435225
1787583,21212
1787079,435225
1782459,1787583,470883,998886
1787583,470883
998886,1787079
1787583,22457,1784937
998886,470883
998886,22457
1782459,1787079
1782459,470883
1787583,21212,22457,470883,1784937,1787079
998886,1787079
1782459,1787583,470883
998886,1787583
21212,1787079,470883
1782459,470883
998886,1787583,1787079
1787583,435225
1782459,998886,1787583
1782459,1786029,21212,998886
21212,1787079,435225
1782459,435225
998886,21212
1787583,1782459,998886,1787079,435225
1786029,470883
1787583,1787079
1787079,435225
1787583,21212,470883
21212,435225
1782459,1787583
1782459,1787583,1776516
1782459,998886,470883
998886,435225
1787079,435225
21212,1787079
22457,470883
1786029,1787079
1787079,1784937
1782459,1787079,470883,1776516
1787583,22457,1787079
998886,1787079
1786029,998886,1787079
998886,1787079
998886,1784937
1787583,21212,470883,435225,998886,1787079,1776516
1782459,435225
21212,435225
998886,470883
1787079,435225
1787583,21212,22457
998886,21212,1787079
998886,1787583,1787079,435225
21212,1787079
1787583,1787079,1776516,998886
1782459,470883
1786029,1784937
21212,1787079
1782459,998886,470883
998886,1787583,470883
1787583,22457
1782459,22457,435225
1786029,1787079
1787583,22457,1787079,998886
1787583,21212,22457,1776516,998886,1787079,435225
1786029,1787583,22457,998886,1787079,1776516
1782459,470883
998886,470883
1787583,1776516,435225
1787079,435225
1787079,470883,1784937
21212,1784937
1787079,435225
998886,435225
1787583,470883
1787583,1787079
1782459,470883
21212,470883,998886,1787079,1776516
998886,470883
998886,1776516,470883
1787583,435225
1787583,998886
1782459,998886,1787079,435225
1787583,1776516,998886
1787583,22457,1784937
998886,1787079
998886,435225
1787583,1787079
998886,435225
1782459,470883,435225
1782459,1786029
1782459,1787583
1787583,470883
998886,21212,22457
1782459,435225
998886,470883
21212,470883
1787079,1784937
435225,1784937
998886,22457
1786029,21212,470883,1784937,998886,435225
1787079,470883
998886,1787079
1786029,1787079
998886,1787079,470883,1784937
1787079,435225
1782459,1787583
1787583,1776516,998886,435225
1787583,22457
1787583,21212,22457,435225
998886,1787583,1787079
1782459,1787583,435225,998886
998886,470883
998886,1776516,435225,470883
1787079,435225
1782459,470883
1787583,470883,998886
1786029,21212,22457,470883,998886
1787583,1787079
1786029,21212,470883,1784937,998886,435225
1786029,21212
1782459,998886
1786029,470883
1786029,21212,22457,470883,477120,998886,1787079
998886,477120,1787079
998886,470883
1782459,470883
1787583,22457,470883
1787079,1776516
998886,1787583
1787583,1786029
998886,470883
1787583,435225
1787583,470883,1782459,998886,1787079,1776516
1787583,21212,22457,998886,1787079
1787583,435225,998886,1787079,1776516
22457,470883,435225,998886,1787079,1776516
21212,1787079
998886,1787079,470883,1776516
998886,1787079
998886,1787583,1787079
1787583,1782459,435225,998886,1776516
1787583,1776516,998886,1787079,435225
1782459,998886,21212
1786029,21212,1787079,435225
1782459,998886,22457
1787583,1787079,1776516,1784937
1787079,470883
1787583,998886
1782459,1787079
1787583,435225
1787583,22457,998886
1787079,435225,1784937
998886,1787583,1786029,1776516
1787079,470883
998886,470883
1787079,435225
998886,22457,435225
1782459,470883
998886,21212,1787079
998886,1787583
1787079,435225
1787583,470883
1787583,22457
1782459,470883
1782459,22457
998886,21212,1787079,435225
998886,470883
1787583,22457,435225
22457,435225
1782459,998886,1787583
1787583,21212,1776516,435225
1787079,435225
998886,1787079
998886,21212,1787079
1787079,435225
1786029,998886
21212,435225
998886,21212,1784937
21212,470883
435225,1784937
998886,470883
1787583,1787079
1787583,998886
998886,1787079
1782459,470883
1786029,470883
1787583,22457,1787079
1787583,21212
1782459,1787079
1786029,21212,470883
998886,1787079,470883,435225
1787079,22457
1787583,21212,22457
22457,470883,998886,1787079,1776516
1786029,21212
1787079,435225,1784937
998886,1787079,435225
998886,1787583
1787079,435225
998886,21212
1787079,435225
1786029,998886,1787079,470883
21212,1787079,1776516
1787079,470883
1782459,21212
1782459,1787583,22457,998886
998886,21212
1786029,470883,1782459,998886,1787079,1776516
1786029,1776516
1787079,435225,1784937
1787079,435225,1776516
998886,21212,1776516
1787583,1787079,470883
21212,22457,998886,1787079,1776516
1787583,21212,22457,1784937,435225,998886,1787079,1776516
998886,21212,22457,1776516
998886,1787079
998886,470883
998886,1784937
1787583,470883,998886
21212,1787079,435225
1787079,435225
998886,1787079,435225
1787583,477120,998886,1787079,435225
477120,435225,470883
998886,470883
1787079,435225
1787079,435225,1784937
21212,435225,1784937
998886,1784937
998886,22457
1786029,21212,470883,1784937,998886,435225
1787079,1784937
1787079,1784937
998886,1787583,22457,1787079
1787079,1784937
998886,1787079
998886,1787079
998886,1787079,22457
998886,1787079
1782459,22457
21212,435225
1782459,1787583,998886
1787583,22457,998886,1787079,1776516
998886,435225
477120,1787079
998886,435225
998886,1787583
477120,470883
1787079,470883,435225
21212,1776516
998886,470883
998886,470883
21212,470883,1784937,998886,1787079,435225
477120,1787079
998886,21212,470883
1787583,1786029,1784937,998886,435225
21212,1787079,477120,1776516
21212,1784937
998886,21212
998886,1787079,1776516,470883
1787079,470883
998886,470883
1787583,22457
998886,477120
1782459,1787583
998886,477120,1787583,470883
1782459,477120,1787079
477120,22457
998886,470883
1787583,22457
1787583,21212,1787079,435225
998886,21212,1787079,470883
1787079,470883
1782459,1787583,435225
998886,1787079
1787079,1784937
1786029,21212,470883,1784937,998886,435225
477120,470883
1787583,1776516
1787583,21212,470883,998886,1787079,1776516
998886,21212,1787079
1787583,477120,22457
477120,1787079
435225,1784937
1787583,21212,1786029,22457,1784937,477120,998886
1787583,1787079
1786029,21212,1787079,1784937
1787583,1787079,998886
477120,1787079
1787583,470883
1786029,998886
1782459,1787079
998886,1787079
998886,1787583
998886,1787079
998886,22457
1786029,477120
998886,435225
1787583,21212,470883,1784937,1776516,998886,1787079,435225
21212,1787079
998886,22457
998886,1787079
477120,435225,998886,1787079,1776516
1787583,1787079,435225
477120,21212,435225,1784937
998886,21212
998886,477120,21212
1787583,470883,1784937
1782459,470883,1784937
1786029,21212,470883,1784937,998886,435225
22457,470883
998886,470883
21212,22457,470883,477120,998886,1787079,435225
1787583,21212,22457,1787079,1776516
1782459,1787583,1787079,435225
998886,1787583
998886,1787079
998886,1787079,1784937
477120,470883
1787583,21212,1787079,998886
998886,21212,1787583,435225
998886,470883
1787079,435225
1787079,1776516,435225
998886,435225
1787583,477120,1787079,435225
477120,1776516,435225
1787079,435225
1787583,435225
21212,470883,1784937,477120,1787079,435225
1787583,22457,1776516
1787583,22457,1782459,477120,1787079,1776516
21212,1787079,1776516
1787583,21212,22457
1782459,1787079
998886,477120
1787079,1776516,470883
998886,477120,1787583
998886,435225
1782459,1786029,22457
998886,470883
21212,1787079
1786029,477120
477120,470883
1787583,470883,477120,435225,1776516
1782459,998886,477120
998886,21212,1787079,470883
998886,470883
1782459,21212
998886,1787079,435225
1787079,470883,1784937
21212,470883
1786029,21212,1787079
1782459,435225,470883
998886,470883
1782459,998886,477120
1787583,477120,435225,998886,1776516
1787079,1784937
1782459,477120,21212
1787583,22457,1776516,1784937
21212,470883,998886,1787079,435225
998886,1787079
1786029,21212,470883,1784937,998886,435225
1782459,470883,435225
21212,1787079,435225
1786029,998886
998886,470883
1782459,1787583,477120,998886
1787583,998886
1787079,1776516,435225
1787583,998886
998886,21212
998886,477120,1787583,470883
477120,1776516
1782459,21212,1784937
21212,22457,470883,998886,1787079,1776516
1787583,998886
477120,1787079,435225
1787079,435225
998886,477120
21212,1787079,1784937,22457
21212,470883,435225
998886,477120
998886,1787079
21212,1776516
22457,1784937,1787079
1787079,1784937
21212,22457,435225
1787583,21212,1787079
1782459,1786029
1787583,470883,1784937
1782459,21212,1787079,470883
1782459,1787583,1786029
1782459,998886,1787079
1782459,1787079
998886,1787079,1776516
1787079,435225,470883
1782459,22457,470883
1787079,1776516
1787079,435225
22457,1787079
1786029,21212,470883,1784937,998886,435225
1786029,1787583,22457,21212,1784937,477120,998886,1787079
1787079,470883,435225
1782459,998886,21212,435225
998886,21212
477120,1776516
998886,477120
21212,435225,1784937
1782459,1787079,435225,22457
1787583,477120
1782459,998886
998886,22457,470883
21212,1784937
1782459,998886,1787079
998886,435225
998886,470883,435225
1787583,21212,477120,1787079,435225
1782459,22457
1786029,1787583,477120,998886,1787079,435225
21212,1784937
1787583,1787079,470883,435225
1787583,477120,998886,1787079,1776516
998886,21212
998886,470883
998886,470883
998886,21212,435225
1787583,21212,22457,470883,477120,998886,1787079,1776516
1787583,22457,1784937,477120,1787079
1787583,21212,1784937,1787079,435225
998886,470883
22457,1784937
998886,1787583,1784937
1787583,435225
1786029,1787079,1784937
998886,21212
477120,1787079,1776516,470883
1787583,435225
1787079,435225,22457
477120,470883,1784937
21212,435225,1776516
998886,470883
1782459,477120,1787079,22457
998886,477120,1787079
1787079,1784937
1782459,998886
1782459,21212
1787583,22457
998886,470883
998886,1787583
21212,1787079,435225
998886,477120
1776516,435225
998886,22457,1787079
477120,1787079,435225
1782459,998886,435225
1786029,22457,1782459,998886,1787079
1787079,1776516
1787079,435225
998886,1787583
1782459,477120
1786029,1787079
21212,435225
1787583,1787079
1786029,21212,470883,1784937,998886,435225
1782459,998886,1787079,435225
1787583,22457,470883,1782459,477120
1782459,998886,470883,1776516
1786029,1787583
1787079,1784937
1787583,22457
998886,1787583
21212,22457
1787583,1786029,1776516,435225
1787583,1787079
1786029,21212,22457,470883,1784937,435225,998886,1776516
998886,1787583
1782459,998886,477120,435225
1782459,998886,22457
1787583,477120,470883
477120,1784937
21212,1787079
1782459,1787583
1787079,435225
998886,477120,1787079,435225
998886,1787583,22457
998886,477120,1787079
1787583,998886
1786029,435225,998886,1787079,1776516
998886,21212,477120,435225
477120,470883
998886,1787079
998886,435225
998886,1787079
998886,1787079,1784937
998886,1787079
1786029,470883
21212,1776516
1782459,470883
998886,21212
1787583,1787079
998886,1787079
1787583,1787079,435225
998886,470883
22457,470883
22457,435225,998886,1787079,1776516
1787583,21212,470883,477120,435225,998886,1787079,1776516
1787079,435225
1787583,1787079,22457
998886,22457
1787079,1784937
998886,1787079
1787583,477120
1782459,477120,470883
435225,1784937
21212,470883
1782459,1787079,435225,22457
998886,21212,470883
1787079,435225
998886,477120,21212,435225
1786029,1784937,477120,435225,998886,1787079,1776516
21212,470883
1782459,998886,1787583
1787079,435225
998886,1787583,1787079
1787079,1776516,435225
1787583,1787079
477120,470883
1782459,998886,435225
1782459,998886
998886,22457
998886,1787079
1787583,1787079,998886
1782459,1787079
998886,470883
1782459,21212
998886,1787079,1776516
1786029,21212,470883,1784937,998886
1787079,1784937
998886,1787079,1784937
998886,21212,1787079,1776516
1786029,21212,470883,1787079,1776516
1786029,21212,22457,470883,1784937,1776516,998886,1787079,435225
22457,435225,1776516
21212,1776516
21212,1787079,22457
435225,1784937
1787583,22457
998886,22457
1787079,435225
998886,470883
22457,1784937,1787079
1782459,998886
1787079,1776516
22457,1787079
1782459,22457
1787079,1776516
1787583,1782459,477120,998886,1787079,1776516
1782459,1787079,435225
998886,1787079,435225
1782459,477120,470883
477120,21212,1776516
1782459,477120
998886,1787079
1787079,1776516
477120,1787079
21212,1787079,1784937
1786029,22457
1787079,1784937
477120,1787079
998886,1787079
1787583,470883,998886
1787583,477120,998886,1787079,1776516
1782459,998886
1782459,22457
1782459,470883
998886,470883
1782459,1787583
1787583,1787079
1787583,998886
21212,477120
1786029,477120
1787079,435225
1787079,435225
1787079,470883
998886,1787079
1787079,435225
1782459,22457
1776516,1784937
1787583,470883,998886
1787079,435225
998886,1787079,435225,1784937
1782459,998886,1787079
1787079,22457
1787583,477120,470883
998886,477120,1787079,22457
22457,1787079
1787583,1787079,998886
998886,1787079
998886,477120
1786029,21212,470883,1784937,998886
998886,22457,470883
1787583,21212,1786029,435225,1787079,1776516
998886,435225
1787079,435225
1787583,22457,1787079
21212,435225
1787583,21212,1776516,435225
1787583,22457
1782459,1787583
998886,1787079
1787583,1776516
21212,435225
470883,435225
998886,21212,477120
1782459,1784937
1787583,998886
1786029,998886
21212,477120
1782459,1787583,21212,22457
1787583,477120
998886,1787079
477120,21212,1776516
1782459,435225
998886,1784937
1782459,477120,470883
998886,1787079
1782459,998886,1787583
435225,22457,1776516,1787079
1782459,21212,470883
1787583,22457,470883
435225,1784937
21212,22457
1787583,22457
998886,1787583,435225
1787079,435225
1786029,21212,470883,1784937,998886
1787583,1787079
998886,21212,470883
1782459,1787583,21212,1784937
998886,1787079
477120,1784937
435225,1784937
1786029,1787583,22457,1784937,1787079,1776516
21212,22457,470883,1784937,998886,1787079,1776516
1787583,998886
1787079,470883
1787079,1776516,435225
1787583,477120,1776516,435225
1782459,1787583
1787583,21212,435225,998886,1776516
21212,1787079
21212,22457
998886,22457
1782459,998886
1786029,22457,1787079
1786029,1787583,1787079
21212,470883,477120,998886,1776516
998886,477120
1787583,21212,470883
998886,1787079
998886,1787583
1787583,1787079
998886,477120
998886,477120,470883
1786029,21212,1776516
998886,477120,1787583
1787583,21212,1787079,435225
1787583,1787079
1787583,477120,470883
470883,1784937
1786029,1787079,998886
1787583,470883
1782459,998886,435225,470883
998886,22457,1776516,1787079
477120,21212
1782459,998886,1787583
1787583,435225
1787583,1787079
1786029,21212,22457,1784937
998886,1787583,435225
1782459,998886,477120
1786029,470883,998886
1786029,1787079,435225
1786029,1787583
1787583,1786029,21212,22457,470883,1776516,477120,998886,1787079,435225
1787079,435225
1787079,1776516,435225
1787079,435225
1786029,477120,21212
1782459,1787583
21212,1784937,1782459,477120,1787079,435225
998886,1787583,470883
1782459,470883
998886,1787079
1787583,477120,435225
1782459,998886,22457
1787583,22457,435225,1787079
477120,470883
1782459,998886
1787583,21212
1782459,477120
1787583,1787079,1784937
1787583,1787079
1787583,21212,998886
1787583,22457,470883,998886,1776516
998886,1787583,1784937
1787583,21212,470883,998886
1787583,1776516
1782459,1786029,1784937
1787079,435225,1784937
1787583,22457,435225,1776516
1787079,435225
1787079,435225
1787583,21212,22457,998886,1787079
1787583,21212,22457,998886,1787079,1776516
477120,22457
998886,21212,22457,1787079
998886,435225
1782459,998886
477120,1787079,435225
1782459,998886,22457,435225
1787583,21212,470883,477120,998886,435225
21212,435225
22457,1776516,1787079
21212,1787079
477120,1787079,435225
1782459,998886
1782459,998886,1787583
1787583,22457
1786029,21212,470883,1784937,998886,435225
998886,435225,1784937
1786029,470883
435225,470883
1782459,470883
1782459,998886,477120,1787079
1782459,1786029,470883
998886,1787079,470883,435225
1787583,477120,1776516
1787583,21212,1787079
21212,1787079,470883
1787583,1776516
1787079,435225
1782459,998886,1787079
1787079,1776516
1787079,470883,22457
21212,1784937,998886,1787079,435225
998886,1787079
21212,1787079,470883
1782459,21212
1787583,477120
998886,1787583,470883,1784937
1787583,21212
1787583,477120
1787583,21212,22457,470883,477120,1787079,1776516
1787583,21212,22457,470883,998886,1787079,1776516
1787079,1784937
1787583,1787079
1787583,1787079,1784937
21212,1787079
1787583,22457,470883
1786029,1787583,470883,1782459,477120
1787583,1787079
1782459,22457,435225
477120,470883
435225,1784937
998886,470883
1787583,21212,22457,1784937,477120,435225,998886,1787079,1776516
1782459,1787583,1787079,435225
1786029,21212,470883,998886,435225
1787079,435225
998886,477120,1787583
1787583,1782459,477120,998886,1787079
1787583,22457,470883,1782459,477120,998886
998886,21212,1787583
477120,435225,470883
1787079,435225
21212,435225
477120,1787079,1776516
1782459,470883
998886,1787583
21212,1787079
1782459,998886,477120,435225
1787583,22457,470883
998886,477120
1787583,22457
998886,435225
21212,470883,477120,998886,1787079,435225
1782459,1786029,435225
21212,477120,998886,1787079,435225
22457,1776516
1782459,1787583,21212,435225
1782459,470883
22457,470883,1787079
1787583,477120
1782459,998886,22457
1786029,477120,1776516,435225
1787583,21212,22457
21212,1784937
1787583,21212,1776516,477120
1782459,22457
1786029,470883,477120,1787079,1776516
1787583,22457,1787079,998886
1787583,21212,22457,998886,1787079,1776516
998886,1787079,1776516
998886,22457
1787583,470883,998886
998886,1776516,470883
998886,1787079
1786029,21212
477120,1787079,435225
21212,1787079
21212,22457
998886,21212,470883,435225
998886,22457,1776516,1787079
1787583,22457,998886,1787079,435225
1787079,435225
1782459,1787583,1787079
477120,470883
21212,22457,435225
1787079,435225
1787079,1784937
1787583,1787079,998886
1787079,435225
1782459,1787583
477120,470883,435225
1787079,1776516
1787583,22457,998886,1787079,1776516
1786029,21212,1784937,998886,1787079,1776516
998886,1787079,435225
998886,21212
1782459,1787583,22457
1787079,435225
1787583,1776516,1784937
21212,477120
477120,470883
1787079,435225,470883
1787079,470883,1784937
1782459,435225
1786029,1784937,998886
1786029,1787079
1787583,21212,22457,470883,1782459,998886,1787079
1782459,470883
1782459,470883
1782459,1786029
1782459,477120
1787079,435225,22457
1787583,435225
1787583,1787079,470883
21212,470883
1787583,470883
1782459,998886
1787583,477120,470883,998886
1787583,22457
998886,1787079
1787079,435225
1782459,998886,435225,1776516
1782459,22457
998886,21212
1787079,435225,1784937
1787583,21212,470883
998886,1787079
998886,22457
1782459,1787079
1786029,22457,470883,1782459,998886,1776516
1787583,21212
998886,1787079,435225
1787583,1776516
21212,22457,470883,1782459,477120,1776516
1782459,1787583
998886,477120,21212
998886,1787079,435225
1782459,1787583
1787583,22457,470883,1784937,1782459,998886
21212,435225
1782459,1786029,470883
21212,477120
21212,435225
1782459,1786029
1787583,435225
1787583,22457,1784937,1787079
1782459,477120,470883
1782459,1787583
1787079,435225,470883
998886,477120
1787583,470883,1776516,1782459,998886,435225
470883,1782459,477120,998886,1787079
477120,470883
1786029,21212,435225,1784937
1787583,1787079,435225
1787079,435225
22457,470883
998886,1787079,435225
1786029,21212,470883,998886,435225
22457,1782459,435225,998886,1787079,1776516
1784937,477120,435225,998886,1787079,1776516
1782459,998886
998886,477120
1787583,477120,1787079
1787079,435225
1782459,477120,1787079
998886,1787079,470883,435225
477120,1787079
998886,1787079,470883
1782459,470883
1786029,1787583,22457,1776516
1782459,998886
1786029,998886,21212,1787079
998886,1787583
1787583,21212,470883,435225,1776516
1782459,470883
1787583,1787079
1786029,21212,22457,477120,998886,1787079
22457,470883
21212,470883,998886,1787079,435225
1787079,435225
1787079,435225,1784937
1787583,435225
1787079,1776516,435225
21212,1787079
998886,1787079
1786029,1787583,470883,477120,1776516
1787583,1784937,1782459,1787079,435225
1787079,435225,470883
1787583,470883
1782459,21212
1787583,22457,1784937,477120,998886
1782459,1786029
21212,1787079,435225
477120,21212,1776516
1782459,1787583
1782459,21212,1787079,435225
1787583,22457,470883,1782459,477120,1787079
477120,470883
477120,22457
1787079,435225
1786029,1787583,435225,1787079
1782459,22457
1787583,1787079
1782459,477120
1787583,22457
22457,477120,998886,1787079,435225
1787583,1776516
1787583,470883
1782459,470883
1782459,22457
998886,1787583,1786029
1782459,1786029
1787583,1782459,477120,998886,1787079
1786029,21212,435225,998886
1787079,470883
1786029,435225
1782459,21212,1787079,1776516
1787583,22457,470883
998886,1787079,470883
1787583,21212,470883,1782459,1787079
998886,22457
998886,1787583,1786029
1786029,1784937
1787583,22457
1787079,435225
1782459,477120,470883
998886,470883
1787583,21212,22457
1787583,1787079,1776516,435225
998886,1787079
1787079,435225
998886,1787583,1787079,1776516
21212,470883
21212,1787079,435225
1782459,1787583,477120,1786029
1782459,470883
1787583,1787079,1784937
21212,22457,470883,1782459,435225,998886,1787079,1776516
1782459,998886,1787583,435225
21212,1784937,1782459,998886,1787079,435225
1787079,435225
1787583,22457,470883,1782459,998886,1787079
1782459,1787583
1787079,435225
1787583,22457,435225
998886,470883
998886,21212,1787079,1776516
1787583,470883,435225,998886
477120,1787079
1787079,435225
21212,470883,477120,1787079,435225
1787583,998886
1786029,22457,1784937,1782459,477120,998886
1782459,477120,470883
1786029,21212,470883,998886,435225
1782459,1787079
998886,1787079,435225
998886,477120
1787583,477120,435225,998886,1776516
1787079,1784937
477120,435225
477120,1787079,470883
998886,1787079
1782459,1786029
998886,1776516
998886,477120
1787583,1787079
1782459,22457
1776516,435225
1782459,1787583,1787079,998886
1786029,21212,22457,470883,998886,1787079,435225
1787583,1787079,470883
1787079,435225,1784937
1786029,1787583,22457,1784937,477120,1787079
1782459,1787583,22457
998886,435225
470883,435225
1786029,22457,470883,477120,1787079,435225
435225,1784937
21212,435225
21212,435225
435225,1784937
1786029,470883
998886,470883
1787079,1776516,435225
1782459,470883
1787583,477120,1776516,435225
1786029,1787079,435225
998886,435225,470883
21212,22457,1784937,998886,1787079,435225
998886,477120,470883
1787583,477120
1782459,21212
1787583,21212
1786029,435225
1787583,477120
22457,477120,998886,1787079,435225
21212,1787079,22457
1787583,22457
1782459,477120,1787079
1787583,1787079
1787583,22457
1787079,435225
477120,1787079,435225
1787583,21212,1786029,1787079
1787079,435225
998886,21212
1787583,1787079
1787079,22457
435225,470883
477120,470883,1784937
1787583,477120,470883
21212,22457
998886,477120
1787079,1776516,435225
1782459,1787583
998886,1787079,435225
998886,470883
1787079,435225
1787583,21212
1782459,1787583
21212,470883,1784937,998886,435225
1782459,1787583,470883,998886
1782459,22457,435225
1787079,435225
1787583,1787079,435225
1776516,435225
470883,1784937,998886,1787079,435225
1787079,435225,1776516
1787583,477120,1787079
1782459,21212
1787583,1787079,435225,998886
1787079,435225
1787583,21212,22457,1784937,1782459,998886
477120,435225,470883
998886,22457
1787583,477120
1787079,435225
1787583,470883,1784937,477120,1787079,435225
998886,477120
1782459,998886,1787079
1787079,22457
1786029,477120
477120,21212,470883
998886,477120,1787079,470883
1787079,435225
435225,1784937
1787079,22457
21212,1787079,435225
1787079,435225,22457
1787079,435225
1787079,435225,1776516
1782459,1787079,435225,1784937
1782459,998886,21212,477120
1782459,1787583
1782459,470883
1782459,998886,1787079
1787583,22457
21212,1787079
21212,477120,1787079
1787583,22457,470883
998886,21212,1776516
1787079,435225
1782459,998886
1787079,435225
998886,21212
1787583,22457
21212,1787079
1782459,998886,470883
998886,477120
998886,477120,470883,435225
1782459,477120,998886,1787079,435225
998886,470883
1787583,998886
1782459,1787583
1782459,21212,22457,1784937
21212,1784937,1782459,998886,1787079,435225
998886,477120,1787583,435225
998886,1776516
1782459,998886
1787079,435225
998886,1787079,1784937
1786029,22457
1782459,1787079
998886,1787079
21212,1787079
21212,435225
998886,470883
477120,470883,435225
1787079,470883
1786029,1787583,1787079,435225
1786029,477120
1787079,1784937
1787079,470883
998886,1787079
470883,1784937
1787583,477120,21212,435225
998886,22457,435225,1787079
998886,21212,22457,1784937
1787583,1776516,435225
998886,435225
1782459,470883
21212,1787079,435225
998886,1787079,470883,435225
998886,1787583
998886,1787079,435225
22457,1776516
998886,477120
998886,1787079
21212,470883
1787583,1787079
1787583,21212,435225
1786029,1787583,470883,477120,435225,1776516
1782459,1786029
1786029,1787583,1784937,477120,1787079
1786029,21212,470883,1784937,998886,435225
477120,21212,470883,1776516
1787583,477120,470883
21212,1787079,477120
1787079,1784937
1787079,1784937
998886,1787583
1787583,477120
21212,1776516
1786029,1787583,998886
998886,1787079,435225
477120,435225
1782459,998886
1787079,435225
998886,1776516
1787079,435225
1787583,21212
1782459,1787079,470883
998886,1787079,435225,1784937
998886,477120,470883
477120,1787079
21212,22457,477120,998886,1787079
1782459,998886
1787079,470883,22457
1787583,22457,470883
1787583,1787079,435225
1787583,470883,477120,998886,1787079
1782459,470883
21212,470883
21212,1787079,435225
1782459,998886
998886,22457
1782459,998886,1787583
998886,22457,470883
998886,1787079,435225,22457
998886,21212,470883,1784937
21212,1784937
998886,470883
1782459,1787583
1787079,435225
1782459,998886
1787583,21212,435225
998886,21212,477120
1786029,21212,1784937,1787079,435225
477120,1787079,435225
1786029,477120,1776516,998886
1787583,998886
1787583,435225
1786029,1787079
1786029,21212
998886,22457
470883,435225,998886,1787079,1776516
998886,21212,1787079,1776516
1787583,435225,998886,1787079,1776516
21212,22457,470883,477120,1787079,1776516
1787583,21212,22457,1784937,998886,1787079
21212,22457,1776516,998886,1787079,435225
1786029,21212,477120,435225,998886,1787079,1776516
1786029,1787583,22457,477120,1787079,1776516
1786029,21212,1787079,1776516
1786029,22457,477120,1787079,435225
1787583,21212,1786029,470883,477120,998886,1787079,435225
1786029,21212,470883,1776516,477120,998886,435225
1787583,22457,470883,477120,998886,1787079,435225
1787583,1786029,21212,22457,1776516,477120,435225
1786029,21212,470883,1784937,998886
1782459,1787583
1787583,477120,435225,1784937
998886,1787079,1776516
1787079,1784937
1786029,1787583,1784937,477120,1787079
1787079,1784937
1786029,21212,1787079,470883
1786029,1787583,22457,470883,998886,1787079,435225
477120,21212,22457
1787079,435225,470883
477120,470883
1787583,477120
1786029,22457
1787583,21212
1787583,22457,1782459,477120,998886,1787079,435225
998886,477120
1787583,21212,1787079,435225
998886,1787583
22457,435225
998886,22457
1787583,22457,470883,1787079,1776516
1786029,477120,470883
1787079,435225
21212,1787079
1782459,998886,1787079,435225
1782459,998886
21212,22457,435225,470883
1787583,1776516,435225
21212,1787079
1787583,470883,1784937
1786029,1787583,22457,477120,998886
1787583,21212,1786029,1782459,1787079
1786029,1787079,1776516,435225
1786029,1787583,22457,1776516,477120,1787079,435225
21212,22457
1787079,1784937
1787583,477120
1787583,1787079,22457
1787079,1784937
998886,470883
1787583,21212
1787079,22457
435225,1784937
470883,1776516
1782459,998886
998886,1787079,435225,1784937
998886,21212,470883,1784937
1787079,435225
1786029,21212,22457,1787583,477120,435225,998886,1787079,1776516
22457,1776516
1787079,1776516
1786029,477120,998886
1786029,477120,21212
998886,477120,1787583,435225
1782459,1786029,21212,435225
1786029,477120,998886
1787079,435225
1782459,1787583
1782459,998886,470883
21212,435225,470883
1782459,435225
21212,1787079,435225
998886,1787583
21212,1787079,22457
998886,22457
998886,21212,435225
1787079,470883
1787583,21212,1784937,1787079,435225
21212,1787079,435225
1782459,998886,21212
1787583,1787079
1782459,998886
1787583,21212
998886,477120
1786029,1787583,22457,1782459,477120,998886,1787079,435225
1787079,1784937
998886,21212
1787583,22457
1782459,1786029,1787583,998886
1787583,21212,1776516
1782459,470883
1787583,21212
1787079,435225
1786029,1787079,435225
1782459,1787583,470883
1782459,21212
1787079,435225
1786029,477120,998886,1787079,435225
998886,21212,470883,1784937
1787079,435225
470883,1784937
1787079,435225
998886,22457
1787583,21212,22457,1784937,998886,1787079,435225
1786029,998886,1787079,1776516
1787583,22457,1784937,477120,998886,1787079
998886,1787079
1782459,470883
435225,1784937
1782459,1787583,21212,1787079
1787079,435225
1787079,435225
1786029,477120,1787079,435225
1786029,21212,22457,435225,998886,1787079,1776516
1782459,1786029
1782459,1787583,477120,470883
1782459,1787583,21212
1787583,22457,435225
1787079,435225,1784937
477120,1787079
22457,1787079
998886,477120
1782459,470883
1786029,21212,1787583,470883,1776516,1787079,435225
21212,435225
1782459,435225
1787079,470883,435225
1786029,21212,470883,1784937,998886
1787583,22457,435225,1787079
1787079,470883
21212,477120,435225,470883
1787583,21212,1782459,435225,1776516
21212,1776516,477120
1787583,21212,22457
1786029,1776516
21212,477120
1786029,477120,998886,1787079,435225
1787079,470883
1787583,477120,998886
1782459,22457
1786029,21212
21212,470883
21212,470883
1782459,470883,435225
477120,470883
1787079,470883
1782459,998886
1787583,1786029
1787583,21212,1787079
998886,1787583
1786029,477120
998886,1787583,1787079,435225
477120,22457
1782459,477120
21212,1784937
22457,435225
22457,435225
1787079,435225
1782459,477120
1782459,470883,435225
477120,470883
1786029,1787079,435225,470883
998886,1787583
998886,470883
1787583,1787079,435225
1787583,1787079
1786029,1787583,1782459,477120,998886,1787079
1787583,1787079,435225
21212,1787079,435225
1787583,22457,1784937,1787079,435225
1786029,21212
1782459,998886,1787583,470883
1782459,477120
21212,1776516
1787583,1787079
1786029,21212,470883,1784937,998886
998886,1787079,470883
21212,1787079,435225,477120
22457,1776516
1782459,477120,1787079
1782459,1787583
1787583,1787079,470883
1786029,1787583,22457,477120,998886,1787079
1782459,1787583,22457,470883
1782459,1787079
1782459,470883,1784937
1787079,435225,22457
1787079,22457
1787583,470883
998886,21212
1787079,470883
1786029,21212,1787079,1776516
1786029,1784937,1776516,998886,1787079,435225
1787583,1786029,1776516,435225
998886,435225
998886,21212
1782459,1787583
1786029,21212
1786029,22457,1784937
998886,1787583,22457
1787583,1787079,470883
1786029,21212,470883,998886,1787079
1782459,998886
1787079,1784937
1782459,998886
1787583,1784937,998886,1787079,435225
1782459,470883,435225
1787583,477120,1787079,998886
477120,470883
1787583,1787079,1776516
1782459,1787079,435225
21212,435225
21212,1787079,477120,435225
1787583,21212,1786029
1787583,470883
1787079,435225
1787583,22457
1786029,21212,22457,1784937,1787079,435225
1787079,435225
1782459,1786029
1786029,1787583,21212,470883,477120,1787079,435225
1782459,1787079,22457
1787079,470883
1786029,1787583,1787079
477120,1787079,470883
1787583,22457,1784937,998886,1787079
1786029,21212,470883,1784937,998886
435225,1784937
1787079,435225
998886,1786029
1786029,1787079,1784937
1787583,477120,1787079,435225
1782459,21212,22457
477120,1787079
998886,1787079
477120,1787079
1787583,1787079,998886
998886,477120
1782459,1786029,470883,998886
1786029,22457,1784937,1782459,1787079
1787583,1787079,1776516,998886
1786029,470883,1782459,998886,435225
998886,477120
1787583,21212,1787079
1786029,435225
1787079,435225
1787079,435225
21212,435225,470883
1782459,435225
1787583,1787079
1787583,21212,998886,1787079,1776516
1787583,435225
21212,470883,1784937,1787079,435225
21212,1787079,1784937
1787079,435225
470883,1784937
1782459,21212
998886,21212
21212,1776516
477120,435225
1782459,435225
1787583,21212,998886
998886,22457,1784937
1787583,1787079,998886
1782459,470883
1786029,21212,470883,1784937,998886,435225
1787583,21212,22457,1787079,1776516
1787583,21212
477120,1776516
1787583,21212
1787079,435225
477120,435225
477120,470883
1787583,1786029,998886,1787079
21212,1787079
1786029,21212,477120
1782459,1786029
998886,470883
1782459,470883
1786029,21212,22457,470883,1776516
477120,1776516
1787079,435225
21212,477120,998886,1787079,1776516
1787583,21212,1786029,1787079,1776516
1786029,21212,1776516,998886
1786029,21212,477120,1787079,435225
1787583,21212,22457,470883,1784937,477120,1787079
1786029,1787583
1787583,21212,1786029,22457,477120,998886,1787079
477120,1784937
998886,1787079,470883
477120,1787079,470883,1784937
21212,1787079
1787583,21212,1786029,470883
470883,1782459,477120,998886,435225
21212,470883
1786029,1787079
998886,1787583
998886,1787583,1786029
477120,1787079,435225,1784937
21212,435225
21212,1787079
1787079,435225
21212,470883,1784937,477120,998886,1787079
998886,470883
21212,22457,1776516
1782459,1786029,477120
1782459,470883
22457,470883
1782459,1786029,470883
1787583,1787079
1787583,21212,1786029,1776516,477120,1787079,435225
1786029,477120
998886,21212
1787583,435225
1787079,435225
21212,477120,1787079,435225
1787583,1787079,435225
1782459,435225
1786029,21212,470883,1784937,998886,435225
1787583,1787079,435225
1787583,477120,1776516
1787583,22457
998886,1787583,1787079,1784937
998886,470883
1787583,1784937,998886
1787583,1787079
1786029,477120,1787583
1787583,477120
1782459,21212
1786029,21212,477120
1787583,998886
1786029,21212,470883,477120,1787079
1787583,21212,22457,1784937,1782459,477120,435225,1787079,1776516
998886,477120
998886,1787079
1787583,22457,1787079
1787583,21212
1782459,1787079,435225
477120,470883
1787583,22457
1782459,21212,477120
1782459,435225
1787079,470883,435225
1787079,435225
22457,470883
1786029,21212
1787079,1784937
1787583,1787079
1786029,1787583
1786029,477120,470883
1782459,470883
1782459,21212
1782459,1787079,1784937
1782459,477120
1786029,21212,22457,470883,477120,435225,1787079,1776516
477120,470883
998886,477120,21212
1786029,21212,470883,1784937,998886,435225
1787583,477120,1787079,1784937
1782459,998886,22457
1787583,1787079
1787079,435225
1782459,1787079
1787583,22457
1787079,435225
998886,1787079
1782459,435225
1787583,477120,22457,998886
1782459,1787583
477120,1787079,470883,435225
1787079,435225
998886,1787079,435225
1782459,477120,1787079
1787079,435225
1786029,470883
998886,21212,477120
1782459,998886
998886,21212
1787583,435225
1787583,22457
1786029,470883
477120,470883,1784937
1782459,998886
21212,1787079,477120
1787079,1776516
1782459,1787583
435225,1784937
1782459,477120,22457
21212,1787079,435225
998886,470883
21212,435225
1787583,21212
1786029,22457,435225
21212,22457,1776516
1786029,21212,470883,435225,1787079,1776516
1787583,21212,22457,477120,998886,1787079
1787079,1784937
1787583,477120,998886
1787079,435225,470883
1787079,435225
1787583,1787079
1782459,470883
21212,435225
1787583,22457
1786029,998886
1787079,435225
1787079,1784937
998886,21212,435225
998886,1787079
1782459,1787079,22457
1787079,435225
1786029,1787079
477120,1776516
1782459,1787583,22457
998886,21212,477120,470883
1782459,470883
21212,435225
998886,1787583,435225,22457
21212,477120,1776516
1786029,21212,1787583,470883,1782459,1787079
1782459,1786029
1782459,998886,470883
998886,21212
1782459,21212,435225
1786029,435225
1782459,21212
1782459,998886,21212
998886,21212
998886,21212,1787079
477120,435225,1784937
477120,21212
1787583,1786029,435225
1786029,1787583,22457,1787079
1787583,1782459,435225,998886,1787079,1776516
1787583,477120,998886,1787079,435225
1787583,21212
998886,22457
1787583,1787079,1784937
1787583,470883
1782459,1787583
1786029,21212,1787079,435225
1782459,1787583
1787079,470883
1786029,470883
998886,21212,1787079
1787583,477120,21212,22457
1787583,470883
1787583,998886
1786029,998886
1786029,1787583,22457,470883,435225,998886,1776516
1782459,998886
1782459,1787583,1786029
1787583,1776516
1787079,435225
1787583,1776516,998886
21212,1784937
477120,1787079,435225,1776516
998886,477120
998886,435225
1782459,22457,470883
477120,22457
21212,22457,470883,1784937,477120,435225,1787079,1776516
1787583,1786029,21212,470883,1784937,477120,998886,1787079,435225
21212,1776516,435225
1782459,1787583,1787079
22457,1787079
1782459,998886,21212,22457
1786029,21212,470883,1784937,998886,435225
1786029,22457,1784937,1787079
22457,435225
1786029,21212,477120
1786029,21212,1787583,435225
1782459,1787079
477120,22457
1782459,998886
1786029,1776516
22457,1787079
1782459,477120
1787583,998886
1787079,435225
1782459,1786029,21212
998886,1787079
1786029,21212,1787079,1784937
1787583,1786029,22457,477120,1787079,435225
998886,470883
1782459,22457
470883,1784937,1782459,998886,1787079,435225
1782459,1787583,435225
998886,1786029,435225
1782459,1787079,435225,22457
477120,470883
1786029,435225,1784937
1787583,470883
1787583,22457
1782459,1787583
998886,22457
1787079,435225
998886,21212
1786029,21212,1784937,477120,1787079,1776516
1782459,1787583
1787583,22457
1782459,22457
22457,1787079
1787079,435225
998886,21212,1787079,470883
1787079,1784937
1782459,21212,1776516,477120
1782459,477120,22457,470883
1782459,21212,1787079
477120,1787079
1786029,1787079
1787079,470883,1784937,435225
21212,22457
1786029,22457,1782459,477120,998886
1787583,470883,1784937,998886,1787079
998886,21212,1787079,435225
1787079,435225
1782459,435225
998886,477120,1787079,435225
477120,470883
998886,1787583,435225
1782459,1787583,22457,998886
21212,470883,477120
1787583,21212,1787079
1787079,1776516
21212,1784937
1786029,21212,470883,1784937,998886,435225
1787583,477120,1787079,435225
1786029,998886
1787583,22457,998886
21212,1787079,435225
1787583,1787079
1786029,477120,998886
998886,1784937
21212,435225
1787583,1786029,1776516,1784937
1782459,1786029
1786029,1787079
998886,21212,1787079,435225
1786029,21212,1787583
1776516,1784937
1786029,1787583,1784937,477120,1787079
1787583,22457
1787583,1787079,470883
21212,477120,470883
21212,1787079,435225
21212,477120
21212,435225
1786029,1787583
1786029,1787079,435225
477120,22457
1786029,22457,470883,1784937,477120,1787079,435225
21212,435225
21212,477120
435225,1784937
1787079,435225
1786029,21212,22457,1784937,1776516,477120,1787079,435225
998886,1787079,470883
21212,435225,1784937
1782459,21212,1787079,435225
435225,470883
1786029,21212,470883,1784937,998886,435225
22457,470883
470883,1784937
1786029,1787079
1787079,435225
1782459,21212,1787079,470883
1787583,1787079
1787079,470883
1786029,1787583,21212,22457,470883,477120,1787079,1776516
21212,22457,1776516
477120,22457,470883
477120,470883
1787583,1787079
1787583,21212,470883,477120,1787079,435225
1782459,998886,470883
21212,435225
1787079,435225
1787583,477120
21212,477120
1787583,1786029,22457,477120,1787079,435225
1786029,470883,477120,1787079,1776516
1787583,21212
477120,470883
1787583,1787079,435225
998886,1787583,1786029
477120,1787079
21212,22457
477120,1787079
21212,1787079,470883
998886,1787583
477120,1787079,470883
998886,1787079,470883,435225
1787583,22457,470883,1782459,477120,1787079
21212,1784937
1782459,1786029
1787079,470883
1786029,477120,1787079,22457
21212,470883,1784937,477120
1786029,477120,21212,1787079
1787583,1787079,470883,22457
21212,435225
1786029,435225
1786029,21212,470883,1784937,998886,435225
1786029,477120,1787583
21212,477120,1776516
1786029,477120
21212,1784937
21212,435225
21212,1787079,435225
1782459,1787079,1784937
1787583,1787079,470883
477120,435225
1782459,470883,1776516
1787583,477120,1776516
1787079,435225
477120,22457
1776516,1784937
1787079,435225
21212,470883,1784937,1782459,998886
1782459,1786029,470883
1787583,1786029,470883,1784937,1787079
1787079,22457
1782459,998886,477120
998886,477120
998886,470883
1787583,470883
1787079,435225
1787583,1787079,470883,998886
1787583,21212,22457,1787079
1782459,998886,1787079
1786029,1787079,1776516,22457
998886,21212,1787079
477120,21212
1782459,1786029,435225
477120,470883
1786029,1787583,22457
1782459,998886,22457
1787583,435225
1787583,477120
1782459,1786029
1786029,477120,21212,470883
1782459,477120,470883
1786029,1787583,22457,21212,470883,1776516
1782459,435225,1776516
1787583,1776516,435225
1787079,1776516
1786029,1787583,998886
1786029,1787583,22457,470883,1784937,1787079,1776516
1787583,1787079
21212,470883,1784937,998886,435225
1787583,1787079,435225
1787079,22457
21212,470883,1784937
1787583,1786029
998886,1787079
1787583,1787079,22457
21212,470883
21212,1787079,1776516
1786029,477120,435225,1787079,1776516
1786029,21212
477120,1787079,22457
998886,1787079
1787583,477120
470883,435225
1786029,21212,1787583,470883,1787079,1776516
1786029,21212,470883,477120,1787079,1776516
1786029,21212
1782459,22457
1787079,435225
1782459,1787079
1787583,1786029,1784937,477120,998886,1787079
1787583,477120
1786029,477120
998886,477120,1787079,1776516
1786029,22457
1782459,1787583
1782459,1776516
22457,1787079
1786029,21212,1787583,477120,998886,1787079,435225
1787079,1776516
1782459,998886
22457,470883,998886,1787079,435225
1787079,435225,1784937,470883
1786029,998886
1782459,1786029,1787079
1782459,1786029,477120
1782459,1787583,470883
1782459,998886,477120,21212
21212,470883
1787583,477120,22457
1782459,470883
1782459,1786029
21212,22457,470883,998886,1776516
477120,435225
1786029,21212,470883,1784937,998886,435225
1787583,435225
998886,1776516
1787583,22457,435225,1776516
1787583,1787079
477120,1787079
477120,1776516
1782459,1786029
1782459,1786029
998886,1787079
21212,1787079,435225
477120,435225
1786029,1784937
1786029,1787583
1787583,477120
22457,470883
1782459,1786029,1787583
1782459,22457
1786029,477120,470883
1786029,21212
1776516,435225
21212,1787079
1782459,1787079
1787583,998886
21212,435225,1784937
1786029,1784937,477120,998886,1787079
21212,1787079
1782459,1787079
1782459,22457,470883
1786029,477120,1787079,21212
1786029,21212,22457,1787583,470883,477120,435225,1787079,1776516
1787583,22457,1782459,1787079,1776516
21212,1784937
1782459,998886,1787079
998886,470883
1782459,1787079
1786029,21212,1784937,477120,435225
1787583,21212,435225
1786029,1787079
21212,470883
1786029,21212,470883,1784937,998886,435225
477120,435225,1784937
1782459,470883
1787583,477120,470883,998886
1787583,477120,435225
1787583,477120,435225,1787079,1776516
21212,470883
1787583,1787079,22457
1787079,470883
1776516,1784937
21212,1776516,435225
1787079,1784937
1782459,1786029
1786029,1787583,1784937,477120,1787079
1782459,1784937
998886,1787583
1782459,998886
21212,1784937
1782459,477120
1787583,1787079
21212,1776516
998886,477120
1787583,435225,1784937
1787079,22457
21212,1787079,477120
21212,1784937
477120,470883
477120,470883
1782459,477120,470883
1787583,21212,22457,470883,477120,1787079
22457,435225,1784937
1782459,1787583,470883
1786029,21212
435225,1784937
1782459,477120,22457
1786029,21212
21212,1787079,470883
22457,470883
1787079,435225
1787583,1787079
1786029,21212,1784937,998886,435225
1782459,1787583,1786029
1782459,998886,1787079,470883
1786029,470883
1782459,22457
1786029,1787583,1787079,21212
1787583,477120,470883
1786029,1787079
1787583,470883
1787583,435225,1784937
1787583,21212,1776516,435225
21212,1787079
1787079,435225
1782459,21212,1787079,435225
1787079,435225
477120,1787079
1782459,1786029
1787583,477120
477120,21212
1787583,21212,22457
1782459,1787583
1782459,22457
1787583,1787079
1782459,1787583
1787583,1776516
1787583,22457
1787079,435225
1782459,1787583
1782459,1786029
1787583,477120,22457
998886,477120,1787079,470883
998886,21212,435225,1784937
1782459,1787583
1787079,1776516
1787583,1787079,435225
1787583,1776516
1786029,1787583,22457,477120,998886,1787079,1776516
1782459,1787079
1786029,998886
1786029,21212,22457,1787583,470883,1784937,477120,435225,1787079,1776516
998886,477120,1786029,1787079
21212,470883
1787583,470883,1784937
1786029,21212,22457,1787583,470883,1784937,477120,435225,998886,1787079,1776516
1786029,1787583,22457,477120,998886,1787079
22457,470883
1782459,1787079,1784937
477120,470883
1782459,470883
1776516,435225
1787583,477120
1787583,1787079
1782459,21212,1787079,435225
21212,1787079,470883
1782459,1786029,21212
1787583,1787079
1782459,1776516
1782459,22457
477120,470883
1787583,1787079
1787583,1784937
1787079,1776516
1782459,470883
1782459,470883
1782459,477120,21212
1782459,1787079
1786029,21212
998886,477120
1782459,477120,470883
1787583,477120,1787079,435225
21212,1787079,435225,1784937
1787583,1786029,1784937,477120,998886
477120,470883
1786029,1787583,470883,477120,1787079,1776516
1786029,22457,470883,1784937,477120,1787079,435225
21212,1787079
1782459,477120
1786029,1787079
998886,435225
1782459,22457
1786029,1787583,21212,477120,1787079,1776516
1782459,1786029
1787583,22457,470883,1782459,477120,1787079
470883,1784937
1787583,21212,1787079
1786029,1776516
1787583,21212,470883,477120,998886,435225
477120,470883
1782459,21212
1786029,1776516
1787079,1784937
21212,1787079
1786029,21212,470883,1784937,998886,435225
477120,1787079
1787583,1787079,1784937
1787583,22457
22457,470883
21212,1787079,1776516
1787583,470883
1787583,470883
21212,470883
477120,470883
1787583,477120,22457,1787079
1787583,1787079,22457
1786029,22457,470883,477120,998886,1787079
1782459,22457
1787583,21212,1787079
1782459,998886,477120,1787079
1776516,470883
1787583,435225
1787583,477120
21212,470883
1782459,1787079
1776516,1784937
21212,1787079,435225
998886,21212,1787079,435225
1786029,22457
477120,470883
1782459,477120
998886,22457,1776516,470883
1782459,998886
1787583,477120
477120,435225
1786029,477120,1776516
1782459,22457
1786029,1787079,470883
1782459,1787583
21212,22457
998886,1787079
1787583,22457
1782459,998886,470883
1787583,1787079
1786029,21212
1787583,22457
1786029,21212,998886
21212,435225
1786029,1787583,22457,1784937,477120,1787079
1787583,21212,22457,477120,998886,1787079,1776516
1787583,1787079,22457
1787583,435225
1776516,470883
1787079,435225,22457
1786029,477120,1787079,470883
477120,470883
1786029,21212,470883,1784937,998886,435225
1782459,477120,1787079,470883
477120,21212
1787583,1787079
998886,1787583
477120,1787079,470883
1787079,435225
998886,477120,1787079
21212,1787079
1787583,1786029
1787583,21212,998886,1787079,435225
1786029,1787583,22457,1784937,477120,998886,1787079
22457,435225
1786029,21212,1784937,477120,998886,1787079,435225
1786029,21212,1787583,1784937,1782459,477120,1787079,1776516
1782459,22457,470883
1786029,1787079
21212,1787079,435225,1784937
998886,1787079
1787583,1787079,435225
1782459,477120
1787583,477120,1784937,998886
1787079,435225
1787079,435225
1782459,1786029
1787079,435225
21212,470883,1784937,1787079,435225
1782459,998886,22457
477120,470883
477120,470883
22457,470883,477120,998886,1787079,1776516
998886,477120,21212,470883
1787079,22457
470883,1784937
998886,477120,1787079
1787583,1787079,998886
1787583,1784937,1782459,435225,998886,1787079,1776516
1786029,21212,22457,1787583,470883,435225,1787079,1776516
1782459,1787583
1787583,1786029,477120,1787079
1782459,22457
1787079,435225
1782459,1787583
1787079,435225
998886,22457
1782459,21212,470883
1782459,470883
1782459,435225
1782459,1787079,435225
1787583,435225
1782459,1787583,470883,435225
1786029,1787583,22457,21212,470883,1784937,477120,435225,1787079,1776516
1782459,1787583
1787079,435225
1786029,21212,470883,1784937,998886,435225
1786029,477120,1787079
1787583,22457
1782459,1787583,1787079
1787079,1784937
1782459,470883
470883,1784937,1782459,1787079,1776516
1787583,22457
1786029,21212,477120,998886,435225
1786029,21212
477120,1787079,22457
998886,21212,1786029
1782459,1786029
1786029,1784937
1782459,1787583,22457,470883
1787583,470883
1782459,1787583,998886
1786029,21212,1784937,477120,998886,1787079
1787583,435225,1776516,470883
477120,21212
1786029,1787583,22457,1784937,477120,1787079
1786029,1787583,1787079,470883
1786029,1787583
1787583,22457
1782459,470883
1787079,1784937
21212,470883,477120
1786029,1787583
21212,435225
1787583,1787079
1786029,21212,1782459,998886,435225
998886,1787079,435225
1786029,21212,435225
1786029,21212,1787079,1776516
1787079,435225
1787079,470883
1782459,1784937
1782459,1784937
1787079,435225
1782459,1787583
22457,435225
1787583,477120
1787079,1784937
998886,21212
1782459,1787079
1782459,1787583
1787583,470883
1787583,21212,1786029,22457,470883,1784937,477120,1776516
1786029,1787583,22457,21212,1784937,477120,435225,1776516
1782459,1787079
1782459,1787583,22457
1787583,1787079,435225
21212,1787079,22457
1786029,21212,470883,1784937,998886,435225
1782459,1787583,477120
1782459,435225
1787583,22457
22457,470883
1782459,1787583,1776516
1782459,477120,1787079,435225
1787079,435225
998886,477120,1787079,470883
998886,477120,470883
1782459,1787583
1782459,470883
1787583,21212,22457,1786029,1776516,1787079,435225
1786029,21212,22457,470883,1784937,435225,1787079,1776516
1787583,22457,470883
1787583,1786029,22457,477120,1787079
435225,1784937
21212,477120
1787583,22457,477120,998886,1787079,435225
1782459,21212,435225
1787583,470883
1786029,1776516,1784937
1782459,1786029,1787079
1787583,21212
1786029,21212
1782459,477120
1787583,1787079
21212,1784937,1782459,477120,1787079
21212,1776516
1786029,1787079
1786029,21212,22457,1787583,470883,477120,1787079,1776516
1787583,1786029,21212,470883,1784937,477120,1787079,1776516
1782459,470883
21212,1787079,435225
21212,22457,1776516
1782459,1787583
21212,22457
477120,470883
1787079,1776516
1787583,1786029
998886,1787583
1786029,22457
1782459,435225,1784937
1782459,1787079
435225,1776516
998886,477120,1787079
477120,470883
1782459,1787583
21212,1776516
477120,1776516
1782459,435225
1787583,435225
1786029,21212,1787583,22457,470883,1776516,477120,1787079,435225
1787583,22457
998886,21212,470883
1787079,435225
1787583,1787079
1787079,1784937
21212,470883
21212,1787079
1786029,21212,470883,1784937,998886,435225
21212,435225,1784937
998886,1776516
477120,470883,1784937
1787583,435225,998886
1782459,477120
1782459,1787079,435225,1784937
1782459,1787583
470883,1784937
1787079,435225
1782459,21212
1786029,477120
22457,1787079
1787583,470883
1786029,21212,1787583,22457,1784937,477120,435225,1776516
22457,1776516
477120,1787079
1782459,470883
1782459,1787079,435225
477120,22457
1782459,998886,21212,1786029
1787583,1786029
21212,435225
1786029,1787079
1787583,21212,477120,435225,1787079,1776516
1782459,1787583
21212,1784937
1786029,1787583,22457,1784937,477120,1787079
1786029,1784937
998886,1776516
477120,1787079,435225
1782459,21212
1787583,470883
477120,470883
998886,21212
1782459,470883
1787583,435225,1784937
1786029,1787583,1787079,1784937
1786029,21212
1782459,21212
1787079,435225
21212,22457,1787079
1787583,1776516
998886,1776516
1787079,435225
1787583,1786029,21212,1782459,435225,1787079,1776516
1787079,435225
1787079,435225
477120,470883
1786029,21212,470883,1784937,998886,435225
1782459,1787079
1782459,22457
21212,1784937
1787583,21212
1787583,470883
1787583,470883
1786029,1787583,22457,21212,470883,477120,1787079
1787583,1786029,22457,21212,470883,1776516,477120,1787079,435225
1782459,1787583
1782459,1787583,470883
1787583,477120
1787583,21212,1787079
1787079,470883
1787583,1786029,22457,477120,1787079
1782459,1786029
1786029,435225
22457,470883
1786029,1784937
998886,1787583,1787079
1787583,477120,1786029
21212,1787079,435225
1787583,21212,1786029,22457,470883,1784937,477120,435225,998886,1776516
1787079,470883
1787583,1787079
998886,477120
1782459,1786029,477120
1786029,1787583,22457,470883,477120,998886,1787079
1787583,1786029,22457,470883,477120,1787079,435225
1787079,22457
477120,1787079
1782459,21212,1787079
1787583,1787079
1782459,1787583,1786029
22457,1784937,1782459,1787079,435225
1787079,470883,435225
1787079,435225
1782459,470883,1776516
1782459,1787583,1787079
22457,435225,470883
1782459,1787583
1782459,1787583,477120,22457
477120,1784937
1787079,435225
1787583,1787079,1776516
1782459,1787583
22457,1784937,998886,1787079,435225
435225,1784937
21212,470883,1784937,998886,435225
1786029,1784937
1782459,22457
1787079,435225
1786029,21212,470883,1787079,435225
1787583,1786029,22457,470883,1784937,477120,998886,1787079
1786029,1787583,22457,477120,1787079
477120,21212
1786029,21212,22457,1787583,470883,1784937,1787079,435225
470883,1784937
21212,470883,1784937,998886,435225
1776516,1784937
1787583,1786029,435225,1784937
1787583,1787079,470883
1787583,435225
1786029,21212
1787079,435225
1782459,1786029
22457,470883
1786029,21212,477120
21212,1776516
1787079,435225
21212,1784937
1782459,1776516
1787583,21212,470883,1776516,1782459,477120,1787079,435225
1786029,21212,22457,1787583,470883,477120,435225,998886,1787079,1776516
1782459,1786029
21212,477120,470883
21212,470883,1784937,998886,435225
1786029,1787583,22457,477120,1787079
1786029,1787583,22457,1784937,477120,1787079
1782459,21212
1787583,22457
477120,22457,435225
1786029,998886
477120,1787079
1787583,1787079,1784937
1787583,1776516
1787583,1787079,998886
1786029,1787583,1787079
1786029,477120,22457,1787079
1786029,1787583,22457,1782459,1787079,1776516
1782459,1787583,22457,435225
1786029,21212,1787583,470883,1782459,477120,435225,1787079,1776516
1782459,477120,1787079,1784937
1786029,21212,22457,1787583,470883,1787079,435225
1786029,435225
1787583,22457
1787583,21212
1786029,21212,470883,1784937,998886,435225
1787583,21212,22457
1787583,1787079,435225
1787079,470883
998886,470883
21212,470883
1786029,1787079
1786029,21212,470883
1787079,435225
1782459,1776516
477120,1776516
1787583,1786029,22457,477120,1787079
1787583,477120,1787079,1784937
1782459,1786029,1787079,1784937
1786029,21212,22457,470883,477120,435225,1787079,1776516
1786029,22457,1784937,477120,1787079
1782459,22457,435225,1787079
1782459,1787583,470883
1782459,22457
21212,470883
1782459,1786029,470883
1787583,477120
1782459,477120
1787583,22457
1787079,1784937
1787079,1776516
998886,477120
1786029,1787583
1786029,1787583,435225
1786029,477120
1782459,21212
1787583,1786029,21212,22457,470883,477120,435225,1787079,1776516
1787583,477120,470883
1787583,22457
1787583,477120
1786029,21212,470883,1784937,998886,435225
477120,1787079
998886,1787079
1787583,21212
1782459,1786029
1782459,470883
1787079,1784937
477120,470883
1782459,998886,470883,1784937
1786029,477120,470883
1782459,1787583,435225
1787079,435225
21212,1787079,435225
1787583,470883
1786029,21212,1787583,22457,470883,477120,998886,1776516
1786029,435225
1786029,22457
1782459,470883
998886,1787583,1776516,1787079
998886,21212,435225,470883
1786029,1787583
21212,435225,1784937
22457,470883
477120,1787079
1786029,1787583,1784937,477120,1787079,1776516
1787583,1786029
1786029,1787583,22457,1784937,477120,1787079
477120,22457
1787583,21212,435225
1782459,1787583
21212,470883,477120
1786029,21212,1776516
1787583,1787079
1787583,1787079
1786029,470883
1782459,435225,1776516,470883
1782459,998886,22457,435225
1782459,21212,22457
1787583,470883
998886,22457
1787583,1786029,22457,21212,470883,1784937,1776516,477120,435225
1786029,1787583,22457,21212,470883,1782459,477120,435225,1787079,1776516
1786029,1787583,22457,21212,470883,1784937,1776516,1782459,477120,998886,1787079,435225
1787079,1776516
1787079,435225
1787079,435225
1787583,477120
998886,21212,1787079,470883
1786029,21212,470883,1784937,998886
21212,22457
1787583,435225
1787079,435225
1782459,21212,1787079
470883,1784937,1776516
1782459,1787583
21212,1787079
1782459,1787079
1787079,1784937
1782459,1787079,435225
1786029,21212,22457,477120,998886,1787079,1776516
1787583,21212,477120
1787583,1787079
1782459,1787583
1786029,1787583,22457,1784937,477120,1787079
22457,470883
1787079,1776516
22457,1787079
1782459,1787583,22457
1782459,1787583
1787583,21212
1787583,21212
1787583,1787079
21212,1784937
1787079,435225
21212,435225
21212,1787079
1786029,21212,22457,1787583,470883,1782459,477120,998886,1787079
1786029,21212,22457,1787583,470883,477120,435225,1787079,1776516
1786029,1787583,22457,1784937,1787079
1786029,21212,470883,1784937,998886,435225
1787583,1784937
477120,435225
1782459,1776516
1787583,1787079,435225
477120,22457
21212,1776516,470883
1786029,1787583,22457,21212,470883,1784937,477120,1787079,435225
477120,435225
1787583,470883
477120,1776516
1786029,21212,22457,1787583,1784937,1782459,477120,435225,998886,1787079,1776516
1786029,21212,470883,1784937,998886
1786029,1787079,1784937,22457
1787583,435225
1787583,21212,22457
1787583,22457
1787583,21212
1787583,22457
1787583,21212
1787583,21212,22457
1787583,21212,22457
21212,22457
1787583,21212,22457
1787583,21212,22457
1787583,22457
1787583,22457
1787583,21212,22457
1787583,22457
1787583,21212
1787583,21212,22457
1787583,21212,22457
1787583,21212
1787583,22457
1787583,21212,22457
21212,22457
1787583,21212
1787583,21212,22457
1787583,21212,22457
1787583,22457
21212,22457
1787583,21212,22457
1787583,21212,22457
1787583,22457
1787583,21212,22457
21212,22457
1787583,21212,22457
1787583,21212
1787583,22457
1787583,21212
1787583,22457
1787583,21212
1787583,21212
1787583,22457
1787583,22457
1787583,22457
1787583,22457
1787583,22457
1787583,21212,22457
1787583,21212,22457
1787583,21212,22457
1787583,21212,22457
1787583,22457
21212,22457
1787583,21212,22457
21212,22457
1787583,21212
1787583,21212,22457
1787583,21212
1787583,22457
1787583,22457
1787583,21212
1787583,22457
1787583,22457
1787583,22457
1787583,21212,22457
1787583,21212
21212,22457
1787583,22457
1787583,21212
21212,22457
1787583,22457
1787583,22457
1787583,22457
1787583,21212
21212,22457
1787583,22457
21212,22457
1787583,22457
1787583,22457
1787583,22457
1787583,21212,22457
1787583,21212,22457
1787583,21212
1787583,22457
1787583,22457
1787583,21212,22457
1787583,21212
1787583,22457
1787583,22457
21212,22457
1787583,21212
1787583,22457
1787583,22457
1787583,22457
21212,22457
1787583,22457
1787583,22457
21212,22457
1787583,21212
1787583,21212,22457
21212,22457
1787583,21212
1787583,22457
1787583,21212,22457
1787583,22457
21212,22457
21212,22457
1787583,21212
1787583,22457
1787583,21212
1787583,22457
1787583,22457
1787583,22457
1787583,21212
1787583,22457
1787583,21212,22457
21212,22457
21212,22457
21212,22457
1787583,21212,22457
1787583,22457
1787583,22457
21212,22457
1787583,22457
21212,22457
1787583,22457
1787583,22457
1787583,21212
1787583,22457
1787583,22457
21212,22457
1787583,22457
21212,22457
1787583,22457
1787583,21212,22457
1787583,22457
1787583,21212,22457
1787583,22457
1787583,22457
1787583,21212
1787583,21212,22457
1787583,21212,22457
21212,22457
1787583,21212
1787583,22457
1787583,21212
1787583,21212,22457
1787583,21212,22457
1787583,22457
1787583,22457
1787583,22457
1787583,21212
1787583,21212,22457
1787583,21212
1787583,22457
1787583,22457
1787583,21212
1787583,22457
1787583,22457
1787583,22457
1787583,22457
1787583,21212
1787583,21212
1787583,21212,22457
1787583,21212
21212,22457
1787583,21212
1787583,21212,22457
1787583,22457
1787583,21212
1787583,22457
1787583,22457
21212,22457
21212,22457
1787583,22457
21212,22457
1787583,21212
1787583,21212
1787583,22457
1787583,22457
21212,22457
1787583,22457
1787583,21212
1787583,21212
21212,22457
1787583,22457
1787583,22457
1787583,22457
1787583,21212
1787583,22457
1787583,21212
1787583,21212,22457
1787583,21212
1787583,22457
1787583,22457
1787583,21212
1787583,22457
1787583,21212
1787583,22457
21212,22457
1787583,22457
21212,22457
1787583,22457
21212,22457
1787583,22457
1787583,22457
1787583,21212
1787583,22457
1787583,21212
21212,22457
1787583,21212
1787583,21212,22457
1787583,22457
1787583,22457
1787583,21212,22457
1787583,22457
1787583,21212
1787583,21212,22457
1787583,21212
1787583,21212
1787583,22457
1787583,22457
1787583,21212,22457
1787583,22457
1787583,22457
1787583,22457
1787583,22457
1787583,21212,22457
21212,22457
1787583,22457
1787583,22457
1787583,21212,22457
1787583,22457
1787583,22457
1787583,22457
1787583,21212
21212,22457
1787583,21212
1787583,22457
1787583,21212
1787583,21212,22457
1787583,21212
1787583,21212
1787583,21212,22457
1787583,22457
1787583,21212
21212,22457
21212,22457
1787583,22457
1787583,21212
1787583,22457
1787583,21212,22457
1787583,22457
1787583,21212
1787583,22457
1787583,21212
21212,22457
1787583,22457
21212,22457
21212,22457
21212,22457
1787583,22457
1787583,21212
1787583,21212,22457
1787583,21212,22457
1787583,21212,22457
1787583,21212,22457
1787583,21212,22457
1787583,21212,22457
1787583,21212
1787583,21212,22457
1787583,21212
21212,22457
1787583,21212,22457
1787583,22457
1787583,22457
1787583,21212,22457
1787583,22457
1787583,21212
1787583,22457
1787583,22457
1787583,21212
1787583,21212
1787583,22457
1787583,21212,22457
1787583,21212
1787583,21212,22457
1787583,22457
1787583,22457
1787583,21212
1787583,21212
21212,22457
1787583,21212
1787583,21212
1787583,22457
1787583,21212
1787583,21212,22457
1787583,22457
1787583,21212,22457
21212,22457
1787583,21212
1787583,22457
1787583,21212
21212,22457
1787583,22457
1787583,22457
21212,22457
1787583,21212
21212,22457
1787583,22457
1787583,21212
21212,22457
21212,22457
1787583,21212,22457
1787583,21212
1787583,21212
1787583,21212
1787583,22457
1787583,22457
1787583,21212
1787583,22457
1787583,22457
21212,22457
1787583,21212,22457
21212,22457
1787583,22457
21212,22457
1787583,22457
1787583,22457
1787583,21212
1787583,22457
1787583,21212,22457
1787583,21212
1787583,22457
1787583,21212
1787583,21212,22457
1787583,22457
1787583,22457
1787583,21212,22457
1787583,22457
1787583,22457
21212,22457
1787583,22457
1787583,21212,22457
21212,22457
21212,22457
1787583,22457
1787583,21212,22457
1787583,22457
1787583,22457
1787583,22457
1787583,21212
1787583,22457
1787583,21212
1787583,21212,22457
1787583,22457
21212,22457
1787583,21212,22457
21212,22457
1787583,22457
1787583,22457
1787583,22457
1787583,21212
1787583,21212
1787583,22457
1787583,21212,22457
1787583,21212
21212,22457
1787583,21212,22457
1787583,21212
1787583,21212
1787583,22457
1787583,22457
1787583,21212,22457
1787583,22457
21212,22457
21212,22457
21212,22457
1787583,21212
1787583,21212,22457
1787583,21212
1787583,21212,22457
1787583,22457
1787583,21212
1787583,22457
1787583,22457
1787583,22457
21212,22457
21212,22457
1787583,22457
1787583,21212
21212,22457
21212,22457
1787583,22457
1787583,21212
1787583,21212
1787583,22457
1787583,21212,22457
1787583,22457
21212,22457
1787583,22457
1787583,21212
1787583,22457
21212,22457
1787583,21212
21212,22457
1787583,21212
1787583,21212
21212,22457
1787583,21212,22457
1787583,22457
1787583,21212
1787583,21212
1787583,22457
1787583,21212
1787583,22457
1787583,21212,22457
1787583,21212,22457
21212,22457
1787583,21212
1787583,22457
1787583,21212
1787583,21212
1787583,21212,22457
1787583,21212,22457
1787583,22457
1787583,21212,22457
1787583,22457
1787583,21212
1787583,22457
1787583,22457
1787583,21212
1787583,21212,22457
1787583,21212
1787583,22457
1787583,21212,22457
21212,22457
1787583,22457
21212,22457
1787583,22457
1787583,22457
1787583,21212,22457
1787583,22457
1787583,21212
1787583,21212
21212,22457
1787583,22457
1787583,22457
1787583,22457
1787583,21212
21212,22457
1787583,22457
1787583,22457
1787583,22457
1787583,22457
1787583,21212
1787583,22457
1787583,21212,22457
21212,22457
1787583,22457
1787583,22457
21212,22457
1787583,22457
21212,22457
1787583,21212
21212,22457
1787583,22457
1787583,22457
1787583,21212
21212,22457
1787583,21212
1787583,21212,22457
1787583,22457
1787583,22457
1787583,22457
21212,22457
1787583,21212
21212,22457
1787583,21212
1787583,21212
21212,22457
1787583,22457
1787583,21212
21212,22457
1787583,21212,22457
21212,22457
1787583,22457
1787583,21212
1787583,22457
1787583,21212,22457
1787583,22457
21212,22457
1787583,21212
1787583,22457
1787583,21212
1787583,22457
21212,22457
1787583,22457
1787583,21212
1787583,22457
21212,22457
1787583,22457
1787583,21212
1787583,21212,22457
21212,22457
1787583,21212
1787583,21212
1787583,22457
1787583,22457
1787583,21212
1787583,21212
1787583,21212,22457
1787583,21212
21212,22457
1787583,21212
1787583,22457
1787583,21212
1787583,22457
1787583,21212
1787583,21212,22457
1787583,21212
1787583,22457
1787583,22457
1787583,22457
1787583,21212
1787583,22457
21212,22457
1787583,21212
21212,22457
1787583,21212
1787583,21212
1787583,21212
1787583,21212,22457
1787583,21212
1787583,21212
21212,22457
1787583,21212
1787583,21212,22457
1787583,21212,22457
1787583,21212
21212,22457
1787583,21212
1787583,22457
1787583,21212,22457
1787583,22457
1787583,21212
1787583,22457
21212,22457
1787583,22457
1787583,22457
1787583,22457
1787583,21212
21212,22457
1787583,21212,22457
1787583,22457
1787583,22457
1787583,22457
1787583,21212
1787583,22457
1787583,21212
1787583,21212,22457
1787583,22457
21212,22457
1787583,21212
21212,22457
1787583,21212
1787583,22457
1787583,22457
1787583,22457
21212,22457
1787583,22457
1787583,21212
1787583,22457
1787583,21212
1787583,22457
21212,22457
1787583,21212,22457
21212,22457
1787583,21212
1787583,22457
1787583,21212
21212,22457
1787583,22457
1787583,22457
1787583,21212,22457
1787583,22457
1787583,21212,22457
1787583,22457
1787583,22457
1787583,21212
1787583,21212
1787583,22457
21212,22457
1787583,22457
1787583,21212,22457
1787583,22457
1787583,21212
1787583,22457
1787583,21212,22457
1787583,21212
1787583,21212
1787583,21212,22457
1787583,22457
1787583,22457
1787583,21212,22457
1787583,21212,22457
1787583,21212
1787583,22457
1787583,21212
1787583,21212
1787583,22457
1787583,22457
1787583,22457
1787583,21212
21212,22457
1787583,22457
1787583,22457
1787583,21212,22457
1787583,22457
1787583,21212
1787583,21212
1787583,21212,22457
1787583,21212,22457
1787583,22457
1787583,22457
1787583,22457
1787583,22457
1787583,21212,22457
1787583,21212,22457
1787583,22457
21212,22457
1787583,22457
1787583,21212,22457
21212,22457
1787583,22457
1787583,22457
1787583,21212
1787583,21212,22457
1787583,21212
21212,22457
21212,22457
1787583,21212,22457
1787583,22457
1787583,21212,22457
1787583,21212
21212,22457
1787583,21212
1787583,21212
1787583,21212,22457
1787583,21212,22457
1787583,21212
1787583,21212,22457
1787583,22457
1787583,22457
1787583,22457
1787583,22457
1787583,21212,22457
1787583,21212
1787583,21212,22457
1787583,22457
1787583,22457
1787583,22457
1787583,22457
1787583,21212
1787583,21212,22457
1787583,22457
1787583,21212
1787583,21212,22457
21212,22457
1787583,22457
1787583,21212,22457
1787583,22457
1787583,21212
1787583,21212,22457
1787583,21212
21212,22457
1787583,21212,22457
1787583,21212,22457
1787583,21212,22457
21212,22457
21212,22457
1787583,21212
1787583,22457
1787583,21212
1787583,21212
1787583,21212,22457
1787583,21212,22457
1787583,21212,22457
1787583,21212,22457
21212,1787079,435225,1784937
1787583,1787079
1782459,21212
1787583,1786029,435225
1786029,21212
1782459,21212,1784937
1786029,435225
1786029,21212
1782459,21212,1787079
1782459,1787583,470883
1787583,1776516
1787079,1784937
1786029,470883
1787583,1787079
1786029,21212,1787583,22457,470883,1787079,435225
1787583,1787079
1787583,1787079
1787583,22457
1786029,21212,1787583,470883,1776516,1782459,998886,1787079,435225
1787583,22457,470883,1782459,1787079
1786029,21212
1787079,1784937
1782459,470883
1786029,21212,470883,1784937
1782459,1786029,22457
1782459,1787583,21212
21212,435225
1782459,470883
1782459,470883
1787583,1786029
435225,1784937
1786029,1787583
22457,470883,998886,1787079,435225
1787583,435225
998886,1787079,435225
22457,1776516,998886,1787079,435225
1786029,1787079
1787583,21212,22457,1786029,470883,1782459,998886,1787079,435225
1787079,1784937
1782459,1786029,21212
21212,470883
998886,470883
1787583,1787079
1787583,1786029,21212,470883,1784937,1787079
21212,1787079
1782459,1786029
1782459,1787583
22457,1784937,1787079
998886,470883,1784937,435225
1787583,21212,22457,1787079,1776516
1782459,1786029
1786029,21212,22457,470883,1784937,1787079,435225
1782459,22457,435225,1787079
1787583,1787079,1776516,998886
1782459,998886,21212
1786029,470883
1786029,1787079
1782459,1787583,1776516
22457,435225
21212,470883
21212,1787079
1786029,1787583,22457,21212,470883,1776516,1782459,1787079,435225
1782459,1787583
1786029,21212,22457,1787583,470883,1784937,1787079,435225
1787079,1784937
1787583,22457,470883
22457,1776516
1787079,435225
1787079,470883
21212,1784937
1787583,22457,435225
22457,470883
1787079,435225
1782459,1787583
1782459,1786029,470883
1787583,470883
1782459,1786029,470883
1786029,1787583,21212,22457,470883,1784937,1776516,998886,435225
1782459,1787583
1782459,1786029
1787583,22457
1787583,1787079,470883
1782459,1787583,21212
1787583,470883
1787583,1787079
1782459,22457,470883,1784937
21212,470883
1782459,21212
1786029,21212,22457,1787583,470883,1784937,1776516,998886,1787079,435225
1786029,21212,1787583,470883,1784937,1787079
998886,22457,435225,1787079
22457,435225,998886,1787079,1776516
435225,22457,1776516,1787079
1787079,1776516,435225
21212,470883
1787583,1787079
1787583,21212,22457,1786029,470883,998886,1787079,435225
1787583,21212
21212,435225,1784937
1782459,998886
21212,1776516,470883
998886,1786029
1787079,470883
1787583,1787079
1782459,1787583,1776516
1787583,22457,435225
1782459,21212,1787079
1787079,435225
22457,470883
1786029,1787583,22457,21212,470883,1784937,1782459,998886,1787079,435225
1782459,1787583
1786029,21212,1787079,470883
1786029,1787583
1787079,470883
1782459,1787583
1782459,22457,1784937
1782459,1787079,435225
1786029,470883
1782459,435225
1787583,435225,1784937,470883
21212,470883
21212,22457
998886,1787583
1787583,21212,1786029,1787079
1787583,1776516
1786029,21212,1787583,22457,470883,1784937,1776516,998886,1787079,435225
21212,1784937
1782459,1787583,998886
1787583,998886
1787583,470883
998886,22457,470883,435225
22457,470883,1776516,998886,1787079,435225
470883,435225,998886,1787079,1776516
998886,1787079
1787583,1786029
1786029,21212
21212,470883
1787583,21212,1786029,22457,470883,1776516,1782459,1787079,435225
21212,470883
1782459,435225
1786029,1787583,22457
21212,22457
470883,435225
1782459,1787583,435225
1787079,435225
1786029,21212,22457,1787583,470883,1776516,998886,1787079,435225
1787583,1787079,435225
1787583,21212,1786029,470883,1784937,1787079
21212,1787079,1776516
21212,1787079
1787079,22457
1786029,1784937
1787583,1787079,435225
1786029,1787583,1784937
1786029,21212
1787583,1787079
1786029,1787583,1787079,470883
1782459,1787079,470883
1782459,1787583,1786029,998886
1786029,21212,1787583,22457,470883,1784937,1782459,998886,1787079,435225
1787583,22457,998886
1787583,470883
1787583,21212,22457,1786029,470883,1784937,1782459,1787079,1776516
1782459,22457
1787079,22457
21212,22457
1786029,1787583
1787583,21212,22457
1782459,1786029
1786029,435225,1784937
1787583,21212,1786029,470883
1782459,1786029
1782459,1784937
1787583,1787079
477120,1787079
1787583,22457
1786029,1784937
21212,435225
1787583,21212,1784937,477120,1787079
1787583,1787079
1787079,435225
1782459,998886,1787583
1782459,1787583
1782459,1784937
1787583,1787079,1784937,22457
1787583,21212
1787583,477120
477120,470883
1786029,1787583,21212,470883,1784937,1787079
22457,435225,998886,1787079,1776516
1782459,21212,1787079
1782459,22457,470883
1787079,470883
1787583,470883
21212,435225
1787583,21212
1782459,1784937
1782459,1787583,22457
477120,22457
1787583,477120
1787583,1787079
1787583,22457
1787583,435225
1782459,477120,435225
477120,21212
1786029,21212
1787079,435225
1786029,477120
477120,21212
1787583,435225
1787583,22457,1784937
1786029,435225
1782459,1787583
1786029,435225
1782459,1787583
1787583,470883
1782459,1787583,22457,470883
1786029,477120
1787583,477120
1787583,1787079
477120,22457
1787583,22457
1787583,1787079
1787583,477120
1782459,477120
21212,477120
1787079,435225
1786029,21212,22457,1787583,470883,1782459,998886,1787079
1787583,21212,22457,470883,1784937,1782459,435225,1787079,1776516
1786029,21212,22457,1787583,470883,477120,998886,1787079,1776516
1782459,1787583
477120,470883
1786029,470883
1787583,21212,22457,1786029,470883,1784937,1782459,477120,998886,1787079,435225
1787583,22457,470883,1784937,477120,435225,1787079,1776516
1787079,1784937
1782459,1787583
1786029,1787583
1786029,470883
435225,1784937
998886,1787583
1787583,1786029
477120,1784937
1786029,22457,470883,477120,998886,1787079
1787079,435225
1786029,477120
477120,470883
1787583,470883
1787583,1787079
1787583,477120
998886,21212,22457,470883
1787583,21212,22457,470883,477120,1787079,435225
21212,1784937
477120,470883
1787079,470883
1786029,21212,22457,470883,477120,1787079,435225
1786029,1787079,470883
22457,470883
1787583,21212,477120
1786029,1787583,22457,21212,470883,477120,998886,435225
1782459,22457
1787583,21212,470883,477120,1787079
21212,1784937
998886,22457,1776516
1787079,1776516
22457,1787079
1787079,22457
998886,22457
998886,1776516
1786029,21212,1787583,470883,1784937,1787079
477120,470883
1786029,470883,998886
1787583,477120
1786029,22457,470883
1787583,435225
1787583,477120,998886
1787583,1787079
1787583,1786029
477120,1787079
21212,1787079,470883
1782459,21212,470883,477120
1786029,22457,470883,477120,435225,1787079,1776516
1787583,22457
1787583,1787079
477120,22457
1786029,1787583,470883
1782459,477120,21212,435225
1786029,998886
477120,1787079,1784937
22457,470883
21212,470883,1784937,998886,1787079
1786029,1787583,22457,477120,998886,1776516
1787583,1784937
1782459,1787583
1782459,477120,22457
1787583,21212
1787079,435225,470883
1782459,1787583,477120
1782459,1787583
21212,1787079,1784937
1787583,998886
1786029,22457,470883,1787079,1776516
1787079,1784937
477120,1787079,435225,1784937
1782459,470883
1786029,1776516
1782459,1787583
1782459,1787583,477120,22457
1786029,1787079,1776516,22457
998886,1787583,22457
1787583,477120
1787583,22457,1782459,1787079,435225
998886,1787079,435225,1784937
998886,1787079,435225,1784937
1787583,1787079,435225
1787583,21212,22457,1782459,1787079,435225
1787583,477120,470883
477120,470883
1787583,21212,470883,1782459,1787079
21212,1787079,477120,22457
21212,435225
1786029,470883,477120,435225,1787079,1776516
477120,22457,1784937,1787079
1786029,1787079,470883,1784937
1787079,470883
1787079,1784937
1787583,477120,470883
1787583,22457
1787583,21212,470883,1784937,477120,998886,435225
21212,22457,435225,477120
1787079,1784937
22457,470883,1784937,477120,998886
21212,470883
998886,1787079,435225,1784937
1786029,1776516,435225
21212,435225,1784937,1776516
1787583,470883
1787583,22457
1786029,998886,1787079,1776516
998886,1787583,435225,470883
21212,1784937
998886,1787583
477120,1787079
1782459,477120
1787583,22457
477120,1787079
1786029,1787583,477120,22457
1787583,1787079
1787583,1787079
1782459,1787583,21212,470883
477120,435225
477120,22457
998886,477120,470883
1786029,21212,22457,1782459,477120,1787079,1776516
1787583,22457
998886,1787079,470883
1782459,470883
1786029,1787079,470883,998886
1787079,435225
1786029,21212,22457,477120,1776516
1782459,1787583,477120,22457
1782459,470883
477120,470883
477120,21212,1784937
1786029,21212,1787079,1776516
1782459,1786029
1782459,1787583
1782459,1787583
477120,22457
1782459,1786029,21212,470883
1786029,477120
1787583,998886
1786029,22457,1782459,477120,435225,1787079,1776516
1787079,470883
1786029,21212,1787079,470883
1787583,477120,22457,998886
1782459,1787583,22457,470883
1782459,477120
1786029,1787583,21212,22457,1787079,1776516
477120,21212,470883
1787583,477120,470883,1784937
477120,470883
998886,477120,470883
1787583,21212,22457,1784937
1787583,998886
21212,1787079,435225,1784937
1786029,21212,1787583,470883,1784937,1787079,1776516
1787583,477120
1782459,1787583,477120,22457
1787583,477120,22457
1786029,22457,998886
21212,470883
21212,435225,470883
1786029,1787583,21212,22457,1784937,1782459,435225,998886,1787079,1776516
22457,1787079
1782459,998886,22457,470883
21212,1784937
1782459,1786029
998886,1784937
21212,435225,477120
1786029,1787583,1776516,477120,998886,1787079,435225
1787079,435225
998886,1787079
998886,1787079
998886,1787079,22457
1787583,21212,1787079,1784937
1787079,435225,1784937
21212,1787079,435225
1782459,470883
1787079,1784937
1787583,22457
21212,435225,1784937
22457,470883,1784937,1782459,477120
1787583,1787079,435225,22457
1786029,21212,22457,435225,1787079,1776516
1786029,477120,435225,470883
1787583,21212,1784937
1782459,1787583
22457,435225,1787079
1786029,1787079,470883
435225,470883
1787583,435225
21212,477120
477120,22457
1782459,1787583,477120,22457
998886,477120
1782459,998886,1784937
998886,477120,1787583,22457
477120,470883
1787079,435225,1784937
1787583,470883
998886,1784937
998886,477120
1787583,22457
1786029,21212,1784937,435225,1787079,1776516
1786029,21212,22457,998886,1787079,1776516
1786029,1787583,470883,1784937,477120,998886,1787079,1776516
1787583,1786029,22457,1782459,435225,998886,1787079,1776516
1787583,1787079
21212,470883
998886,22457,1787079
1787079,22457
1786029,1787079,1776516,470883
1787583,1787079,435225
1782459,1787079
998886,1787079
1787583,477120
1787583,22457,470883
998886,477120
1786029,21212,22457,477120,998886,1776516
1786029,21212,1787079
1787079,435225
1787583,1787079
1786029,1787583,21212,1787079
1787079,435225,1784937
998886,1787079
1782459,1787583,21212,22457
1786029,21212,22457,477120,1776516
1787583,21212
1786029,470883
21212,1787079,435225
998886,22457
1787583,22457,1784937
1787583,470883
1787583,470883
477120,22457,435225
1786029,470883,998886,1787079,1776516
1787583,1786029,22457,21212,470883,477120,435225,1787079,1776516
1787079,435225
21212,1787079,477120,1784937
1786029,477120
1787583,477120
477120,470883
1786029,21212,1787583,470883,1784937
998886,1787079
998886,21212,1787079,1784937
1787583,470883
1787583,22457,1787079
1786029,21212,22457,477120,1787079,1776516
1786029,21212,22457,470883,477120,998886,1787079,1776516
998886,1787583,1787079
1782459,477120
1782459,1787583,477120
1786029,477120,998886
1787079,22457
477120,21212
1787583,21212,470883
1787079,1784937
1787583,22457
1787583,477120
1787079,435225
998886,1787079,435225
1787583,21212,470883,477120,1787079,1776516
21212,477120,1787079,470883
21212,477120
1782459,470883
998886,477120,1787079
1787079,435225
21212,435225
477120,1787079
477120,470883
1782459,477120,470883
998886,470883
477120,1784937
998886,1787583,22457,470883
435225,1784937
1787079,470883
1787583,477120
1787583,22457
1787079,1784937
998886,22457
477120,1784937
1787583,1787079,435225,22457
1787583,22457
1787079,435225,22457
998886,21212,435225
1787079,1784937
1787079,435225
998886,1787079
477120,1787079,1784937
998886,1784937
1782459,21212,470883
1787079,435225
1787583,21212,1787079
1787583,22457,470883
1787583,21212,22457,477120,435225
998886,21212,470883
21212,22457,435225,1787079
477120,21212,470883
1787583,1786029,21212,1787079,435225
21212,1787079,22457
22457,470883
1786029,470883
470883,435225
477120,22457,470883
1787583,1784937
477120,21212
1782459,1787583,477120
1786029,477120,22457
1782459,1776516,1784937
21212,22457,1784937,1787079,435225
1787583,21212,22457,477120,1787079,435225
1787583,477120
1787583,22457
1786029,21212,470883
1787583,435225
477120,1787079
998886,477120,470883
1782459,1787583,22457
998886,477120,470883
1787079,470883
21212,22457,470883,477120,1787079,435225
1782459,1787583,477120
1787583,22457
477120,470883
21212,22457,477120
1787583,470883
1787583,22457,470883
1786029,22457
21212,435225,1784937
21212,470883
1786029,470883
1782459,435225
22457,470883,1784937,1782459,477120
1782459,1787583
998886,21212,470883
1787583,22457,435225
1787583,21212,1784937,1782459,477120,1787079
477120,22457,470883
1787583,477120
1782459,1787583,470883
1787583,22457
1787583,1776516
1787079,1784937
477120,21212
998886,22457
1782459,1784937
1787583,477120,22457
477120,22457,470883
998886,21212,470883
1787583,1776516,435225
1787583,21212,22457,1787079,435225
1787583,21212,1787079,435225
21212,435225
1782459,435225
998886,21212,470883,1784937
1782459,477120
477120,470883
477120,1784937
477120,22457
1782459,477120,470883
998886,21212
21212,1787079,435225
998886,1787079,470883,22457
998886,21212,1787079,435225
1786029,477120,1787583,998886
21212,477120
1782459,998886
1782459,1787583
1782459,1787583,1776516
1787583,1787079,435225
1782459,470883
21212,470883
1787583,1787079,998886
1782459,1787583,1787079,998886
1787583,1787079
1786029,477120,1787079,998886
22457,1787079
1782459,477120
1787583,22457
21212,1787079,1784937
21212,435225,1784937
1787079,435225,1776516
1787079,435225
21212,22457,470883,1784937
998886,21212,477120
1776516,1784937
1782459,477120,22457,470883
1787583,22457,477120,998886,1787079
1787583,21212,22457,470883,998886,1787079
1787583,477120,22457
1787583,1787079,470883
1787079,435225
470883,435225
1787583,477120
1787079,22457
1782459,1787583,21212,22457
1776516,470883
477120,22457
1787583,470883
998886,1787079,435225
1787079,435225
1787583,1784937
477120,470883
1787583,22457
1787583,1787079,470883,998886
1787079,435225
1787583,477120
1787583,470883
1787583,22457
1787583,1787079
1787583,21212,470883,1784937,435225,1776516
477120,470883
998886,22457
1786029,477120,435225
1787583,21212,22457,477120,1787079
21212,1787079,470883
1782459,1787583
1787583,21212,22457,1782459,1787079,435225
1787583,477120
21212,22457
1787583,1787079,435225
21212,477120
1787583,435225
998886,1787079,435225
1787079,435225
477120,435225
1786029,1787583,1784937
1786029,21212,470883,1784937,477120,1787079,435225
1787583,477120
1786029,477120,21212,435225
998886,477120,470883
998886,1787079,435225
998886,1787079,435225
998886,470883
998886,21212,1784937
998886,21212
1787583,21212,470883,477120,1787079
1782459,477120,1787079
998886,477120,1787079,470883
1782459,998886,1787583,22457
998886,22457,470883
998886,477120
1782459,1787583
1787583,1786029,21212,998886,1787079,1776516
435225,1784937
1787583,21212,22457,470883,477120
1786029,470883
1787583,470883
998886,477120
1787583,21212,22457,477120,998886
1786029,1787583,1787079,435225
1787583,22457
1787079,435225
1787583,22457,435225,1787079
1787583,1787079
1786029,470883,1782459,477120,998886,1787079
1787583,22457
998886,21212,470883,1784937
1787079,435225
1787079,435225
1787583,21212,470883,477120,1787079,1776516
998886,477120,435225
1787583,1787079,435225,1784937
21212,1787079
477120,470883
1782459,477120,435225
21212,435225
998886,435225
435225,1784937
22457,435225,1787079
998886,1787079,435225
998886,1787079,435225
21212,1787079
21212,1787079
998886,477120,22457
1787583,470883
1787583,21212,22457,470883,477120,998886,1787079,435225
1787583,470883,477120,1787079,435225
1782459,470883
1782459,998886,470883
1787583,470883
998886,1787079
1782459,22457
1787583,21212,470883,477120
1787583,22457
1776516,470883
21212,435225,1784937
477120,435225,1784937,470883
477120,470883
998886,21212,470883,1784937
22457,1784937
1787583,22457
477120,1784937
998886,477120,1787079
1782459,1787079
1787583,1776516
477120,1787079,435225
1787583,477120,435225
1782459,1787583,1784937,998886
998886,477120
21212,477120,998886,1787079,435225
477120,22457
1786029,477120,22457
21212,470883
1786029,470883
21212,477120,1787079,998886
1787583,21212,477120,470883
477120,1787079,470883,435225
1782459,477120
1782459,998886,21212,435225
1787583,477120,470883,435225
1782459,1786029
1782459,470883
477120,22457,435225
1782459,21212,435225
1786029,21212,1787079,435225
21212,470883,1784937
1787079,22457
1787079,435225
1786029,998886
477120,21212
1786029,477120
477120,470883
477120,1787079,435225
1782459,1787583
21212,1787079
1782459,1787079
477120,470883
1786029,477120,1787079
21212,435225,1784937
998886,477120,470883
1782459,1786029,470883
1782459,1787583,435225
477120,1787079,22457
1787583,22457
998886,22457
1782459,22457
998886,1787583
1782459,22457
1782459,1787583,22457
1787079,435225
1782459,22457
1787583,477120
1782459,1787583,470883
1782459,1787583
1787583,1782459,477120,998886,435225
998886,22457
477120,1787079
21212,1784937,477120,998886,1787079
21212,435225
1782459,998886,435225
477120,1787079
1787583,1787079
435225,1784937
477120,1787079,1784937,22457
998886,435225
1786029,1787079,22457
1787079,1776516,1784937,435225
1787079,435225
1787079,1776516,435225
477120,1787079,435225,1784937
1787583,22457
998886,21212,470883,1784937
1787583,22457,470883
21212,477120
21212,1787079,435225
435225,1784937
1787583,1776516
477120,470883
21212,435225,470883
998886,477120
998886,470883
21212,1784937,477120,435225,1787079,1776516
1786029,477120
1782459,1787583,21212,1784937
477120,470883
21212,477120,470883
21212,1787079,477120
1787079,1784937
1787079,435225
435225,1784937
1782459,470883
21212,470883,477120,435225,998886,1787079,1776516
477120,470883
21212,477120,435225
998886,477120,22457,1784937
998886,477120,470883
1786029,477120
1782459,470883
1786029,1776516
1787583,477120,1786029
477120,21212
1787583,470883
477120,22457
21212,1776516,477120
1787079,435225,1784937
1787079,470883
477120,21212,470883,1784937
1782459,477120
1787583,21212
477120,1787079
1787583,21212,1786029,22457,435225,1787079,1776516
1782459,470883
435225,1784937
21212,477120
1787583,21212,477120,998886,435225
22457,1784937
1787583,470883
998886,1786029
477120,470883
1787583,1787079,1784937
1787583,477120,470883
21212,1787079,1784937
1787079,1776516
21212,1787079,22457
1782459,1787583,470883
998886,1787583,1787079,21212
1787583,21212,22457,477120,998886,1787079
470883,435225
1787583,470883
21212,477120
1782459,470883
1787079,435225
1787079,435225
998886,1787079,435225
22457,435225,1784937,1787079
998886,21212,470883,1784937
1787079,22457
998886,1787583,1787079
1782459,1787583
1787583,1786029,22457
1787079,435225
477120,21212
1782459,998886,477120,1787583
1787583,21212,477120,1787079,435225
1787583,470883,1782459,477120,1787079,435225
1782459,1787583
477120,1787079,470883
1787079,470883
998886,21212,1787079
998886,477120
1787583,22457,470883,1787079
1786029,1784937
1787583,22457,477120,998886,1787079,435225
998886,470883
21212,22457
21212,1787079
1782459,470883
21212,435225
435225,1784937
998886,1787079
22457,1784937
1782459,1787583
998886,1784937
1786029,477120
477120,22457
477120,1787079,470883
21212,22457,1784937,1787079,435225
477120,1787079,435225
477120,1787079,435225
998886,21212,470883,1784937
1787079,435225
470883,1784937
1787079,470883,435225
477120,435225
1787583,998886
1787583,22457
1787583,477120
998886,22457
1787079,435225,470883
1782459,1787583
21212,477120
1782459,470883
1786029,1787583
1787079,470883
1787079,470883
21212,22457,470883,477120
21212,1787079
477120,1787079
21212,1776516,477120
1787583,477120,1787079
1787583,998886
1787079,22457
1787583,21212
998886,22457
1787583,1787079
1782459,1786029,477120
1786029,470883
1787079,1784937
477120,21212
477120,22457,470883
1787079,435225
1787583,21212,470883,477120,998886,1787079
998886,477120,1787079
21212,470883,1782459,477120,998886,435225
477120,1787079
477120,22457
1786029,1787583,1787079,998886
21212,477120
1787583,22457
1787583,477120
1787079,435225
1782459,1787583,470883
22457,1784937
1782459,1787079
1787583,22457,470883,998886,1787079,435225
21212,470883,477120
21212,22457,470883,1784937
998886,22457
21212,1787079
998886,21212,1787079,470883
1786029,21212,435225,470883
477120,22457
1787583,477120,1787079,998886
477120,470883
477120,470883
1782459,470883
1787583,477120,470883
477120,21212,470883
998886,470883
1787079,470883,1776516
21212,1787079,470883,435225
998886,477120
1786029,1787583,470883,1782459,998886,435225
1782459,477120,470883
470883,1784937
1787583,435225
998886,477120
1786029,435225,1784937
1787079,470883
1787583,1787079,435225,998886
1787583,470883
21212,435225
1787583,1787079,1776516
1787583,22457,470883,477120,998886
477120,470883
1787583,1786029,470883,1782459,477120,998886
1786029,477120
21212,1776516
1782459,1787583
1787079,435225
1787079,22457
1782459,22457
1787583,1787079
1787583,21212
1782459,1787583,477120,1787079
1787583,21212,1776516,998886
1787583,470883,998886
1786029,21212,470883
21212,22457,470883,477120,998886,1787079
998886,1787583
1787583,22457
1782459,477120,1787079,1784937
1782459,477120
1787583,998886,477120,22457
1787583,1784937
998886,21212
998886,477120,1786029
1782459,1787583
1782459,1787583,477120
998886,1787583,435225,1787079
1787583,477120,470883
1782459,22457
1786029,21212,470883,1784937,998886
1787079,1776516,1784937
998886,1787079
477120,1787079,1784937
998886,477120,21212,470883
998886,477120
1787583,1784937
998886,477120,1787079,22457
477120,470883
477120,1787079
477120,1787079,470883
1787583,22457,1787079
1787079,1776516
1782459,477120
1787583,21212,470883,1782459,998886,1787079
21212,477120,1787079,1776516
477120,435225
1787583,22457,1787079
21212,1787079
1787583,21212,1784937,477120,1787079,435225
1782459,22457
477120,470883
477120,1787079
1782459,477120
1782459,1787079,435225
21212,1784937,477120,998886,1787079
1787583,435225
1782459,1787079
998886,477120,21212
477120,1787079
1782459,470883
998886,435225
477120,21212,470883,1776516
998886,1787583,1776516,435225
1787583,21212,22457
1787583,470883
1787583,1784937
1787583,21212,1787079,477120
1786029,1787583
21212,1787079,1784937
21212,1787079,470883,435225
998886,470883,1784937
998886,1787583,470883
1787583,477120
1776516,470883
1787079,1784937
1787583,470883
1782459,1787583
477120,21212
1787583,477120,470883
1782459,477120
1782459,998886,477120
998886,470883
998886,477120
21212,477120,435225,998886,1787079,1776516
477120,435225
998886,477120,1787079,22457
1787079,435225
998886,22457
21212,1787079
477120,1787079,470883,1784937
1787583,477120,22457,1787079
477120,470883
1787583,435225,998886
1787583,1784937,1782459,1787079,435225
1787583,1787079
1787583,22457,470883,1782459,477120,435225,998886,1787079,1776516
998886,477120,470883
998886,1787583
1782459,477120
998886,21212,470883
1782459,998886,470883
1782459,1787583,998886
22457,470883
998886,21212,470883,1784937
477120,22457
1787583,21212,435225
477120,21212
1786029,22457,470883,477120,998886,1787079
1782459,477120
477120,1787079
1782459,1787583
998886,21212
1782459,477120
1787583,22457,998886,1787079,1776516
21212,1787079,470883
998886,470883
21212,1782459,477120,998886,435225
998886,477120,22457
477120,21212
1782459,477120,435225
998886,477120,435225,470883
22457,435225
1786029,477120
998886,22457
1787583,470883,1784937
1787583,998886,477120,21212
998886,477120
1787583,470883
1787079,435225
1786029,435225
1782459,1787079
1787583,477120,22457
477120,21212,470883
1787583,1776516
21212,470883,1784937,998886,435225
1786029,477120,1787079,435225
998886,477120,1787079
1786029,1787079
1787079,1784937
998886,1787079,435225,1784937
22457,435225,1787079
998886,1787079
1786029,1787079
1782459,470883
1786029,21212,1787079,477120
1782459,998886
21212,1787079
998886,477120
1782459,477120
1782459,22457,1787079
1782459,998886,1787583,470883
1782459,1787583
998886,1787583
1782459,998886,477120
21212,470883
1787583,1786029,435225
998886,470883
477120,470883
998886,435225
998886,470883
1787079,435225
1782459,1787583
477120,1776516
1787583,470883
1786029,470883,1784937
998886,435225,1784937
21212,435225
1782459,998886
1787583,477120
1786029,21212,22457,470883,1776516,1787079,435225
1787583,22457,477120,998886,1787079
1787583,477120,1776516
21212,1787079,435225,1784937
21212,22457,470883,1784937,477120,1787079,1776516
477120,435225
477120,435225,1784937
1787583,477120,1786029,1776516
1782459,470883
477120,470883
1787583,1787079,998886
1787583,1787079
21212,470883,1784937,998886,435225
998886,477120,1787079,435225
998886,1787079,435225
1786029,1787079
998886,477120,21212
1787079,470883
1786029,435225
998886,1787583,1787079,22457
1782459,998886
1786029,477120,1787583
477120,1784937
21212,1787079,22457
998886,1787583
1782459,477120
1787583,22457,998886
1787583,22457,470883,477120,1787079,1776516
1787583,1787079,998886
1786029,1787583,435225
1787583,470883
1787583,21212,1786029,1782459,998886,1776516
998886,1787079
21212,435225
1782459,1787079
22457,1784937,1787079
1786029,477120
1787583,470883,998886
477120,21212
1787583,22457
998886,21212
477120,21212,470883
477120,22457
998886,1787079,435225
21212,470883,477120
1787079,470883
1782459,477120,22457,1784937
1787079,435225
477120,1787079,435225,1776516
1782459,435225
22457,470883
998886,1787079,470883
1787583,21212,470883,998886,435225
1782459,21212,435225
1786029,477120
1782459,1776516
21212,22457,470883,998886,1787079,1776516
1787583,21212,470883,477120,998886,1787079,435225
22457,470883,477120,998886,1776516
1782459,1787583
1787583,477120
435225,1784937
1787583,477120,470883
1787583,21212,22457,1784937,1782459
1782459,998886,21212,1787079
998886,1787079
1782459,998886
1782459,998886
1782459,477120
21212,1787079,435225
1782459,998886,435225
477120,1787079
1787583,22457,998886,1787079,1776516
1787583,1786029,22457,470883,477120,998886,1787079,435225
21212,470883,1784937,998886,435225
1787079,1784937
998886,1787079,22457
998886,22457,1776516,1787079
21212,435225
1787583,21212,22457
1787583,22457,470883
998886,477120
1787583,21212,1784937
1782459,1787583
1782459,477120,1784937
1787583,1776516,1784937
21212,1784937
477120,1787079,435225,22457
1782459,998886
22457,470883
1787583,21212,22457,998886,1787079
22457,435225
1786029,998886,1787079
998886,1787079,1784937
1787583,998886
998886,1787079
1786029,998886
1782459,470883
1787583,1784937
1787583,477120,470883
21212,435225
1787583,21212,435225,1787079,1776516
1782459,477120,1787079,435225
1787583,477120,470883
1787583,21212,1786029,998886
21212,1776516,435225,477120
1782459,477120
998886,1776516
477120,1787079
1787079,435225
1787583,998886
1786029,1776516
21212,1787079,435225
1782459,1786029,21212,470883
1787583,477120,22457
1782459,470883
1787583,1787079
998886,470883
470883,435225
1787583,477120
435225,1784937
21212,1776516,470883
1782459,22457
21212,1787079,470883
998886,477120,470883
1787583,22457,1784937,998886,435225
1787583,21212,22457,470883,998886,435225
1786029,21212,470883
22457,470883
1787079,470883,435225
21212,435225,470883
1782459,1787583
1787583,22457,470883,1784937,435225,998886,1787079,1776516
1787079,435225
1782459,1787583,470883
1787583,998886
21212,470883
1786029,477120,21212,470883
1787583,1786029,470883
1782459,998886,470883
477120,1787079
21212,1787079
1787079,1776516
1786029,1787583,1776516,477120,1787079,435225
998886,477120,22457,435225
1782459,1787583,22457
1782459,998886,470883
1782459,21212,477120
1787583,22457
1787079,435225
1786029,21212
1782459,1787079
21212,1787079,1776516
1787583,22457,470883,435225,998886,1787079,1776516
1786029,1784937
21212,1787079,435225
1787583,998886
21212,1787079,470883
998886,1787079,435225
21212,1787079,470883
1787583,1787079
21212,477120
1787583,1787079
998886,470883
1782459,998886,22457
1782459,1786029,22457
21212,470883,1784937,998886,435225
1787079,1776516
477120,1787079,1784937
1786029,998886
1787079,22457
998886,21212,1787079,435225
998886,1784937
1787583,21212,22457,998886,1787079
1787583,435225
1787583,470883
1786029,22457,1776516,1787079
435225,1784937
1786029,21212,22457,998886,1787079
998886,477120,1787079,22457
21212,470883
470883,1784937
435225,1784937
1787583,22457,470883,998886
1787079,435225,470883
21212,470883,1784937,1776516
998886,477120,1787583,22457
477120,21212,470883
1782459,470883
998886,21212
1787583,477120,1787079,998886
1787079,435225
1787583,477120,998886
21212,435225
998886,1787079
1787583,21212,22457,470883,1782459,998886,1787079,1776516
1787583,1784937
477120,1787079,470883,22457
1787583,477120,22457
1782459,470883,435225
1786029,435225
477120,22457
1782459,1787583
21212,1787079,470883,1784937
998886,22457,435225
22457,1782459,477120,1787079,435225
1787079,1784937
21212,470883,1784937,998886,435225
477120,1787079
998886,477120,1787079
998886,477120,1787079
1787583,470883,1782459,435225,998886,1787079,1776516
21212,1776516,435225,470883
1786029,477120,22457,1776516
1782459,1787079
21212,470883
477120,1787079
1782459,1787583,477120,470883
1787583,22457,470883,1784937
998886,1787079
21212,1784937,1782459,1787079,435225
998886,1776516
22457,435225
998886,1776516
1787583,22457
1787583,21212,470883,1782459,435225
22457,470883
998886,22457
1786029,22457
22457,1776516
1782459,470883
1782459,477120
1782459,470883
1787583,1776516
1787583,470883
21212,22457
1786029,1787583,1787079,435225
1787583,21212,998886,1787079,1776516
1787583,1776516
998886,21212,1786029,477120
1782459,470883
998886,1787079
477120,470883
21212,435225
470883,1782459,998886,1787079,435225
21212,470883
21212,470883
998886,21212
22457,1787079
1782459,998886,21212
1787079,1776516,435225
998886,21212
1787583,470883,998886
1787583,1786029,470883,998886
477120,21212,470883
1787583,477120
1782459,21212,470883,477120
1787583,470883
1787583,470883
1787583,470883,435225,998886,1787079,1776516
1786029,21212,1782459,477120,998886,1787079
1782459,21212
1782459,21212
998886,22457
1787079,1784937
998886,1787583,22457,470883
998886,1787583,22457,470883
1782459,470883
1787583,21212,470883,477120
1787583,470883
1786029,21212,1784937,477120,998886,435225
1787583,21212,22457,470883,1784937,477120,998886
21212,1776516
998886,477120,1776516
1782459,1787583,21212
1782459,470883
998886,1787583,1787079,470883
1787079,435225
21212,1787079,477120
1782459,1787583,435225
1787583,21212
998886,470883
998886,1787079
1787583,435225,998886
1786029,21212,470883,1784937,998886,435225
1787583,1787079,435225,470883
1787583,998886
470883,1784937,435225
1782459,470883
998886,1776516
998886,21212,435225
1787583,21212,22457,1784937,998886,1787079
1782459,470883
21212,470883
1787583,470883
1782459,1784937
1787583,22457,998886,1787079,435225
1787079,435225
1787583,21212,1776516,1784937
21212,1776516
1786029,1787079,435225
998886,1787583,1786029,1787079
21212,1787079
477120,21212,1776516
998886,470883
998886,1787079
998886,22457
1782459,1787583
1787583,435225,1776516
21212,477120,1787079,1776516
1782459,22457
1782459,998886,22457
1782459,470883
435225,1784937
1786029,21212,1787079,435225
998886,470883,1784937
1782459,998886
435225,1784937
998886,1787583
21212,470883
998886,1787583,1787079
1782459,998886,22457
1787079,435225
998886,477120,470883
1782459,21212
22457,435225
21212,22457,998886,1787079,1776516
21212,1787079,477120
1786029,1787079
477120,21212,435225,22457
998886,435225,470883
998886,1776516
1787583,998886
477120,1787079
1782459,998886
1786029,1787079
1787583,22457,470883,998886,1787079
1787583,21212,1782459,1787079,435225
998886,477120
1787583,22457
1787583,998886
22457,470883,435225
21212,470883
1782459,1787583,470883,998886
1786029,21212,470883,1784937,998886,435225
21212,470883
1782459,998886,1787583
21212,470883
998886,22457
1787583,435225
1782459,21212,435225
998886,1776516,435225
1787583,21212,22457,998886
1787583,22457
1782459,21212
1782459,998886,1787079
1782459,470883
998886,1787079,435225
1782459,1787583
1787583,21212,1776516,1784937
998886,435225
470883,1784937
1787079,435225
1787583,1787079,435225
21212,470883
1782459,998886
21212,1787079,470883
1782459,1787583,22457
1787583,998886
21212,435225
1782459,1787583,998886
1782459,998886,1787583,1776516
22457,470883,435225
1787583,470883
1782459,470883
1787583,998886
998886,1776516
998886,470883
1782459,470883
1787583,1787079,470883,998886
22457,435225
1782459,998886
1786029,1776516
998886,1787079,435225
1787583,1787079
1782459,1787583,21212,470883
1782459,1787583,998886
1782459,998886
998886,1787583
21212,1787079,22457
1782459,1787583,998886
1787583,1787079
1782459,998886,22457
998886,1787079,1776516
998886,1787079,435225
1787079,435225,470883
1782459,1787583,22457
998886,1787079
998886,21212
21212,22457,470883
998886,21212,470883
1782459,998886
1787583,1787079,435225,1784937
1782459,998886,21212,22457
1787079,435225
1787079,435225
1782459,470883
1782459,21212,470883
998886,1787583
21212,470883
1787079,435225
998886,1787079
998886,477120,1787079
998886,1787079
998886,477120,1787079
998886,477120
998886,22457,1787079
1782459,998886
1782459,22457
435225,1784937
1786029,21212,470883,1784937,998886,435225
1787079,470883
1787079,435225,22457
1787583,1787079
21212,22457
21212,1784937
21212,1787079
1787583,1787079,435225
1786029,21212,998886
998886,470883
1782459,22457
1787583,22457
1782459,1787583,21212
998886,470883
1787079,435225
1782459,470883
998886,1787583
1787583,998886
998886,1787079,435225
1787583,21212,22457,477120,435225,998886,1787079,1776516
1787583,1776516
998886,470883,1784937
1787583,998886
1787583,435225
1787583,1786029,470883,435225,998886,1787079,1776516
1787583,21212,22457,1782459,435225,998886,1787079,1776516
1787583,21212,22457,477120,998886,1787079,1776516
1787583,21212,22457,1787079
21212,1787079
998886,1787079,470883,435225
1787583,21212,22457,1784937,477120,998886,1787079,435225
1787583,21212,22457,470883,998886,1787079,435225
1787079,470883
998886,1787583,435225
1782459,1786029,1787583
1782459,1787583,470883,998886
1787583,21212,1787079,435225
1782459,470883
1782459,1787583,470883
1787583,21212,22457,470883,1782459,1787079,1776516
1782459,998886,21212,1787583
1787583,1787079
998886,1776516
1787079,470883
998886,21212
435225,470883
998886,1787583
1782459,470883
1787583,1776516
1782459,998886
998886,22457
21212,22457,1782459,477120,998886,1787079,1776516
1787583,1787079,435225
1787583,21212,22457,470883,1782459,477120,1787079,1776516
477120,470883
1786029,21212,435225
1787583,22457,1776516,1787079
21212,435225
1787079,1784937
1787583,998886
1786029,21212,470883,1784937,998886,435225
1787583,22457,998886
998886,1787079
1782459,22457,435225
1787583,21212,22457
998886,1787079,22457
998886,1787079
998886,470883
998886,1787079
998886,1787079,435225,470883
998886,1787583,470883
21212,435225
998886,21212,1787079
1782459,1787583
998886,470883
1787583,22457
998886,21212
998886,21212,470883,1784937
435225,1784937
998886,470883
1787583,21212,470883,1782459,998886
22457,470883
1782459,1787583,998886
1782459,998886
1787583,1786029,22457,470883,1782459,477120,998886
21212,1787079,435225
1787583,470883,998886
1787583,1776516
435225,470883
1787583,470883,1782459,998886,1787079,435225
1787583,22457,1782459,998886,1787079,435225
998886,1787079
1782459,21212
998886,1787079
998886,1787079
998886,1787079
998886,477120,1787079,1784937
1786029,1787079,1784937,998886
998886,477120,1787079,22457
21212,470883,1784937,998886,435225
21212,1787079,435225,470883
1782459,21212,470883
1782459,21212,1787079
1782459,1787583,1787079
998886,21212
1786029,22457,470883,998886
1782459,1787583,435225,998886
1782459,1787583
998886,21212,1786029,1787079
1782459,998886,22457
1787583,1787079
1782459,1787583,998886
1786029,1787583,470883
998886,1787583
1787583,21212,470883,1782459,998886
1787583,21212,470883,998886,1787079
1782459,435225
1787079,435225
998886,22457
1786029,1787079,470883
1787583,22457,435225,1787079
21212,1787079
998886,22457
1787583,21212,22457,435225,1776516
435225,1784937
998886,21212,1776516
1787583,998886
998886,1787583
1782459,1787583,470883,998886
998886,1787079,435225
1782459,1787583,1787079,998886
998886,1787583
998886,1787583,1787079,1784937
1787583,21212,435225,998886
998886,470883
21212,470883
21212,470883
1782459,22457
1787079,435225
998886,1787079,470883,22457
1782459,435225
22457,435225
1787583,21212,22457,1784937,998886,1787079
998886,21212,1787079
1782459,1787583
1787583,22457,470883,1784937
1786029,998886
1786029,21212,1787079
998886,470883
998886,22457
1786029,21212,470883,1784937,998886,435225
22457,435225,1787079
1787583,22457,435225,1784937
1782459,21212,435225
21212,1787079
998886,1787583,1787079,470883
998886,22457
1782459,1787583
1787079,435225
1786029,21212
1787583,998886
1786029,1787583,1776516,470883
21212,470883,998886,1787079,1776516
998886,1787079,1776516
1776516,435225
1782459,1787583
1787583,470883
998886,1787583,1784937
1787583,21212,1787079,998886
21212,470883,998886,1787079,435225
1782459,998886
1782459,1787079
21212,1787079
998886,470883
998886,22457
1782459,998886
1782459,1786029,1787079,470883
1787583,470883
1782459,21212
1782459,1787583
998886,21212
22457,1776516
1782459,1787583
1782459,998886,1787583
1782459,1787583
1787583,470883,1782459,1787079,435225
998886,21212
998886,1787583
998886,1787583,1787079,435225
1782459,1787583
1782459,1787583,470883
1786029,1787079,435225,998886
1787583,21212,998886,1787079,1776516
1786029,21212,22457,998886,1787079,1776516
1787583,435225,1784937
1786029,21212,998886,1787079,435225
21212,435225
1787583,21212,470883,435225,998886,1776516
1787583,21212,1787079
21212,1776516,470883
1787583,1787079
1782459,998886,21212,1787079
998886,435225
1787583,22457
1787583,1776516
1787079,435225
21212,435225,1784937,470883
22457,435225
435225,1784937
1782459,998886,22457
1787583,21212,1782459,435225,998886,1787079,1776516
1787583,21212,22457,470883,1776516,998886,1787079,435225
1787583,470883,477120,998886,1787079
1782459,22457,470883
1787079,435225
1782459,998886
21212,470883
22457,470883
1782459,1787583,470883
1782459,1787583,1787079
1782459,998886
1787079,435225
1787079,435225
1786029,1787583,22457,1782459,998886
1787583,21212,22457,435225
1787583,1787079,1784937
1787583,1787079,998886
1787079,1784937
998886,1787583
998886,21212,435225
1787079,435225
1787583,1784937
1786029,21212,470883,1784937,1782459,1787079
1787583,998886
1787583,470883
1787079,435225
21212,435225
1787079,435225
21212,1787079,470883
1782459,1787583,470883
21212,1776516
1787583,998886
998886,21212
1782459,1784937
998886,1787079
1787079,435225
998886,435225
998886,1787583,435225
1787079,435225
1787079,435225
1782459,1787583
21212,435225
21212,22457,1776516,477120,998886,1787079,435225
998886,21212,1787079,470883
998886,1787079,1784937
1787583,21212,477120,998886,1787079
22457,1787079
1782459,998886,470883
21212,435225
1786029,998886,1787583,1787079
1782459,998886
1782459,1787079
998886,1787079
1782459,998886
998886,1787079,1784937
1787079,1784937,22457
1782459,470883
1782459,998886,1787583
1787583,22457
21212,1787079
1787583,21212,470883,998886
998886,21212,435225,1784937
1786029,1787079,998886,22457
1787583,477120,1787079
1787079,1784937
1787583,1787079,1784937
1787583,1787079
1786029,1787079,22457
1787583,1787079
1787583,1776516
1787079,1784937
1787583,1787079
1787583,1787079,1784937
1786029,1787079,998886
998886,1787079
1787583,1787079
1786029,998886,1787079,1776516
22457,435225,998886,1787079,1776516
1787583,1787079
1787079,470883
1782459,470883
998886,1786029
1787583,1787079,435225
1782459,1787079,470883
1787079,435225
998886,470883,1784937,435225
998886,1787583,1787079
998886,1776516
22457,435225
998886,21212
998886,1787079,435225
1787583,470883,998886
1782459,435225
21212,435225
21212,22457,470883,998886,435225
998886,1787079
1782459,1787583
1782459,1787583,1776516
998886,435225
998886,1787583,22457
21212,470883,1782459,1787079,435225
1782459,435225
1787079,470883
1782459,1787583
1787583,22457,998886
22457,1787079
998886,470883
1782459,998886,470883
22457,1787079
998886,470883
1787583,470883,1776516
1782459,1787583
21212,1776516,1784937
1787583,477120,470883,435225
998886,21212,1786029,435225
21212,1787079,435225
1782459,1787583,998886
21212,435225
1787079,435225,470883
1782459,21212,22457
1787079,435225
22457,470883
21212,1784937
1782459,435225
21212,435225
1787583,21212,470883,1784937,1782459,998886
21212,470883
21212,22457,470883,1782459,477120,998886,435225
1786029,21212,1784937,998886,435225
1787583,22457
1787583,21212,435225
21212,22457
21212,435225
1782459,1787583
1782459,435225,470883
1782459,22457
998886,1787079,1776516,435225
435225,470883
1787583,1787079,435225
998886,22457,470883
21212,470883,1782459,998886,1787079
1787079,435225
998886,1787583
21212,22457,470883,1787079
1782459,998886,1787583,435225
998886,21212,470883
1787583,21212,22457,1776516,1787079,435225
1787079,1784937
998886,1787583,470883
1787079,435225
21212,470883
435225,470883
1782459,21212
1787583,21212,477120,998886,1787079
22457,470883,1784937,998886,1787079
1787583,21212,435225
1787583,477120,21212
1782459,470883
1787079,470883
998886,1787079,470883
1787583,22457
1782459,470883
998886,1787583,22457
1787583,1787079
1787583,1787079
1782459,998886,1787583
998886,1787079,1776516,435225
998886,21212,435225,1784937
1782459,470883,1784937
1787583,21212,470883,998886
998886,1787079
1786029,1787079,998886,22457
1787583,1787079,1784937,998886
1787583,1784937
998886,22457
1787583,22457,477120,998886,1787079,435225
1787079,1784937
1782459,998886,1787079
1782459,998886,21212
998886,21212
998886,1776516
1776516,1784937
998886,1787583
998886,470883
21212,1787079
998886,1787583,22457
1782459,22457
21212,22457,470883,998886,1776516
22457,1784937
1786029,1787583,1776516
1782459,435225
1782459,470883
1787583,21212,22457,1782459,435225,998886,1787079,1776516
1782459,1787583,1787079,470883
21212,1784937
1787583,470883,435225,998886
1782459,998886
1787079,470883
998886,470883
21212,1787079,435225
998886,1787079
998886,1787583,1787079
998886,1787079,1784937,22457
21212,22457
1787583,1787079
1787079,435225,1784937
998886,1787583
1787583,22457
21212,22457,435225,1787079
1787079,470883
998886,1787079,435225
1787583,22457,470883,1776516,998886,1787079,435225
1787583,998886
998886,470883
998886,22457,1787079
1787583,22457
998886,435225
435225,1784937
1787079,435225
1787583,21212
1787079,435225
1782459,1787583,470883,998886
1787583,470883
998886,1787079
1787583,22457,1784937
998886,470883
998886,22457
1782459,1787079
1782459,470883
1787583,21212,22457,470883,1784937,1787079
998886,1787079
1782459,1787583,470883
998886,1787583
21212,1787079,470883
1782459,470883
998886,1787583,1787079
1787583,435225
1782459,998886,1787583
1782459,1786029,21212,998886
21212,1787079,435225
1782459,435225
998886,21212
1787583,1782459,998886,1787079,435225
1786029,470883
1787583,1787079
1787079,435225
1787583,21212,470883
21212,435225
1782459,1787583
1782459,1787583,1776516
1782459,998886,470883
998886,435225
1787079,435225
21212,1787079
22457,470883
1786029,1787079
1787079,1784937
1782459,1787079,470883,1776516
1787583,22457,1787079
998886,1787079
1786029,998886,1787079
998886,1787079
998886,1784937
1787583,21212,470883,435225,998886,1787079,1776516
1782459,435225
21212,435225
998886,470883
1787079,435225
1787583,21212,22457
998886,21212,1787079
998886,1787583,1787079,435225
21212,1787079
1787583,1787079,1776516,998886
1782459,470883
1786029,1784937
21212,1787079
1782459,998886,470883
998886,1787583,470883
1787583,22457
1782459,22457,435225
1786029,1787079
1787583,22457,1787079,998886
1787583,21212,22457,1776516,998886,1787079,435225
1786029,1787583,22457,998886,1787079,1776516
1782459,470883
998886,470883
1787583,1776516,435225
1787079,435225
1787079,470883,1784937
21212,1784937
1787079,435225
998886,435225
1787583,470883
1787583,1787079
1782459,470883
21212,470883,998886,1787079,1776516
998886,470883
998886,1776516,470883
1787583,435225
1787583,998886
1782459,998886,1787079,435225
1787583,1776516,998886
1787583,22457,1784937
998886,1787079
998886,435225
1787583,1787079
998886,435225
1782459,470883,435225
1782459,1786029
1782459,1787583
1787583,470883
998886,21212,22457
1782459,435225
998886,470883
21212,470883
1787079,1784937
435225,1784937
998886,22457
1786029,21212,470883,1784937,998886,435225
1787079,470883
998886,1787079
1786029,1787079
998886,1787079,470883,1784937
1787079,435225
1782459,1787583
1787583,1776516,998886,435225
1787583,22457
1787583,21212,22457,435225
998886,1787583,1787079
1782459,1787583,435225,998886
998886,470883
998886,1776516,435225,470883
1787079,435225
1782459,470883
1787583,470883,998886
1786029,21212,22457,470883,998886
1787583,1787079
1786029,21212,470883,1784937,998886,435225
1786029,21212
1782459,998886
1786029,470883
1786029,21212,22457,470883,477120,998886,1787079
998886,477120,1787079
998886,470883
1782459,470883
1787583,22457,470883
1787079,1776516
998886,1787583
1787583,1786029
998886,470883
1787583,435225
1787583,470883,1782459,998886,1787079,1776516
1787583,21212,22457,998886,1787079
1787583,435225,998886,1787079,1776516
22457,470883,435225,998886,1787079,1776516
21212,1787079
998886,1787079,470883,1776516
998886,1787079
998886,1787583,1787079
1787583,1782459,435225,998886,1776516
1787583,1776516,998886,1787079,435225
1782459,998886,21212
1786029,21212,1787079,435225
1782459,998886,22457
1787583,1787079,1776516,1784937
1787079,470883
1787583,998886
1782459,1787079
1787583,435225
1787583,22457,998886
1787079,435225,1784937
998886,1787583,1786029,1776516
1787079,470883
998886,470883
1787079,435225
998886,22457,435225
1782459,470883
998886,21212,1787079
998886,1787583
1787079,435225
1787583,470883
1787583,22457
1782459,470883
1782459,22457
998886,21212,1787079,435225
998886,470883
1787583,22457,435225
22457,435225
1782459,998886,1787583
1787583,21212,1776516,435225
1787079,435225
998886,1787079
998886,21212,1787079
1787079,435225
1786029,998886
21212,435225
998886,21212,1784937
21212,470883
435225,1784937
998886,470883
1787583,1787079
1787583,998886
998886,1787079
1782459,470883
1786029,470883
1787583,22457,1787079
1787583,21212
1782459,1787079
1786029,21212,470883
998886,1787079,470883,435225
1787079,22457
1787583,21212,22457
22457,470883,998886,1787079,1776516
1786029,21212
1787079,435225,1784937
998886,1787079,435225
998886,1787583
1787079,435225
998886,21212
1787079,435225
1786029,998886,1787079,470883
21212,1787079,1776516
1787079,470883
1782459,21212
1782459,1787583,22457,998886
998886,21212
1786029,470883,1782459,998886,1787079,1776516
1786029,1776516
1787079,435225,1784937
1787079,435225,1776516
998886,21212,1776516
1787583,1787079,470883
21212,22457,998886,1787079,1776516
1787583,21212,22457,1784937,435225,998886,1787079,1776516
998886,21212,22457,1776516
998886,1787079
998886,470883
998886,1784937
1787583,470883,998886
21212,1787079,435225
1787079,435225
998886,1787079,435225
1787583,477120,998886,1787079,435225
477120,435225,470883
998886,470883
1787079,435225
1787079,435225,1784937
21212,435225,1784937
998886,1784937
998886,22457
1786029,21212,470883,1784937,998886,435225
1787079,1784937
1787079,1784937
998886,1787583,22457,1787079
1787079,1784937
998886,1787079
998886,1787079
998886,1787079,22457
998886,1787079
1782459,22457
21212,435225
1782459,1787583,998886
1787583,22457,998886,1787079,1776516
998886,435225
477120,1787079
998886,435225
998886,1787583
477120,470883
1787079,470883,435225
21212,1776516
998886,470883
998886,470883
21212,470883,1784937,998886,1787079,435225
477120,1787079
998886,21212,470883
1787583,1786029,1784937,998886,435225
21212,1787079,477120,1776516
21212,1784937
998886,21212
998886,1787079,1776516,470883
1787079,470883
998886,470883
1787583,22457
998886,477120
1782459,1787583
998886,477120,1787583,470883
1782459,477120,1787079
477120,22457
998886,470883
1787583,22457
1787583,21212,1787079,435225
998886,21212,1787079,470883
1787079,470883
1782459,1787583,435225
998886,1787079
1787079,1784937
1786029,21212,470883,1784937,998886,435225
477120,470883
1787583,1776516
1787583,21212,470883,998886,1787079,1776516
998886,21212,1787079
1787583,477120,22457
477120,1787079
435225,1784937
1787583,21212,1786029,22457,1784937,477120,998886
1787583,1787079
1786029,21212,1787079,1784937
1787583,1787079,998886
477120,1787079
1787583,470883
1786029,998886
1782459,1787079
998886,1787079
998886,1787583
998886,1787079
998886,22457
1786029,477120
998886,435225
1787583,21212,470883,1784937,1776516,998886,1787079,435225
21212,1787079
998886,22457
998886,1787079
477120,435225,998886,1787079,1776516
1787583,1787079,435225
477120,21212,435225,1784937
998886,21212
998886,477120,21212
1787583,470883,1784937
1782459,470883,1784937
1786029,21212,470883,1784937,998886,435225
22457,470883
998886,470883
21212,22457,470883,477120,998886,1787079,435225
1787583,21212,22457,1787079,1776516
1782459,1787583,1787079,435225
998886,1787583
998886,1787079
998886,1787079,1784937
477120,470883
1787583,21212,1787079,998886
998886,21212,1787583,435225
998886,470883
1787079,435225
1787079,1776516,435225
998886,435225
1787583,477120,1787079,435225
477120,1776516,435225
1787079,435225
1787583,435225
21212,470883,1784937,477120,1787079,435225
1787583,22457,1776516
1787583,22457,1782459,477120,1787079,1776516
21212,1787079,1776516
1787583,21212,22457
1782459,1787079
998886,477120
1787079,1776516,470883
998886,477120,1787583
998886,435225
1782459,1786029,22457
998886,470883
21212,1787079
1786029,477120
477120,470883
1787583,470883,477120,435225,1776516
1782459,998886,477120
998886,21212,1787079,470883
998886,470883
1782459,21212
998886,1787079,435225
1787079,470883,1784937
21212,470883
1786029,21212,1787079
1782459,435225,470883
998886,470883
1782459,998886,477120
1787583,477120,435225,998886,1776516
1787079,1784937
1782459,477120,21212
1787583,22457,1776516,1784937
21212,470883,998886,1787079,435225
998886,1787079
1786029,21212,470883,1784937,998886,435225
1782459,470883,435225
21212,1787079,435225
1786029,998886
998886,470883
1782459,1787583,477120,998886
1787583,998886
1787079,1776516,435225
1787583,998886
998886,21212
998886,477120,1787583,470883
477120,1776516
1782459,21212,1784937
21212,22457,470883,998886,1787079,1776516
1787583,998886
477120,1787079,435225
1787079,435225
998886,477120
21212,1787079,1784937,22457
21212,470883,435225
998886,477120
998886,1787079
21212,1776516
22457,1784937,1787079
1787079,1784937
21212,22457,435225
1787583,21212,1787079
1782459,1786029
1787583,470883,1784937
1782459,21212,1787079,470883
1782459,1787583,1786029
1782459,998886,1787079
1782459,1787079
998886,1787079,1776516
1787079,435225,470883
1782459,22457,470883
1787079,1776516
1787079,435225
22457,1787079
1786029,21212,470883,1784937,998886,435225
1786029,1787583,22457,21212,1784937,477120,998886,1787079
1787079,470883,435225
1782459,998886,21212,435225
998886,21212
477120,1776516
998886,477120
21212,435225,1784937
1782459,1787079,435225,22457
1787583,477120
1782459,998886
998886,22457,470883
21212,1784937
1782459,998886,1787079
998886,435225
998886,470883,435225
1787583,21212,477120,1787079,435225
1782459,22457
1786029,1787583,477120,998886,1787079,435225
21212,1784937
1787583,1787079,470883,435225
1787583,477120,998886,1787079,1776516
998886,21212
998886,470883
998886,470883
998886,21212,435225
1787583,21212,22457,470883,477120,998886,1787079,1776516
1787583,22457,1784937,477120,1787079
1787583,21212,1784937,1787079,435225
998886,470883
22457,1784937
998886,1787583,1784937
1787583,435225
1786029,1787079,1784937
998886,21212
477120,1787079,1776516,470883
1787583,435225
1787079,435225,22457
477120,470883,1784937
21212,435225,1776516
998886,470883
1782459,477120,1787079,22457
998886,477120,1787079
1787079,1784937
1782459,998886
1782459,21212
1787583,22457
998886,470883
998886,1787583
21212,1787079,435225
998886,477120
1776516,435225
998886,22457,1787079
477120,1787079,435225
1782459,998886,435225
1786029,22457,1782459,998886,1787079
1787079,1776516
1787079,435225
998886,1787583
1782459,477120
1786029,1787079
21212,435225
1787583,1787079
1786029,21212,470883,1784937,998886,435225
1782459,998886,1787079,435225
1787583,22457,470883,1782459,477120
1782459,998886,470883,1776516
1786029,1787583
1787079,1784937
1787583,22457
998886,1787583
21212,22457
1787583,1786029,1776516,435225
1787583,1787079
1786029,21212,22457,470883,1784937,435225,998886,1776516
998886,1787583
1782459,998886,477120,435225
1782459,998886,22457
1787583,477120,470883
477120,1784937
21212,1787079
1782459,1787583
1787079,435225
998886,477120,1787079,435225
998886,1787583,22457
998886,477120,1787079
1787583,998886
1786029,435225,998886,1787079,1776516
998886,21212,477120,435225
477120,470883
998886,1787079
998886,435225
998886,1787079
998886,1787079,1784937
998886,1787079
1786029,470883
21212,1776516
1782459,470883
998886,21212
1787583,1787079
998886,1787079
1787583,1787079,435225
998886,470883
22457,470883
22457,435225,998886,1787079,1776516
1787583,21212,470883,477120,435225,998886,1787079,1776516
1787079,435225
1787583,1787079,22457
998886,22457
1787079,1784937
998886,1787079
1787583,477120
1782459,477120,470883
435225,1784937
21212,470883
1782459,1787079,435225,22457
998886,21212,470883
1787079,435225
998886,477120,21212,435225
1786029,1784937,477120,435225,998886,1787079,1776516
21212,470883
1782459,998886,1787583
1787079,435225
998886,1787583,1787079
1787079,1776516,435225
1787583,1787079
477120,470883
1782459,998886,435225
1782459,998886
998886,22457
998886,1787079
1787583,1787079,998886
1782459,1787079
998886,470883
1782459,21212
998886,1787079,1776516
1786029,21212,470883,1784937,998886
1787079,1784937
998886,1787079,1784937
998886,21212,1787079,1776516
1786029,21212,470883,1787079,1776516
1786029,21212,22457,470883,1784937,1776516,998886,1787079,435225
22457,435225,1776516
21212,1776516
21212,1787079,22457
435225,1784937
1787583,22457
998886,22457
1787079,435225
998886,470883
22457,1784937,1787079
1782459,998886
1787079,1776516
22457,1787079
1782459,22457
1787079,1776516
1787583,1782459,477120,998886,1787079,1776516
1782459,1787079,435225
998886,1787079,435225
1782459,477120,470883
477120,21212,1776516
1782459,477120
998886,1787079
1787079,1776516
477120,1787079
21212,1787079,1784937
1786029,22457
1787079,1784937
477120,1787079
998886,1787079
1787583,470883,998886
1787583,477120,998886,1787079,1776516
1782459,998886
1782459,22457
1782459,470883
998886,470883
1782459,1787583
1787583,1787079
1787583,998886
21212,477120
1786029,477120
1787079,435225
1787079,435225
1787079,470883
998886,1787079
1787079,435225
1782459,22457
1776516,1784937
1787583,470883,998886
1787079,435225
998886,1787079,435225,1784937
1782459,998886,1787079
1787079,22457
1787583,477120,470883
998886,477120,1787079,22457
22457,1787079
1787583,1787079,998886
998886,1787079
998886,477120
1786029,21212,470883,1784937,998886
998886,22457,470883
1787583,21212,1786029,435225,1787079,1776516
998886,435225
1787079,435225
1787583,22457,1787079
21212,435225
1787583,21212,1776516,435225
1787583,22457
1782459,1787583
998886,1787079
1787583,1776516
21212,435225
470883,435225
998886,21212,477120
1782459,1784937
1787583,998886
1786029,998886
21212,477120
1782459,1787583,21212,22457
1787583,477120
998886,1787079
477120,21212,1776516
1782459,435225
998886,1784937
1782459,477120,470883
998886,1787079
1782459,998886,1787583
435225,22457,1776516,1787079
1782459,21212,470883
1787583,22457,470883
435225,1784937
21212,22457
1787583,22457
998886,1787583,435225
1787079,435225
1786029,21212,470883,1784937,998886
1787583,1787079
998886,21212,470883
1782459,1787583,21212,1784937
998886,1787079
477120,1784937
435225,1784937
1786029,1787583,22457,1784937,1787079,1776516
21212,22457,470883,1784937,998886,1787079,1776516
1787583,998886
1787079,470883
1787079,1776516,435225
1787583,477120,1776516,435225
1782459,1787583
1787583,21212,435225,998886,1776516
21212,1787079
21212,22457
998886,22457
1782459,998886
1786029,22457,1787079
1786029,1787583,1787079
21212,470883,477120,998886,1776516
998886,477120
1787583,21212,470883
998886,1787079
998886,1787583
1787583,1787079
998886,477120
998886,477120,470883
1786029,21212,1776516
998886,477120,1787583
1787583,21212,1787079,435225
1787583,1787079
1787583,477120,470883
470883,1784937
1786029,1787079,998886
1787583,470883
1782459,998886,435225,470883
998886,22457,1776516,1787079
477120,21212
1782459,998886,1787583
1787583,435225
1787583,1787079
1786029,21212,22457,1784937
998886,1787583,435225
1782459,998886,477120
1786029,470883,998886
1786029,1787079,435225
1786029,1787583
1787583,1786029,21212,22457,470883,1776516,477120,998886,1787079,435225
1787079,435225
1787079,1776516,435225
1787079,435225
1786029,477120,21212
1782459,1787583
21212,1784937,1782459,477120,1787079,435225
998886,1787583,470883
1782459,470883
998886,1787079
1787583,477120,435225
1782459,998886,22457
1787583,22457,435225,1787079
477120,470883
1782459,998886
1787583,21212
1782459,477120
1787583,1787079,1784937
1787583,1787079
1787583,21212,998886
1787583,22457,470883,998886,1776516
998886,1787583,1784937
1787583,21212,470883,998886
1787583,1776516
1782459,1786029,1784937
1787079,435225,1784937
1787583,22457,435225,1776516
1787079,435225
1787079,435225
1787583,21212,22457,998886,1787079
1787583,21212,22457,998886,1787079,1776516
477120,22457
998886,21212,22457,1787079
998886,435225
1782459,998886
477120,1787079,435225
1782459,998886,22457,435225
1787583,21212,470883,477120,998886,435225
21212,435225
22457,1776516,1787079
21212,1787079
477120,1787079,435225
1782459,998886
1782459,998886,1787583
1787583,22457
1786029,21212,470883,1784937,998886,435225
998886,435225,1784937
1786029,470883
435225,470883
1782459,470883
1782459,998886,477120,1787079
1782459,1786029,470883
998886,1787079,470883,435225
1787583,477120,1776516
1787583,21212,1787079
21212,1787079,470883
1787583,1776516
1787079,435225
1782459,998886,1787079
1787079,1776516
1787079,470883,22457
21212,1784937,998886,1787079,435225
998886,1787079
21212,1787079,470883
1782459,21212
1787583,477120
998886,1787583,470883,1784937
1787583,21212
1787583,477120
1787583,21212,22457,470883,477120,1787079,1776516
1787583,21212,22457,470883,998886,1787079,1776516
1787079,1784937
1787583,1787079
1787583,1787079,1784937
21212,1787079
1787583,22457,470883
1786029,1787583,470883,1782459,477120
1787583,1787079
1782459,22457,435225
477120,470883
435225,1784937
998886,470883
1787583,21212,22457,1784937,477120,435225,998886,1787079,1776516
1782459,1787583,1787079,435225
1786029,21212,470883,998886,435225
1787079,435225
998886,477120,1787583
1787583,1782459,477120,998886,1787079
1787583,22457,470883,1782459,477120,998886
998886,21212,1787583
477120,435225,470883
1787079,435225
21212,435225
477120,1787079,1776516
1782459,470883
998886,1787583
21212,1787079
1782459,998886,477120,435225
1787583,22457,470883
998886,477120
1787583,22457
998886,435225
21212,470883,477120,998886,1787079,435225
1782459,1786029,435225
21212,477120,998886,1787079,435225
22457,1776516
1782459,1787583,21212,435225
1782459,470883
22457,470883,1787079
1787583,477120
1782459,998886,22457
1786029,477120,1776516,435225
1787583,21212,22457
21212,1784937
1787583,21212,1776516,477120
1782459,22457
1786029,470883,477120,1787079,1776516
1787583,22457,1787079,998886
1787583,21212,22457,998886,1787079,1776516
998886,1787079,1776516
998886,22457
1787583,470883,998886
998886,1776516,470883
998886,1787079
1786029,21212
477120,1787079,435225
21212,1787079
21212,22457
998886,21212,470883,435225
998886,22457,1776516,1787079
1787583,22457,998886,1787079,435225
1787079,435225
1782459,1787583,1787079
477120,470883
21212,22457,435225
1787079,435225
1787079,1784937
1787583,1787079,998886
1787079,435225
1782459,1787583
477120,470883,435225
1787079,1776516
1787583,22457,998886,1787079,1776516
1786029,21212,1784937,998886,1787079,1776516
998886,1787079,435225
998886,21212
1782459,1787583,22457
1787079,435225
1787583,1776516,1784937
21212,477120
477120,470883
1787079,435225,470883
1787079,470883,1784937
1782459,435225
1786029,1784937,998886
1786029,1787079
1787583,21212,22457,470883,1782459,998886,1787079
1782459,470883
1782459,470883
1782459,1786029
1782459,477120
1787079,435225,22457
1787583,435225
1787583,1787079,470883
21212,470883
1787583,470883
1782459,998886
1787583,477120,470883,998886
1787583,22457
998886,1787079
1787079,435225
1782459,998886,435225,1776516
1782459,22457
998886,21212
1787079,435225,1784937
1787583,21212,470883
998886,1787079
998886,22457
1782459,1787079
1786029,22457,470883,1782459,998886,1776516
1787583,21212
998886,1787079,435225
1787583,1776516
21212,22457,470883,1782459,477120,1776516
1782459,1787583
998886,477120,21212
998886,1787079,435225
1782459,1787583
1787583,22457,470883,1784937,1782459,998886
21212,435225
1782459,1786029,470883
21212,477120
21212,435225
1782459,1786029
1787583,435225
1787583,22457,1784937,1787079
1782459,477120,470883
1782459,1787583
1787079,435225,470883
998886,477120
1787583,470883,1776516,1782459,998886,435225
470883,1782459,477120,998886,1787079
477120,470883
1786029,21212,435225,1784937
1787583,1787079,435225
1787079,435225
22457,470883
998886,1787079,435225
1786029,21212,470883,998886,435225
22457,1782459,435225,998886,1787079,1776516
1784937,477120,435225,998886,1787079,1776516
1782459,998886
998886,477120
1787583,477120,1787079
1787079,435225
1782459,477120,1787079
998886,1787079,470883,435225
477120,1787079
998886,1787079,470883
1782459,470883
1786029,1787583,22457,1776516
1782459,998886
1786029,998886,21212,1787079
998886,1787583
1787583,21212,470883,435225,1776516
1782459,470883
1787583,1787079
1786029,21212,22457,477120,998886,1787079
22457,470883
21212,470883,998886,1787079,435225
1787079,435225
1787079,435225,1784937
1787583,435225
1787079,1776516,435225
21212,1787079
998886,1787079
1786029,1787583,470883,477120,1776516
1787583,1784937,1782459,1787079,435225
1787079,435225,470883
1787583,470883
1782459,21212
1787583,22457,1784937,477120,998886
1782459,1786029
21212,1787079,435225
477120,21212,1776516
1782459,1787583
1782459,21212,1787079,435225
1787583,22457,470883,1782459,477120,1787079
477120,470883
477120,22457
1787079,435225
1786029,1787583,435225,1787079
1782459,22457
1787583,1787079
1782459,477120
1787583,22457
22457,477120,998886,1787079,435225
1787583,1776516
1787583,470883
1782459,470883
1782459,22457
998886,1787583,1786029
1782459,1786029
1787583,1782459,477120,998886,1787079
1786029,21212,435225,998886
1787079,470883
1786029,435225
1782459,21212,1787079,1776516
1787583,22457,470883
998886,1787079,470883
1787583,21212,470883,1782459,1787079
998886,22457
998886,1787583,1786029
1786029,1784937
1787583,22457
1787079,435225
1782459,477120,470883
998886,470883
1787583,21212,22457
1787583,1787079,1776516,435225
998886,1787079
1787079,435225
998886,1787583,1787079,1776516
21212,470883
21212,1787079,435225
1782459,1787583,477120,1786029
1782459,470883
1787583,1787079,1784937
21212,22457,470883,1782459,435225,998886,1787079,1776516
1782459,998886,1787583,435225
21212,1784937,1782459,998886,1787079,435225
1787079,435225
1787583,22457,470883,1782459,998886,1787079
1782459,1787583
1787079,435225
1787583,22457,435225
998886,470883
998886,21212,1787079,1776516
1787583,470883,435225,998886
477120,1787079
1787079,435225
21212,470883,477120,1787079,435225
1787583,998886
1786029,22457,1784937,1782459,477120,998886
1782459,477120,470883
1786029,21212,470883,998886,435225
1782459,1787079
998886,1787079,435225
998886,477120
1787583,477120,435225,998886,1776516
1787079,1784937
477120,435225
477120,1787079,470883
998886,1787079
1782459,1786029
998886,1776516
998886,477120
1787583,1787079
1782459,22457
1776516,435225
1782459,1787583,1787079,998886
1786029,21212,22457,470883,998886,1787079,435225
1787583,1787079,470883
1787079,435225,1784937
1786029,1787583,22457,1784937,477120,1787079
1782459,1787583,22457
998886,435225
470883,435225
1786029,22457,470883,477120,1787079,435225
435225,1784937
21212,435225
21212,435225
435225,1784937
1786029,470883
998886,470883
1787079,1776516,435225
1782459,470883
1787583,477120,1776516,435225
1786029,1787079,435225
998886,435225,470883
21212,22457,1784937,998886,1787079,435225
998886,477120,470883
1787583,477120
1782459,21212
1787583,21212
1786029,435225
1787583,477120
22457,477120,998886,1787079,435225
21212,1787079,22457
1787583,22457
1782459,477120,1787079
1787583,1787079
1787583,22457
1787079,435225
477120,1787079,435225
1787583,21212,1786029,1787079
1787079,435225
998886,21212
1787583,1787079
1787079,22457
435225,470883
477120,470883,1784937
1787583,477120,470883
21212,22457
998886,477120
1787079,1776516,435225
1782459,1787583
998886,1787079,435225
998886,470883
1787079,435225
1787583,21212
1782459,1787583
21212,470883,1784937,998886,435225
1782459,1787583,470883,998886
1782459,22457,435225
1787079,435225
1787583,1787079,435225
1776516,435225
470883,1784937,998886,1787079,435225
1787079,435225,1776516
1787583,477120,1787079
1782459,21212
1787583,1787079,435225,998886
1787079,435225
1787583,21212,22457,1784937,1782459,998886
477120,435225,470883
998886,22457
1787583,477120
1787079,435225
1787583,470883,1784937,477120,1787079,435225
998886,477120
1782459,998886,1787079
1787079,22457
1786029,477120
477120,21212,470883
998886,477120,1787079,470883
1787079,435225
435225,1784937
1787079,22457
21212,1787079,435225
1787079,435225,22457
1787079,435225
1787079,435225,1776516
1782459,1787079,435225,1784937
1782459,998886,21212,477120
1782459,1787583
1782459,470883
1782459,998886,1787079
1787583,22457
21212,1787079
21212,477120,1787079
1787583,22457,470883
998886,21212,1776516
1787079,435225
1782459,998886
1787079,435225
998886,21212
1787583,22457
21212,1787079
1782459,998886,470883
998886,477120
998886,477120,470883,435225
1782459,477120,998886,1787079,435225
998886,470883
1787583,998886
1782459,1787583
1782459,21212,22457,1784937
21212,1784937,1782459,998886,1787079,435225
998886,477120,1787583,435225
998886,1776516
1782459,998886
1787079,435225
998886,1787079,1784937
1786029,22457
1782459,1787079
998886,1787079
21212,1787079
21212,435225
998886,470883
477120,470883,435225
1787079,470883
1786029,1787583,1787079,435225
1786029,477120
1787079,1784937
1787079,470883
998886,1787079
470883,1784937
1787583,477120,21212,435225
998886,22457,435225,1787079
998886,21212,22457,1784937
1787583,1776516,435225
998886,435225
1782459,470883
21212,1787079,435225
998886,1787079,470883,435225
998886,1787583
998886,1787079,435225
22457,1776516
998886,477120
998886,1787079
21212,470883
1787583,1787079
1787583,21212,435225
1786029,1787583,470883,477120,435225,1776516
1782459,1786029
1786029,1787583,1784937,477120,1787079
1786029,21212,470883,1784937,998886,435225
477120,21212,470883,1776516
1787583,477120,470883
21212,1787079,477120
1787079,1784937
1787079,1784937
998886,1787583
1787583,477120
21212,1776516
1786029,1787583,998886
998886,1787079,435225
477120,435225
1782459,998886
1787079,435225
998886,1776516
1787079,435225
1787583,21212
1782459,1787079,470883
998886,1787079,435225,1784937
998886,477120,470883
477120,1787079
21212,22457,477120,998886,1787079
1782459,998886
1787079,470883,22457
1787583,22457,470883
1787583,1787079,435225
1787583,470883,477120,998886,1787079
1782459,470883
21212,470883
21212,1787079,435225
1782459,998886
998886,22457
1782459,998886,1787583
998886,22457,470883
998886,1787079,435225,22457
998886,21212,470883,1784937
21212,1784937
998886,470883
1782459,1787583
1787079,435225
1782459,998886
1787583,21212,435225
998886,21212,477120
1786029,21212,1784937,1787079,435225
477120,1787079,435225
1786029,477120,1776516,998886
1787583,998886
1787583,435225
1786029,1787079
1786029,21212
998886,22457
470883,435225,998886,1787079,1776516
998886,21212,1787079,1776516
1787583,435225,998886,1787079,1776516
21212,22457,470883,477120,1787079,1776516
1787583,21212,22457,1784937,998886,1787079
21212,22457,1776516,998886,1787079,435225
1786029,21212,477120,435225,998886,1787079,1776516
1786029,1787583,22457,477120,1787079,1776516
1786029,21212,1787079,1776516
1786029,22457,477120,1787079,435225
1787583,21212,1786029,470883,477120,998886,1787079,435225
1786029,21212,470883,1776516,477120,998886,435225
1787583,22457,470883,477120,998886,1787079,435225
1787583,1786029,21212,22457,1776516,477120,435225
1786029,21212,470883,1784937,998886
1782459,1787583
1787583,477120,435225,1784937
998886,1787079,1776516
1787079,1784937
1786029,1787583,1784937,477120,1787079
1787079,1784937
1786029,21212,1787079,470883
1786029,1787583,22457,470883,998886,1787079,435225
477120,21212,22457
1787079,435225,470883
477120,470883
1787583,477120
1786029,22457
1787583,21212
1787583,22457,1782459,477120,998886,1787079,435225
998886,477120
1787583,21212,1787079,435225
998886,1787583
22457,435225
998886,22457
1787583,22457,470883,1787079,1776516
1786029,477120,470883
1787079,435225
21212,1787079
1782459,998886,1787079,435225
1782459,998886
21212,22457,435225,470883
1787583,1776516,435225
21212,1787079
1787583,470883,1784937
1786029,1787583,22457,477120,998886
1787583,21212,1786029,1782459,1787079
1786029,1787079,1776516,435225
1786029,1787583,22457,1776516,477120,1787079,435225
21212,22457
1787079,1784937
1787583,477120
1787583,1787079,22457
1787079,1784937
998886,470883
1787583,21212
1787079,22457
435225,1784937
470883,1776516
1782459,998886
998886,1787079,435225,1784937
998886,21212,470883,1784937
1787079,435225
1786029,21212,22457,1787583,477120,435225,998886,1787079,1776516
22457,1776516
1787079,1776516
1786029,477120,998886
1786029,477120,21212
998886,477120,1787583,435225
1782459,1786029,21212,435225
1786029,477120,998886
1787079,435225
1782459,1787583
1782459,998886,470883
21212,435225,470883
1782459,435225
21212,1787079,435225
998886,1787583
21212,1787079,22457
998886,22457
998886,21212,435225
1787079,470883
1787583,21212,1784937,1787079,435225
21212,1787079,435225
1782459,998886,21212
1787583,1787079
1782459,998886
1787583,21212
998886,477120
1786029,1787583,22457,1782459,477120,998886,1787079,435225
1787079,1784937
998886,21212
1787583,22457
1782459,1786029,1787583,998886
1787583,21212,1776516
1782459,470883
1787583,21212
1787079,435225
1786029,1787079,435225
1782459,1787583,470883
1782459,21212
1787079,435225
1786029,477120,998886,1787079,435225
998886,21212,470883,1784937
1787079,435225
470883,1784937
1787079,435225
998886,22457
1787583,21212,22457,1784937,998886,1787079,435225
1786029,998886,1787079,1776516
1787583,22457,1784937,477120,998886,1787079
998886,1787079
1782459,470883
435225,1784937
1782459,1787583,21212,1787079
1787079,435225
1787079,435225
1786029,477120,1787079,435225
1786029,21212,22457,435225,998886,1787079,1776516
1782459,1786029
1782459,1787583,477120,470883
1782459,1787583,21212
1787583,22457,435225
1787079,435225,1784937
477120,1787079
22457,1787079
998886,477120
1782459,470883
1786029,21212,1787583,470883,1776516,1787079,435225
21212,435225
1782459,435225
1787079,470883,435225
1786029,21212,470883,1784937,998886
1787583,22457,435225,1787079
1787079,470883
21212,477120,435225,470883
1787583,21212,1782459,435225,1776516
21212,1776516,477120
1787583,21212,22457
1786029,1776516
21212,477120
1786029,477120,998886,1787079,435225
1787079,470883
1787583,477120,998886
1782459,22457
1786029,21212
21212,470883
21212,470883
1782459,470883,435225
477120,470883
1787079,470883
1782459,998886
1787583,1786029
1787583,21212,1787079
998886,1787583
1786029,477120
998886,1787583,1787079,435225
477120,22457
1782459,477120
21212,1784937
22457,435225
22457,435225
1787079,435225
1782459,477120
1782459,470883,435225
477120,470883
1786029,1787079,435225,470883
998886,1787583
998886,470883
1787583,1787079,435225
1787583,1787079
1786029,1787583,1782459,477120,998886,1787079
1787583,1787079,435225
21212,1787079,435225
1787583,22457,1784937,1787079,435225
1786029,21212
1782459,998886,1787583,470883
1782459,477120
21212,1776516
1787583,1787079
1786029,21212,470883,1784937,998886
998886,1787079,470883
21212,1787079,435225,477120
22457,1776516
1782459,477120,1787079
1782459,1787583
1787583,1787079,470883
1786029,1787583,22457,477120,998886,1787079
1782459,1787583,22457,470883
1782459,1787079
1782459,470883,1784937
1787079,435225,22457
1787079,22457
1787583,470883
998886,21212
1787079,470883
1786029,21212,1787079,1776516
1786029,1784937,1776516,998886,1787079,435225
1787583,1786029,1776516,435225
998886,435225
998886,21212
1782459,1787583
1786029,21212
1786029,22457,1784937
998886,1787583,22457
1787583,1787079,470883
1786029,21212,470883,998886,1787079
1782459,998886
1787079,1784937
1782459,998886
1787583,1784937,998886,1787079,435225
1782459,470883,435225
1787583,477120,1787079,998886
477120,470883
1787583,1787079,1776516
1782459,1787079,435225
21212,435225
21212,1787079,477120,435225
1787583,21212,1786029
1787583,470883
1787079,435225
1787583,22457
1786029,21212,22457,1784937,1787079,435225
1787079,435225
1782459,1786029
1786029,1787583,21212,470883,477120,1787079,435225
1782459,1787079,22457
1787079,470883
1786029,1787583,1787079
477120,1787079,470883
1787583,22457,1784937,998886,1787079
1786029,21212,470883,1784937,998886
435225,1784937
1787079,435225
998886,1786029
1786029,1787079,1784937
1787583,477120,1787079,435225
1782459,21212,22457
477120,1787079
998886,1787079
477120,1787079
1787583,1787079,998886
998886,477120
1782459,1786029,470883,998886
1786029,22457,1784937,1782459,1787079
1787583,1787079,1776516,998886
1786029,470883,1782459,998886,435225
998886,477120
1787583,21212,1787079
1786029,435225
1787079,435225
1787079,435225
21212,435225,470883
1782459,435225
1787583,1787079
1787583,21212,998886,1787079,1776516
1787583,435225
21212,470883,1784937,1787079,435225
21212,1787079,1784937
1787079,435225
470883,1784937
1782459,21212
998886,21212
21212,1776516
477120,435225
1782459,435225
1787583,21212,998886
998886,22457,1784937
1787583,1787079,998886
1782459,470883
1786029,21212,470883,1784937,998886,435225
1787583,21212,22457,1787079,1776516
1787583,21212
477120,1776516
1787583,21212
1787079,435225
477120,435225
477120,470883
1787583,1786029,998886,1787079
21212,1787079
1786029,21212,477120
1782459,1786029
998886,470883
1782459,470883
1786029,21212,22457,470883,1776516
477120,1776516
1787079,435225
21212,477120,998886,1787079,1776516
1787583,21212,1786029,1787079,1776516
1786029,21212,1776516,998886
1786029,21212,477120,1787079,435225
1787583,21212,22457,470883,1784937,477120,1787079
1786029,1787583
1787583,21212,1786029,22457,477120,998886,1787079
477120,1784937
998886,1787079,470883
477120,1787079,470883,1784937
21212,1787079
1787583,21212,1786029,470883
470883,1782459,477120,998886,435225
21212,470883
1786029,1787079
998886,1787583
998886,1787583,1786029
477120,1787079,435225,1784937
21212,435225
21212,1787079
1787079,435225
21212,470883,1784937,477120,998886,1787079
998886,470883
21212,22457,1776516
1782459,1786029,477120
1782459,470883
22457,470883
1782459,1786029,470883
1787583,1787079
1787583,21212,1786029,1776516,477120,1787079,435225
1786029,477120
998886,21212
1787583,435225
1787079,435225
21212,477120,1787079,435225
1787583,1787079,435225
1782459,435225
1786029,21212,470883,1784937,998886,435225
1787583,1787079,435225
1787583,477120,1776516
1787583,22457
998886,1787583,1787079,1784937
998886,470883
1787583,1784937,998886
1787583,1787079
1786029,477120,1787583
1787583,477120
1782459,21212
1786029,21212,477120
1787583,998886
1786029,21212,470883,477120,1787079
1787583,21212,22457,1784937,1782459,477120,435225,1787079,1776516
998886,477120
998886,1787079
1787583,22457,1787079
1787583,21212
1782459,1787079,435225
477120,470883
1787583,22457
1782459,21212,477120
1782459,435225
1787079,470883,435225
1787079,435225
22457,470883
1786029,21212
1787079,1784937
1787583,1787079
1786029,1787583
1786029,477120,470883
1782459,470883
1782459,21212
1782459,1787079,1784937
1782459,477120
1786029,21212,22457,470883,477120,435225,1787079,1776516
477120,470883
998886,477120,21212
1786029,21212,470883,1784937,998886,435225
1787583,477120,1787079,1784937
1782459,998886,22457
1787583,1787079
1787079,435225
1782459,1787079
1787583,22457
1787079,435225
998886,1787079
1782459,435225
1787583,477120,22457,998886
1782459,1787583
477120,1787079,470883,435225
1787079,435225
998886,1787079,435225
1782459,477120,1787079
1787079,435225
1786029,470883
998886,21212,477120
1782459,998886
998886,21212
1787583,435225
1787583,22457
1786029,470883
477120,470883,1784937
1782459,998886
21212,1787079,477120
1787079,1776516
1782459,1787583
435225,1784937
1782459,477120,22457
21212,1787079,435225
998886,470883
21212,435225
1787583,21212
1786029,22457,435225
21212,22457,1776516
1786029,21212,470883,435225,1787079,1776516
1787583,21212,22457,477120,998886,1787079
1787079,1784937
1787583,477120,998886
1787079,435225,470883
1787079,435225
1787583,1787079
1782459,470883
21212,435225
1787583,22457
1786029,998886
1787079,435225
1787079,1784937
998886,21212,435225
998886,1787079
1782459,1787079,22457
1787079,435225
1786029,1787079
477120,1776516
1782459,1787583,22457
998886,21212,477120,470883
1782459,470883
21212,435225
998886,1787583,435225,22457
21212,477120,1776516
1786029,21212,1787583,470883,1782459,1787079
1782459,1786029
1782459,998886,470883
998886,21212
1782459,21212,435225
1786029,435225
1782459,21212
1782459,998886,21212
998886,21212
998886,21212,1787079
477120,435225,1784937
477120,21212
1787583,1786029,435225
1786029,1787583,22457,1787079
1787583,1782459,435225,998886,1787079,1776516
1787583,477120,998886,1787079,435225
1787583,21212
998886,22457
1787583,1787079,1784937
1787583,470883
1782459,1787583
1786029,21212,1787079,435225
1782459,1787583
1787079,470883
1786029,470883
998886,21212,1787079
1787583,477120,21212,22457
1787583,470883
1787583,998886
1786029,998886
1786029,1787583,22457,470883,435225,998886,1776516
1782459,998886
1782459,1787583,1786029
1787583,1776516
1787079,435225
1787583,1776516,998886
21212,1784937
477120,1787079,435225,1776516
998886,477120
998886,435225
1782459,22457,470883
477120,22457
21212,22457,470883,1784937,477120,435225,1787079,1776516
1787583,1786029,21212,470883,1784937,477120,998886,1787079,435225
21212,1776516,435225
1782459,1787583,1787079
22457,1787079
1782459,998886,21212,22457
1786029,21212,470883,1784937,998886,435225
1786029,22457,1784937,1787079
22457,435225
1786029,21212,477120
1786029,21212,1787583,435225
1782459,1787079
477120,22457
1782459,998886
1786029,1776516
22457,1787079
1782459,477120
1787583,998886
1787079,435225
1782459,1786029,21212
998886,1787079
1786029,21212,1787079,1784937
1787583,1786029,22457,477120,1787079,435225
998886,470883
1782459,22457
470883,1784937,1782459,998886,1787079,435225
1782459,1787583,435225
998886,1786029,435225
1782459,1787079,435225,22457
477120,470883
1786029,435225,1784937
1787583,470883
1787583,22457
1782459,1787583
998886,22457
1787079,435225
998886,21212
1786029,21212,1784937,477120,1787079,1776516
1782459,1787583
1787583,22457
1782459,22457
22457,1787079
1787079,435225
998886,21212,1787079,470883
1787079,1784937
1782459,21212,1776516,477120
1782459,477120,22457,470883
1782459,21212,1787079
477120,1787079
1786029,1787079
1787079,470883,1784937,435225
21212,22457
1786029,22457,1782459,477120,998886
1787583,470883,1784937,998886,1787079
998886,21212,1787079,435225
1787079,435225
1782459,435225
998886,477120,1787079,435225
477120,470883
998886,1787583,435225
1782459,1787583,22457,998886
21212,470883,477120
1787583,21212,1787079
1787079,1776516
21212,1784937
1786029,21212,470883,1784937,998886,435225
1787583,477120,1787079,435225
1786029,998886
1787583,22457,998886
21212,1787079,435225
1787583,1787079
1786029,477120,998886
998886,1784937
21212,435225
1787583,1786029,1776516,1784937
1782459,1786029
1786029,1787079
998886,21212,1787079,435225
1786029,21212,1787583
1776516,1784937
1786029,1787583,1784937,477120,1787079
1787583,22457
1787583,1787079,470883
21212,477120,470883
21212,1787079,435225
21212,477120
21212,435225
1786029,1787583
1786029,1787079,435225
477120,22457
1786029,22457,470883,1784937,477120,1787079,435225
21212,435225
21212,477120
435225,1784937
1787079,435225
1786029,21212,22457,1784937,1776516,477120,1787079,435225
998886,1787079,470883
21212,435225,1784937
1782459,21212,1787079,435225
435225,470883
1786029,21212,470883,1784937,998886,435225
22457,470883
470883,1784937
1786029,1787079
1787079,435225
1782459,21212,1787079,470883
1787583,1787079
1787079,470883
1786029,1787583,21212,22457,470883,477120,1787079,1776516
21212,22457,1776516
477120,22457,470883
477120,470883
1787583,1787079
1787583,21212,470883,477120,1787079,435225
1782459,998886,470883
21212,435225
1787079,435225
1787583,477120
21212,477120
1787583,1786029,22457,477120,1787079,435225
1786029,470883,477120,1787079,1776516
1787583,21212
477120,470883
1787583,1787079,435225
998886,1787583,1786029
477120,1787079
21212,22457
477120,1787079
21212,1787079,470883
998886,1787583
477120,1787079,470883
998886,1787079,470883,435225
1787583,22457,470883,1782459,477120,1787079
21212,1784937
1782459,1786029
1787079,470883
1786029,477120,1787079,22457
21212,470883,1784937,477120
1786029,477120,21212,1787079
1787583,1787079,470883,22457
21212,435225
1786029,435225
1786029,21212,470883,1784937,998886,435225
1786029,477120,1787583
21212,477120,1776516
1786029,477120
21212,1784937
21212,435225
21212,1787079,435225
1782459,1787079,1784937
1787583,1787079,470883
477120,435225
1782459,470883,1776516
1787583,477120,1776516
1787079,435225
477120,22457
1776516,1784937
1787079,435225
21212,470883,1784937,1782459,998886
1782459,1786029,470883
1787583,1786029,470883,1784937,1787079
1787079,22457
1782459,998886,477120
998886,477120
998886,470883
1787583,470883
1787079,435225
1787583,1787079,470883,998886
1787583,21212,22457,1787079
1782459,998886,1787079
1786029,1787079,1776516,22457
998886,21212,1787079
477120,21212
1782459,1786029,435225
477120,470883
1786029,1787583,22457
1782459,998886,22457
1787583,435225
1787583,477120
1782459,1786029
1786029,477120,21212,470883
1782459,477120,470883
1786029,1787583,22457,21212,470883,1776516
1782459,435225,1776516
1787583,1776516,435225
1787079,1776516
1786029,1787583,998886
1786029,1787583,22457,470883,1784937,1787079,1776516
1787583,1787079
21212,470883,1784937,998886,435225
1787583,1787079,435225
1787079,22457
21212,470883,1784937
1787583,1786029
998886,1787079
1787583,1787079,22457
21212,470883
21212,1787079,1776516
1786029,477120,435225,1787079,1776516
1786029,21212
477120,1787079,22457
998886,1787079
1787583,477120
470883,435225
1786029,21212,1787583,470883,1787079,1776516
1786029,21212,470883,477120,1787079,1776516
1786029,21212
1782459,22457
1787079,435225
1782459,1787079
1787583,1786029,1784937,477120,998886,1787079
1787583,477120
1786029,477120
998886,477120,1787079,1776516
1786029,22457
1782459,1787583
1782459,1776516
22457,1787079
1786029,21212,1787583,477120,998886,1787079,435225
1787079,1776516
1782459,998886
22457,470883,998886,1787079,435225
1787079,435225,1784937,470883
1786029,998886
1782459,1786029,1787079
1782459,1786029,477120
1782459,1787583,470883
1782459,998886,477120,21212
21212,470883
1787583,477120,22457
1782459,470883
1782459,1786029
21212,22457,470883,998886,1776516
477120,435225
1786029,21212,470883,1784937,998886,435225
1787583,435225
998886,1776516
1787583,22457,435225,1776516
1787583,1787079
477120,1787079
477120,1776516
1782459,1786029
1782459,1786029
998886,1787079
21212,1787079,435225
477120,435225
1786029,1784937
1786029,1787583
1787583,477120
22457,470883
1782459,1786029,1787583
1782459,22457
1786029,477120,470883
1786029,21212
1776516,435225
21212,1787079
1782459,1787079
1787583,998886
21212,435225,1784937
1786029,1784937,477120,998886,1787079
21212,1787079
1782459,1787079
1782459,22457,470883
1786029,477120,1787079,21212
1786029,21212,22457,1787583,470883,477120,435225,1787079,1776516
1787583,22457,1782459,1787079,1776516
21212,1784937
1782459,998886,1787079
998886,470883
1782459,1787079
1786029,21212,1784937,477120,435225
1787583,21212,435225
1786029,1787079
21212,470883
1786029,21212,470883,1784937,998886,435225
477120,435225,1784937
1782459,470883
1787583,477120,470883,998886
1787583,477120,435225
1787583,477120,435225,1787079,1776516
21212,470883
1787583,1787079,22457
1787079,470883
1776516,1784937
21212,1776516,435225
1787079,1784937
1782459,1786029
1786029,1787583,1784937,477120,1787079
1782459,1784937
998886,1787583
1782459,998886
21212,1784937
1782459,477120
1787583,1787079
21212,1776516
998886,477120
1787583,435225,1784937
1787079,22457
21212,1787079,477120
21212,1784937
477120,470883
477120,470883
1782459,477120,470883
1787583,21212,22457,470883,477120,1787079
22457,435225,1784937
1782459,1787583,470883
1786029,21212
435225,1784937
1782459,477120,22457
1786029,21212
21212,1787079,470883
22457,470883
1787079,435225
1787583,1787079
1786029,21212,1784937,998886,435225
1782459,1787583,1786029
1782459,998886,1787079,470883
1786029,470883
1782459,22457
1786029,1787583,1787079,21212
1787583,477120,470883
1786029,1787079
1787583,470883
1787583,435225,1784937
1787583,21212,1776516,435225
21212,1787079
1787079,435225
1782459,21212,1787079,435225
1787079,435225
477120,1787079
1782459,1786029
1787583,477120
477120,21212
1787583,21212,22457
1782459,1787583
1782459,22457
1787583,1787079
1782459,1787583
1787583,1776516
1787583,22457
1787079,435225
1782459,1787583
1782459,1786029
1787583,477120,22457
998886,477120,1787079,470883
998886,21212,435225,1784937
1782459,1787583
1787079,1776516
1787583,1787079,435225
1787583,1776516
1786029,1787583,22457,477120,998886,1787079,1776516
1782459,1787079
1786029,998886
1786029,21212,22457,1787583,470883,1784937,477120,435225,1787079,1776516
998886,477120,1786029,1787079
21212,470883
1787583,470883,1784937
1786029,21212,22457,1787583,470883,1784937,477120,435225,998886,1787079,1776516
1786029,1787583,22457,477120,998886,1787079
22457,470883
1782459,1787079,1784937
477120,470883
1782459,470883
1776516,435225
1787583,477120
1787583,1787079
1782459,21212,1787079,435225
21212,1787079,470883
1782459,1786029,21212
1787583,1787079
1782459,1776516
1782459,22457
477120,470883
1787583,1787079
1787583,1784937
1787079,1776516
1782459,470883
1782459,470883
1782459,477120,21212
1782459,1787079
1786029,21212
998886,477120
1782459,477120,470883
1787583,477120,1787079,435225
21212,1787079,435225,1784937
1787583,1786029,1784937,477120,998886
477120,470883
1786029,1787583,470883,477120,1787079,1776516
1786029,22457,470883,1784937,477120,1787079,435225
21212,1787079
1782459,477120
1786029,1787079
998886,435225
1782459,22457
1786029,1787583,21212,477120,1787079,1776516
1782459,1786029
1787583,22457,470883,1782459,477120,1787079
470883,1784937
1787583,21212,1787079
1786029,1776516
1787583,21212,470883,477120,998886,435225
477120,470883
1782459,21212
1786029,1776516
1787079,1784937
21212,1787079
1786029,21212,470883,1784937,998886,435225
477120,1787079
1787583,1787079,1784937
1787583,22457
22457,470883
21212,1787079,1776516
1787583,470883
1787583,470883
21212,470883
477120,470883
1787583,477120,22457,1787079
1787583,1787079,22457
1786029,22457,470883,477120,998886,1787079
1782459,22457
1787583,21212,1787079
1782459,998886,477120,1787079
1776516,470883
1787583,435225
1787583,477120
21212,470883
1782459,1787079
1776516,1784937
21212,1787079,435225
998886,21212,1787079,435225
1786029,22457
477120,470883
1782459,477120
998886,22457,1776516,470883
1782459,998886
1787583,477120
477120,435225
1786029,477120,1776516
1782459,22457
1786029,1787079,470883
1782459,1787583
21212,22457
998886,1787079
1787583,22457
1782459,998886,470883
1787583,1787079
1786029,21212
1787583,22457
1786029,21212,998886
21212,435225
1786029,1787583,22457,1784937,477120,1787079
1787583,21212,22457,477120,998886,1787079,1776516
1787583,1787079,22457
1787583,435225
1776516,470883
1787079,435225,22457
1786029,477120,1787079,470883
477120,470883
1786029,21212,470883,1784937,998886,435225
1782459,477120,1787079,470883
477120,21212
1787583,1787079
998886,1787583
477120,1787079,470883
1787079,435225
998886,477120,1787079
21212,1787079
1787583,1786029
1787583,21212,998886,1787079,435225
1786029,1787583,22457,1784937,477120,998886,1787079
22457,435225
1786029,21212,1784937,477120,998886,1787079,435225
1786029,21212,1787583,1784937,1782459,477120,1787079,1776516
1782459,22457,470883
1786029,1787079
21212,1787079,435225,1784937
998886,1787079
1787583,1787079,435225
1782459,477120
1787583,477120,1784937,998886
1787079,435225
1787079,435225
1782459,1786029
1787079,435225
21212,470883,1784937,1787079,435225
1782459,998886,22457
477120,470883
477120,470883
22457,470883,477120,998886,1787079,1776516
998886,477120,21212,470883
1787079,22457
470883,1784937
998886,477120,1787079
1787583,1787079,998886
1787583,1784937,1782459,435225,998886,1787079,1776516
1786029,21212,22457,1787583,470883,435225,1787079,1776516
1782459,1787583
1787583,1786029,477120,1787079
1782459,22457
1787079,435225
1782459,1787583
1787079,435225
998886,22457
1782459,21212,470883
1782459,470883
1782459,435225
1782459,1787079,435225
1787583,435225
1782459,1787583,470883,435225
1786029,1787583,22457,21212,470883,1784937,477120,435225,1787079,1776516
1782459,1787583
1787079,435225
1786029,21212,470883,1784937,998886,435225
1786029,477120,1787079
1787583,22457
1782459,1787583,1787079
1787079,1784937
1782459,470883
470883,1784937,1782459,1787079,1776516
1787583,22457
1786029,21212,477120,998886,435225
1786029,21212
477120,1787079,22457
998886,21212,1786029
1782459,1786029
1786029,1784937
1782459,1787583,22457,470883
1787583,470883
1782459,1787583,998886
1786029,21212,1784937,477120,998886,1787079
1787583,435225,1776516,470883
477120,21212
1786029,1787583,22457,1784937,477120,1787079
1786029,1787583,1787079,470883
1786029,1787583
1787583,22457
1782459,470883
1787079,1784937
21212,470883,477120
1786029,1787583
21212,435225
1787583,1787079
1786029,21212,1782459,998886,435225
998886,1787079,435225
1786029,21212,435225
1786029,21212,1787079,1776516
1787079,435225
1787079,470883
1782459,1784937
1782459,1784937
1787079,435225
1782459,1787583
22457,435225
1787583,477120
1787079,1784937
998886,21212
1782459,1787079
1782459,1787583
1787583,470883
1787583,21212,1786029,22457,470883,1784937,477120,1776516
1786029,1787583,22457,21212,1784937,477120,435225,1776516
1782459,1787079
1782459,1787583,22457
1787583,1787079,435225
21212,1787079,22457
1786029,21212,470883,1784937,998886,435225
1782459,1787583,477120
1782459,435225
1787583,22457
22457,470883
1782459,1787583,1776516
1782459,477120,1787079,435225
1787079,435225
998886,477120,1787079,470883
998886,477120,470883
1782459,1787583
1782459,470883
1787583,21212,22457,1786029,1776516,1787079,435225
1786029,21212,22457,470883,1784937,435225,1787079,1776516
1787583,22457,470883
1787583,1786029,22457,477120,1787079
435225,1784937
21212,477120
1787583,22457,477120,998886,1787079,435225
1782459,21212,435225
1787583,470883
1786029,1776516,1784937
1782459,1786029,1787079
1787583,21212
1786029,21212
1782459,477120
1787583,1787079
21212,1784937,1782459,477120,1787079
21212,1776516
1786029,1787079
1786029,21212,22457,1787583,470883,477120,1787079,1776516
1787583,1786029,21212,470883,1784937,477120,1787079,1776516
1782459,470883
21212,1787079,435225
21212,22457,1776516
1782459,1787583
21212,22457
477120,470883
1787079,1776516
1787583,1786029
998886,1787583
1786029,22457
1782459,435225,1784937
1782459,1787079
435225,1776516
998886,477120,1787079
477120,470883
1782459,1787583
21212,1776516
477120,1776516
1782459,435225
1787583,435225
1786029,21212,1787583,22457,470883,1776516,477120,1787079,435225
1787583,22457
998886,21212,470883
1787079,435225
1787583,1787079
1787079,1784937
21212,470883
21212,1787079
1786029,21212,470883,1784937,998886,435225
21212,435225,1784937
998886,1776516
477120,470883,1784937
1787583,435225,998886
1782459,477120
1782459,1787079,435225,1784937
1782459,1787583
470883,1784937
1787079,435225
1782459,21212
1786029,477120
22457,1787079
1787583,470883
1786029,21212,1787583,22457,1784937,477120,435225,1776516
22457,1776516
477120,1787079
1782459,470883
1782459,1787079,435225
477120,22457
1782459,998886,21212,1786029
1787583,1786029
21212,435225
1786029,1787079
1787583,21212,477120,435225,1787079,1776516
1782459,1787583
21212,1784937
1786029,1787583,22457,1784937,477120,1787079
1786029,1784937
998886,1776516
477120,1787079,435225
1782459,21212
1787583,470883
477120,470883
998886,21212
1782459,470883
1787583,435225,1784937
1786029,1787583,1787079,1784937
1786029,21212
1782459,21212
1787079,435225
21212,22457,1787079
1787583,1776516
998886,1776516
1787079,435225
1787583,1786029,21212,1782459,435225,1787079,1776516
1787079,435225
1787079,435225
477120,470883
1786029,21212,470883,1784937,998886,435225
1782459,1787079
1782459,22457
21212,1784937
1787583,21212
1787583,470883
1787583,470883
1786029,1787583,22457,21212,470883,477120,1787079
1787583,1786029,22457,21212,470883,1776516,477120,1787079,435225
1782459,1787583
1782459,1787583,470883
1787583,477120
1787583,21212,1787079
1787079,470883
1787583,1786029,22457,477120,1787079
1782459,1786029
1786029,435225
22457,470883
1786029,1784937
998886,1787583,1787079
1787583,477120,1786029
21212,1787079,435225
1787583,21212,1786029,22457,470883,1784937,477120,435225,998886,1776516
1787079,470883
1787583,1787079
998886,477120
1782459,1786029,477120
1786029,1787583,22457,470883,477120,998886,1787079
1787583,1786029,22457,470883,477120,1787079,435225
1787079,22457
477120,1787079
1782459,21212,1787079
1787583,1787079
1782459,1787583,1786029
22457,1784937,1782459,1787079,435225
1787079,470883,435225
1787079,435225
1782459,470883,1776516
1782459,1787583,1787079
22457,435225,470883
1782459,1787583
1782459,1787583,477120,22457
477120,1784937
1787079,435225
1787583,1787079,1776516
1782459,1787583
22457,1784937,998886,1787079,435225
435225,1784937
21212,470883,1784937,998886,435225
1786029,1784937
1782459,22457
1787079,435225
1786029,21212,470883,1787079,435225
1787583,1786029,22457,470883,1784937,477120,998886,1787079
1786029,1787583,22457,477120,1787079
477120,21212
1786029,21212,22457,1787583,470883,1784937,1787079,435225
470883,1784937
21212,470883,1784937,998886,435225
1776516,1784937
1787583,1786029,435225,1784937
1787583,1787079,470883
1787583,435225
1786029,21212
1787079,435225
1782459,1786029
22457,470883
1786029,21212,477120
21212,1776516
1787079,435225
21212,1784937
1782459,1776516
1787583,21212,470883,1776516,1782459,477120,1787079,435225
1786029,21212,22457,1787583,470883,477120,435225,998886,1787079,1776516
1782459,1786029
21212,477120,470883
21212,470883,1784937,998886,435225
1786029,1787583,22457,477120,1787079
1786029,1787583,22457,1784937,477120,1787079
1782459,21212
1787583,22457
477120,22457,435225
1786029,998886
477120,1787079
1787583,1787079,1784937
1787583,1776516
1787583,1787079,998886
1786029,1787583,1787079
1786029,477120,22457,1787079
1786029,1787583,22457,1782459,1787079,1776516
1782459,1787583,22457,435225
1786029,21212,1787583,470883,1782459,477120,435225,1787079,1776516
1782459,477120,1787079,1784937
1786029,21212,22457,1787583,470883,1787079,435225
1786029,435225
1787583,22457
1787583,21212
1786029,21212,470883,1784937,998886,435225
1787583,21212,22457
1787583,1787079,435225
1787079,470883
998886,470883
21212,470883
1786029,1787079
1786029,21212,470883
1787079,435225
1782459,1776516
477120,1776516
1787583,1786029,22457,477120,1787079
1787583,477120,1787079,1784937
1782459,1786029,1787079,1784937
1786029,21212,22457,470883,477120,435225,1787079,1776516
1786029,22457,1784937,477120,1787079
1782459,22457,435225,1787079
1782459,1787583,470883
1782459,22457
21212,470883
1782459,1786029,470883
1787583,477120
1782459,477120
1787583,22457
1787079,1784937
1787079,1776516
998886,477120
1786029,1787583
1786029,1787583,435225
1786029,477120
1782459,21212
1787583,1786029,21212,22457,470883,477120,435225,1787079,1776516
1787583,477120,470883
1787583,22457
1787583,477120
1786029,21212,470883,1784937,998886,435225
477120,1787079
998886,1787079
1787583,21212
1782459,1786029
1782459,470883
1787079,1784937
477120,470883
1782459,998886,470883,1784937
1786029,477120,470883
1782459,1787583,435225
1787079,435225
21212,1787079,435225
1787583,470883
1786029,21212,1787583,22457,470883,477120,998886,1776516
1786029,435225
1786029,22457
1782459,470883
998886,1787583,1776516,1787079
998886,21212,435225,470883
1786029,1787583
21212,435225,1784937
22457,470883
477120,1787079
1786029,1787583,1784937,477120,1787079,1776516
1787583,1786029
1786029,1787583,22457,1784937,477120,1787079
477120,22457
1787583,21212,435225
1782459,1787583
21212,470883,477120
1786029,21212,1776516
1787583,1787079
1787583,1787079
1786029,470883
1782459,435225,1776516,470883
1782459,998886,22457,435225
1782459,21212,22457
1787583,470883
998886,22457
1787583,1786029,22457,21212,470883,1784937,1776516,477120,435225
1786029,1787583,22457,21212,470883,1782459,477120,435225,1787079,1776516
1786029,1787583,22457,21212,470883,1784937,1776516,1782459,477120,998886,1787079,435225
1787079,1776516
1787079,435225
1787079,435225
1787583,477120
998886,21212,1787079,470883
1786029,21212,470883,1784937,998886
21212,22457
1787583,435225
1787079,435225
1782459,21212,1787079
470883,1784937,1776516
1782459,1787583
21212,1787079
1782459,1787079
1787079,1784937
1782459,1787079,435225
1786029,21212,22457,477120,998886,1787079,1776516
1787583,21212,477120
1787583,1787079
1782459,1787583
1786029,1787583,22457,1784937,477120,1787079
22457,470883
1787079,1776516
22457,1787079
1782459,1787583,22457
1782459,1787583
1787583,21212
1787583,21212
1787583,1787079
21212,1784937
1787079,435225
21212,435225
21212,1787079
1786029,21212,22457,1787583,470883,1782459,477120,998886,1787079
1786029,21212,22457,1787583,470883,477120,435225,1787079,1776516
1786029,1787583,22457,1784937,1787079
1786029,21212,470883,1784937,998886,435225
1787583,1784937
477120,435225
1782459,1776516
1787583,1787079,435225
477120,22457
21212,1776516,470883
1786029,1787583,22457,21212,470883,1784937,477120,1787079,435225
477120,435225
1787583,470883
477120,1776516
1786029,21212,22457,1787583,1784937,1782459,477120,435225,998886,1787079,1776516
1786029,21212,470883,1784937,998886
1786029,1787079,1784937,22457
1787583,435225
1787583,21212,22457
1787583,22457
1787583,21212
1787583,22457
1787583,21212
1787583,21212,22457
1787583,21212,22457
21212,22457
1787583,21212,22457
1787583,21212,22457
1787583,22457
1787583,22457
1787583,21212,22457
1787583,22457
1787583,21212
1787583,21212,22457
1787583,21212,22457
1787583,21212
1787583,22457
1787583,21212,22457
21212,22457
1787583,21212
1787583,21212,22457
1787583,21212,22457
1787583,22457
21212,22457
1787583,21212,22457
1787583,21212,22457
1787583,22457
1787583,21212,22457
21212,22457
1787583,21212,22457
1787583,21212
1787583,22457
1787583,21212
1787583,22457
1787583,21212
1787583,21212
1787583,22457
1787583,22457
1787583,22457
1787583,22457
1787583,22457
1787583,21212,22457
1787583,21212,22457
1787583,21212,22457
1787583,21212,22457
1787583,22457
21212,22457
1787583,21212,22457
21212,22457
1787583,21212
1787583,21212,22457
1787583,21212
1787583,22457
1787583,22457
1787583,21212
1787583,22457
1787583,22457
1787583,22457
1787583,21212,22457
1787583,21212
21212,22457
1787583,22457
1787583,21212
21212,22457
1787583,22457
1787583,22457
1787583,22457
1787583,21212
21212,22457
1787583,22457
21212,22457
1787583,22457
1787583,22457
1787583,22457
1787583,21212,22457
1787583,21212,22457
1787583,21212
1787583,22457
1787583,22457
1787583,21212,22457
1787583,21212
1787583,22457
1787583,22457
21212,22457
1787583,21212
1787583,22457
1787583,22457
1787583,22457
21212,22457
1787583,22457
1787583,22457
21212,22457
1787583,21212
1787583,21212,22457
21212,22457
1787583,21212
1787583,22457
1787583,21212,22457
1787583,22457
21212,22457
21212,22457
1787583,21212
1787583,22457
1787583,21212
1787583,22457
1787583,22457
1787583,22457
1787583,21212
1787583,22457
1787583,21212,22457
21212,22457
21212,22457
21212,22457
1787583,21212,22457
1787583,22457
1787583,22457
21212,22457
1787583,22457
21212,22457
1787583,22457
1787583,22457
1787583,21212
1787583,22457
1787583,22457
21212,22457
1787583,22457
21212,22457
1787583,22457
1787583,21212,22457
1787583,22457
1787583,21212,22457
1787583,22457
1787583,22457
1787583,21212
1787583,21212,22457
1787583,21212,22457
21212,22457
1787583,21212
1787583,22457
1787583,21212
1787583,21212,22457
1787583,21212,22457
1787583,22457
1787583,22457
1787583,22457
1787583,21212
1787583,21212,22457
1787583,21212
1787583,22457
1787583,22457
1787583,21212
1787583,22457
1787583,22457
1787583,22457
1787583,22457
1787583,21212
1787583,21212
1787583,21212,22457
1787583,21212
21212,22457
1787583,21212
1787583,21212,22457
1787583,22457
1787583,21212
1787583,22457
1787583,22457
21212,22457
21212,22457
1787583,22457
21212,22457
1787583,21212
1787583,21212
1787583,22457
1787583,22457
21212,22457
1787583,22457
1787583,21212
1787583,21212
21212,22457
1787583,22457
1787583,22457
1787583,22457
1787583,21212
1787583,22457
1787583,21212
1787583,21212,22457
1787583,21212
1787583,22457
1787583,22457
1787583,21212
1787583,22457
1787583,21212
1787583,22457
21212,22457
1787583,22457
21212,22457
1787583,22457
21212,22457
1787583,22457
1787583,22457
1787583,21212
1787583,22457
1787583,21212
21212,22457
1787583,21212
1787583,21212,22457
1787583,22457
1787583,22457
1787583,21212,22457
1787583,22457
1787583,21212
1787583,21212,22457
1787583,21212
1787583,21212
1787583,22457
1787583,22457
1787583,21212,22457
1787583,22457
1787583,22457
1787583,22457
1787583,22457
1787583,21212,22457
21212,22457
1787583,22457
1787583,22457
1787583,21212,22457
1787583,22457
1787583,22457
1787583,22457
1787583,21212
21212,22457
1787583,21212
1787583,22457
1787583,21212
1787583,21212,22457
1787583,21212
1787583,21212
1787583,21212,22457
1787583,22457
1787583,21212
21212,22457
21212,22457
1787583,22457
1787583,21212
1787583,22457
1787583,21212,22457
1787583,22457
1787583,21212
1787583,22457
1787583,21212
21212,22457
1787583,22457
21212,22457
21212,22457
21212,22457
1787583,22457
1787583,21212
1787583,21212,22457
1787583,21212,22457
1787583,21212,22457
1787583,21212,22457
1787583,21212,22457
1787583,21212,22457
1787583,21212
1787583,21212,22457
1787583,21212
21212,22457
1787583,21212,22457
1787583,22457
1787583,22457
1787583,21212,22457
1787583,22457
1787583,21212
1787583,22457
1787583,22457
1787583,21212
1787583,21212
1787583,22457
1787583,21212,22457
1787583,21212
1787583,21212,22457
1787583,22457
1787583,22457
1787583,21212
1787583,21212
21212,22457
1787583,21212
1787583,21212
1787583,22457
1787583,21212
1787583,21212,22457
1787583,22457
1787583,21212,22457
21212,22457
1787583,21212
1787583,22457
1787583,21212
21212,22457
1787583,22457
1787583,22457
21212,22457
1787583,21212
21212,22457
1787583,22457
1787583,21212
21212,22457
21212,22457
1787583,21212,22457
1787583,21212
1787583,21212
1787583,21212
1787583,22457
1787583,22457
1787583,21212
1787583,22457
1787583,22457
21212,22457
1787583,21212,22457
21212,22457
1787583,22457
21212,22457
1787583,22457
1787583,22457
1787583,21212
1787583,22457
1787583,21212,22457
1787583,21212
1787583,22457
1787583,21212
1787583,21212,22457
1787583,22457
1787583,22457
1787583,21212,22457
1787583,22457
1787583,22457
21212,22457
1787583,22457
1787583,21212,22457
21212,22457
21212,22457
1787583,22457
1787583,21212,22457
1787583,22457
1787583,22457
1787583,22457
1787583,21212
1787583,22457
1787583,21212
1787583,21212,22457
1787583,22457
21212,22457
1787583,21212,22457
21212,22457
1787583,22457
1787583,22457
1787583,22457
1787583,21212
1787583,21212
1787583,22457
1787583,21212,22457
1787583,21212
21212,22457
1787583,21212,22457
1787583,21212
1787583,21212
1787583,22457
1787583,22457
1787583,21212,22457
1787583,22457
21212,22457
21212,22457
21212,22457
1787583,21212
1787583,21212,22457
1787583,21212
1787583,21212,22457
1787583,22457
1787583,21212
1787583,22457
1787583,22457
1787583,22457
21212,22457
21212,22457
1787583,22457
1787583,21212
21212,22457
21212,22457
1787583,22457
1787583,21212
1787583,21212
1787583,22457
1787583,21212,22457
1787583,22457
21212,22457
1787583,22457
1787583,21212
1787583,22457
21212,22457
1787583,21212
21212,22457
1787583,21212
1787583,21212
21212,22457
1787583,21212,22457
1787583,22457
1787583,21212
1787583,21212
1787583,22457
1787583,21212
1787583,22457
1787583,21212,22457
1787583,21212,22457
21212,22457
1787583,21212
1787583,22457
1787583,21212
1787583,21212
1787583,21212,22457
1787583,21212,22457
1787583,22457
1787583,21212,22457
1787583,22457
1787583,21212
1787583,22457
1787583,22457
1787583,21212
1787583,21212,22457
1787583,21212
1787583,22457
1787583,21212,22457
21212,22457
1787583,22457
21212,22457
1787583,22457
1787583,22457
1787583,21212,22457
1787583,22457
1787583,21212
1787583,21212
21212,22457
1787583,22457
1787583,22457
1787583,22457
1787583,21212
21212,22457
1787583,22457
1787583,22457
1787583,22457
1787583,22457
1787583,21212
1787583,22457
1787583,21212,22457
21212,22457
1787583,22457
1787583,22457
21212,22457
1787583,22457
21212,22457
1787583,21212
21212,22457
1787583,22457
1787583,22457
1787583,21212
21212,22457
1787583,21212
1787583,21212,22457
1787583,22457
1787583,22457
1787583,22457
21212,22457
1787583,21212
21212,22457
1787583,21212
1787583,21212
21212,22457
1787583,22457
1787583,21212
21212,22457
1787583,21212,22457
21212,22457
1787583,22457
1787583,21212
1787583,22457
1787583,21212,22457
1787583,22457
21212,22457
1787583,21212
1787583,22457
1787583,21212
1787583,22457
21212,22457
1787583,22457
1787583,21212
1787583,22457
21212,22457
1787583,22457
1787583,21212
1787583,21212,22457
21212,22457
1787583,21212
1787583,21212
1787583,22457
1787583,22457
1787583,21212
1787583,21212
1787583,21212,22457
1787583,21212
21212,22457
1787583,21212
1787583,22457
1787583,21212
1787583,22457
1787583,21212
1787583,21212,22457
1787583,21212
1787583,22457
1787583,22457
1787583,22457
1787583,21212
1787583,22457
21212,22457
1787583,21212
21212,22457
1787583,21212
1787583,21212
1787583,21212
1787583,21212,22457
1787583,21212
1787583,21212
21212,22457
1787583,21212
1787583,21212,22457
1787583,21212,22457
1787583,21212
21212,22457
1787583,21212
1787583,22457
1787583,21212,22457
1787583,22457
1787583,21212
1787583,22457
21212,22457
1787583,22457
1787583,22457
1787583,22457
1787583,21212
21212,22457
1787583,21212,22457
1787583,22457
1787583,22457
1787583,22457
1787583,21212
1787583,22457
1787583,21212
1787583,21212,22457
1787583,22457
21212,22457
1787583,21212
21212,22457
1787583,21212
1787583,22457
1787583,22457
1787583,22457
21212,22457
1787583,22457
1787583,21212
1787583,22457
1787583,21212
1787583,22457
21212,22457
1787583,21212,22457
21212,22457
1787583,21212
1787583,22457
1787583,21212
21212,22457
1787583,22457
1787583,22457
1787583,21212,22457
1787583,22457
1787583,21212,22457
1787583,22457
1787583,22457
1787583,21212
1787583,21212
1787583,22457
21212,22457
1787583,22457
1787583,21212,22457
1787583,22457
1787583,21212
1787583,22457
1787583,21212,22457
1787583,21212
1787583,21212
1787583,21212,22457
1787583,22457
1787583,22457
1787583,21212,22457
1787583,21212,22457
1787583,21212
1787583,22457
1787583,21212
1787583,21212
1787583,22457
1787583,22457
1787583,22457
1787583,21212
21212,22457
1787583,22457
1787583,22457
1787583,21212,22457
1787583,22457
1787583,21212
1787583,21212
1787583,21212,22457
1787583,21212,22457
1787583,22457
1787583,22457
1787583,22457
1787583,22457
1787583,21212,22457
1787583,21212,22457
1787583,22457
21212,22457
1787583,22457
1787583,21212,22457
21212,22457
1787583,22457
1787583,22457
1787583,21212
1787583,21212,22457
1787583,21212
21212,22457
21212,22457
1787583,21212,22457
1787583,22457
1787583,21212,22457
1787583,21212
21212,22457
1787583,21212
1787583,21212
1787583,21212,22457
1787583,21212,22457
1787583,21212
1787583,21212,22457
1787583,22457
1787583,22457
1787583,22457
1787583,22457
1787583,21212,22457
1787583,21212
1787583,21212,22457
1787583,22457
1787583,22457
1787583,22457
1787583,22457
1787583,21212
1787583,21212,22457
1787583,22457
1787583,21212
1787583,21212,22457
21212,22457
1787583,22457
1787583,21212,22457
1787583,22457
1787583,21212
1787583,21212,22457
1787583,21212
21212,22457
1787583,21212,22457
1787583,21212,22457
1787583,21212,22457
21212,22457
21212,22457
1787583,21212
1787583,22457
1787583,21212
1787583,21212
1787583,21212,22457
1787583,21212,22457
1787583,21212,22457
1787583,21212,22457
21212,1787079,435225,1784937
1787583,1787079
1782459,21212
1787583,1786029,435225
1786029,21212
1782459,21212,1784937
1786029,435225
1786029,21212
1782459,21212,1787079
1782459,1787583,470883
1787583,1776516
1787079,1784937
1786029,470883
1787583,1787079
1786029,21212,1787583,22457,470883,1787079,435225
1787583,1787079
1787583,1787079
1787583,22457
1786029,21212,1787583,470883,1776516,1782459,998886,1787079,435225
1787583,22457,470883,1782459,1787079
1786029,21212
1787079,1784937
1782459,470883
1786029,21212,470883,1784937
1782459,1786029,22457
1782459,1787583,21212
21212,435225
1782459,470883
1782459,470883
1787583,1786029
435225,1784937
1786029,1787583
22457,470883,998886,1787079,435225
1787583,435225
998886,1787079,435225
22457,1776516,998886,1787079,435225
1786029,1787079
1787583,21212,22457,1786029,470883,1782459,998886,1787079,435225
1787079,1784937
1782459,1786029,21212
21212,470883
998886,470883
1787583,1787079
1787583,1786029,21212,470883,1784937,1787079
21212,1787079
1782459,1786029
1782459,1787583
22457,1784937,1787079
998886,470883,1784937,435225
1787583,21212,22457,1787079,1776516
1782459,1786029
1786029,21212,22457,470883,1784937,1787079,435225
1782459,22457,435225,1787079
1787583,1787079,1776516,998886
1782459,998886,21212
1786029,470883
1786029,1787079
1782459,1787583,1776516
22457,435225
21212,470883
21212,1787079
1786029,1787583,22457,21212,470883,1776516,1782459,1787079,435225
1782459,1787583
1786029,21212,22457,1787583,470883,1784937,1787079,435225
1787079,1784937
1787583,22457,470883
22457,1776516
1787079,435225
1787079,470883
21212,1784937
1787583,22457,435225
22457,470883
1787079,435225
1782459,1787583
1782459,1786029,470883
1787583,470883
1782459,1786029,470883
1786029,1787583,21212,22457,470883,1784937,1776516,998886,435225
1782459,1787583
1782459,1786029
1787583,22457
1787583,1787079,470883
1782459,1787583,21212
1787583,470883
1787583,1787079
1782459,22457,470883,1784937
21212,470883
1782459,21212
1786029,21212,22457,1787583,470883,1784937,1776516,998886,1787079,435225
1786029,21212,1787583,470883,1784937,1787079
998886,22457,435225,1787079
22457,435225,998886,1787079,1776516
435225,22457,1776516,1787079
1787079,1776516,435225
21212,470883
1787583,1787079
1787583,21212,22457,1786029,470883,998886,1787079,435225
1787583,21212
21212,435225,1784937
1782459,998886
21212,1776516,470883
998886,1786029
1787079,470883
1787583,1787079
1782459,1787583,1776516
1787583,22457,435225
1782459,21212,1787079
1787079,435225
22457,470883
1786029,1787583,22457,21212,470883,1784937,1782459,998886,1787079,435225
1782459,1787583
1786029,21212,1787079,470883
1786029,1787583
1787079,470883
1782459,1787583
1782459,22457,1784937
1782459,1787079,435225
1786029,470883
1782459,435225
1787583,435225,1784937,470883
21212,470883
21212,22457
998886,1787583
1787583,21212,1786029,1787079
1787583,1776516
1786029,21212,1787583,22457,470883,1784937,1776516,998886,1787079,435225
21212,1784937
1782459,1787583,998886
1787583,998886
1787583,470883
998886,22457,470883,435225
22457,470883,1776516,998886,1787079,435225
470883,435225,998886,1787079,1776516
998886,1787079
1787583,1786029
1786029,21212
21212,470883
1787583,21212,1786029,22457,470883,1776516,1782459,1787079,435225
21212,470883
1782459,435225
1786029,1787583,22457
21212,22457
470883,435225
1782459,1787583,435225
1787079,435225
1786029,21212,22457,1787583,470883,1776516,998886,1787079,435225
1787583,1787079,435225
1787583,21212,1786029,470883,1784937,1787079
21212,1787079,1776516
21212,1787079
1787079,22457
1786029,1784937
1787583,1787079,435225
1786029,1787583,1784937
1786029,21212
1787583,1787079
1786029,1787583,1787079,470883
1782459,1787079,470883
1782459,1787583,1786029,998886
1786029,21212,1787583,22457,470883,1784937,1782459,998886,1787079,435225
1787583,22457,998886
1787583,470883
1787583,21212,22457,1786029,470883,1784937,1782459,1787079,1776516
1782459,22457
1787079,22457
21212,22457
1786029,1787583
1787583,21212,22457
1782459,1786029
1786029,435225,1784937
1787583,21212,1786029,470883
1782459,1786029
1782459,1784937
1787583,1787079
477120,1787079
1787583,22457
1786029,1784937
21212,435225
1787583,21212,1784937,477120,1787079
1787583,1787079
1787079,435225
1782459,998886,1787583
1782459,1787583
1782459,1784937
1787583,1787079,1784937,22457
1787583,21212
1787583,477120
477120,470883
1786029,1787583,21212,470883,1784937,1787079
22457,435225,998886,1787079,1776516
1782459,21212,1787079
1782459,22457,470883
1787079,470883
1787583,470883
21212,435225
1787583,21212
1782459,1784937
1782459,1787583,22457
477120,22457
1787583,477120
1787583,1787079
1787583,22457
1787583,435225
1782459,477120,435225
477120,21212
1786029,21212
1787079,435225
1786029,477120
477120,21212
1787583,435225
1787583,22457,1784937
1786029,435225
1782459,1787583
1786029,435225
1782459,1787583
1787583,470883
1782459,1787583,22457,470883
1786029,477120
1787583,477120
1787583,1787079
477120,22457
1787583,22457
1787583,1787079
1787583,477120
1782459,477120
21212,477120
1787079,435225
1786029,21212,22457,1787583,470883,1782459,998886,1787079
1787583,21212,22457,470883,1784937,1782459,435225,1787079,1776516
1786029,21212,22457,1787583,470883,477120,998886,1787079,1776516
1782459,1787583
477120,470883
1786029,470883
1787583,21212,22457,1786029,470883,1784937,1782459,477120,998886,1787079,435225
1787583,22457,470883,1784937,477120,435225,1787079,1776516
1787079,1784937
1782459,1787583
1786029,1787583
1786029,470883
435225,1784937
998886,1787583
1787583,1786029
477120,1784937
1786029,22457,470883,477120,998886,1787079
1787079,435225
1786029,477120
477120,470883
1787583,470883
1787583,1787079
1787583,477120
998886,21212,22457,470883
1787583,21212,22457,470883,477120,1787079,435225
21212,1784937
477120,470883
1787079,470883
1786029,21212,22457,470883,477120,1787079,435225
1786029,1787079,470883
22457,470883
1787583,21212,477120
1786029,1787583,22457,21212,470883,477120,998886,435225
1782459,22457
1787583,21212,470883,477120,1787079
21212,1784937
998886,22457,1776516
1787079,1776516
22457,1787079
1787079,22457
998886,22457
998886,1776516
1786029,21212,1787583,470883,1784937,1787079
477120,470883
1786029,470883,998886
1787583,477120
1786029,22457,470883
1787583,435225
1787583,477120,998886
1787583,1787079
1787583,1786029
477120,1787079
21212,1787079,470883
1782459,21212,470883,477120
1786029,22457,470883,477120,435225,1787079,1776516
1787583,22457
1787583,1787079
477120,22457
1786029,1787583,470883
1782459,477120,21212,435225
1786029,998886
477120,1787079,1784937
22457,470883
21212,470883,1784937,998886,1787079
1786029,1787583,22457,477120,998886,1776516
1787583,1784937
1782459,1787583
1782459,477120,22457
1787583,21212
1787079,435225,470883
1782459,1787583,477120
1782459,1787583
21212,1787079,1784937
1787583,998886
1786029,22457,470883,1787079,1776516
1787079,1784937
477120,1787079,435225,1784937
1782459,470883
1786029,1776516
1782459,1787583
1782459,1787583,477120,22457
1786029,1787079,1776516,22457
998886,1787583,22457
1787583,477120
1787583,22457,1782459,1787079,435225
998886,1787079,435225,1784937
998886,1787079,435225,1784937
1787583,1787079,435225
1787583,21212,22457,1782459,1787079,435225
1787583,477120,470883
477120,470883
1787583,21212,470883,1782459,1787079
21212,1787079,477120,22457
21212,435225
1786029,470883,477120,435225,1787079,1776516
477120,22457,1784937,1787079
1786029,1787079,470883,1784937
1787079,470883
1787079,1784937
1787583,477120,470883
1787583,22457
1787583,21212,470883,1784937,477120,998886,435225
21212,22457,435225,477120
1787079,1784937
22457,470883,1784937,477120,998886
21212,470883
998886,1787079,435225,1784937
1786029,1776516,435225
21212,435225,1784937,1776516
1787583,470883
1787583,22457
1786029,998886,1787079,1776516
998886,1787583,435225,470883
21212,1784937
998886,1787583
477120,1787079
1782459,477120
1787583,22457
477120,1787079
1786029,1787583,477120,22457
1787583,1787079
1787583,1787079
1782459,1787583,21212,470883
477120,435225
477120,22457
998886,477120,470883
1786029,21212,22457,1782459,477120,1787079,1776516
1787583,22457
998886,1787079,470883
1782459,470883
1786029,1787079,470883,998886
1787079,435225
1786029,21212,22457,477120,1776516
1782459,1787583,477120,22457
1782459,470883
477120,470883
477120,21212,1784937
1786029,21212,1787079,1776516
1782459,1786029
1782459,1787583
1782459,1787583
477120,22457
1782459,1786029,21212,470883
1786029,477120
1787583,998886
1786029,22457,1782459,477120,435225,1787079,1776516
1787079,470883
1786029,21212,1787079,470883
1787583,477120,22457,998886
1782459,1787583,22457,470883
1782459,477120
1786029,1787583,21212,22457,1787079,1776516
477120,21212,470883
1787583,477120,470883,1784937
477120,470883
998886,477120,470883
1787583,21212,22457,1784937
1787583,998886
21212,1787079,435225,1784937
1786029,21212,1787583,470883,1784937,1787079,1776516
1787583,477120
1782459,1787583,477120,22457
1787583,477120,22457
1786029,22457,998886
21212,470883
21212,435225,470883
1786029,1787583,21212,22457,1784937,1782459,435225,998886,1787079,1776516
22457,1787079
1782459,998886,22457,470883
21212,1784937
1782459,1786029
998886,1784937
21212,435225,477120
1786029,1787583,1776516,477120,998886,1787079,435225
1787079,435225
998886,1787079
998886,1787079
998886,1787079,22457
1787583,21212,1787079,1784937
1787079,435225,1784937
21212,1787079,435225
1782459,470883
1787079,1784937
1787583,22457
21212,435225,1784937
22457,470883,1784937,1782459,477120
1787583,1787079,435225,22457
1786029,21212,22457,435225,1787079,1776516
1786029,477120,435225,470883
1787583,21212,1784937
1782459,1787583
22457,435225,1787079
1786029,1787079,470883
435225,470883
1787583,435225
21212,477120
477120,22457
1782459,1787583,477120,22457
998886,477120
1782459,998886,1784937
998886,477120,1787583,22457
477120,470883
1787079,435225,1784937
1787583,470883
998886,1784937
998886,477120
1787583,22457
1786029,21212,1784937,435225,1787079,1776516
1786029,21212,22457,998886,1787079,1776516
1786029,1787583,470883,1784937,477120,998886,1787079,1776516
1787583,1786029,22457,1782459,435225,998886,1787079,1776516
1787583,1787079
21212,470883
998886,22457,1787079
1787079,22457
1786029,1787079,1776516,470883
1787583,1787079,435225
1782459,1787079
998886,1787079
1787583,477120
1787583,22457,470883
998886,477120
1786029,21212,22457,477120,998886,1776516
1786029,21212,1787079
1787079,435225
1787583,1787079
1786029,1787583,21212,1787079
1787079,435225,1784937
998886,1787079
1782459,1787583,21212,22457
1786029,21212,22457,477120,1776516
1787583,21212
1786029,470883
21212,1787079,435225
998886,22457
1787583,22457,1784937
1787583,470883
1787583,470883
477120,22457,435225
1786029,470883,998886,1787079,1776516
1787583,1786029,22457,21212,470883,477120,435225,1787079,1776516
1787079,435225
21212,1787079,477120,1784937
1786029,477120
1787583,477120
477120,470883
1786029,21212,1787583,470883,1784937
998886,1787079
998886,21212,1787079,1784937
1787583,470883
1787583,22457,1787079
1786029,21212,22457,477120,1787079,1776516
1786029,21212,22457,470883,477120,998886,1787079,1776516
998886,1787583,1787079
1782459,477120
1782459,1787583,477120
1786029,477120,998886
1787079,22457
477120,21212
1787583,21212,470883
1787079,1784937
1787583,22457
1787583,477120
1787079,435225
998886,1787079,435225
1787583,21212,470883,477120,1787079,1776516
21212,477120,1787079,470883
21212,477120
1782459,470883
998886,477120,1787079
1787079,435225
21212,435225
477120,1787079
477120,470883
1782459,477120,470883
998886,470883
477120,1784937
998886,1787583,22457,470883
435225,1784937
1787079,470883
1787583,477120
1787583,22457
1787079,1784937
998886,22457
477120,1784937
1787583,1787079,435225,22457
1787583,22457
1787079,435225,22457
998886,21212,435225
1787079,1784937
1787079,435225
998886,1787079
477120,1787079,1784937
998886,1784937
1782459,21212,470883
1787079,435225
1787583,21212,1787079
1787583,22457,470883
1787583,21212,22457,477120,435225
998886,21212,470883
21212,22457,435225,1787079
477120,21212,470883
1787583,1786029,21212,1787079,435225
21212,1787079,22457
22457,470883
1786029,470883
470883,435225
477120,22457,470883
1787583,1784937
477120,21212
1782459,1787583,477120
1786029,477120,22457
1782459,1776516,1784937
21212,22457,1784937,1787079,435225
1787583,21212,22457,477120,1787079,435225
1787583,477120
1787583,22457
1786029,21212,470883
1787583,435225
477120,1787079
998886,477120,470883
1782459,1787583,22457
998886,477120,470883
1787079,470883
21212,22457,470883,477120,1787079,435225
1782459,1787583,477120
1787583,22457
477120,470883
21212,22457,477120
1787583,470883
1787583,22457,470883
1786029,22457
21212,435225,1784937
21212,470883
1786029,470883
1782459,435225
22457,470883,1784937,1782459,477120
1782459,1787583
998886,21212,470883
1787583,22457,435225
1787583,21212,1784937,1782459,477120,1787079
477120,22457,470883
1787583,477120
1782459,1787583,470883
1787583,22457
1787583,1776516
1787079,1784937
477120,21212
998886,22457
1782459,1784937
1787583,477120,22457
477120,22457,470883
998886,21212,470883
1787583,1776516,435225
1787583,21212,22457,1787079,435225
1787583,21212,1787079,435225
21212,435225
1782459,435225
998886,21212,470883,1784937
1782459,477120
477120,470883
477120,1784937
477120,22457
1782459,477120,470883
998886,21212
21212,1787079,435225
998886,1787079,470883,22457
998886,21212,1787079,435225
1786029,477120,1787583,998886
21212,477120
1782459,998886
1782459,1787583
1782459,1787583,1776516
1787583,1787079,435225
1782459,470883
21212,470883
1787583,1787079,998886
1782459,1787583,1787079,998886
1787583,1787079
1786029,477120,1787079,998886
22457,1787079
1782459,477120
1787583,22457
21212,1787079,1784937
21212,435225,1784937
1787079,435225,1776516
1787079,435225
21212,22457,470883,1784937
998886,21212,477120
1776516,1784937
1782459,477120,22457,470883
1787583,22457,477120,998886,1787079
1787583,21212,22457,470883,998886,1787079
1787583,477120,22457
1787583,1787079,470883
1787079,435225
470883,435225
1787583,477120
1787079,22457
1782459,1787583,21212,22457
1776516,470883
477120,22457
1787583,470883
998886,1787079,435225
1787079,435225
1787583,1784937
477120,470883
1787583,22457
1787583,1787079,470883,998886
1787079,435225
1787583,477120
1787583,470883
1787583,22457
1787583,1787079
1787583,21212,470883,1784937,435225,1776516
477120,470883
998886,22457
1786029,477120,435225
1787583,21212,22457,477120,1787079
21212,1787079,470883
1782459,1787583
1787583,21212,22457,1782459,1787079,435225
1787583,477120
21212,22457
1787583,1787079,435225
21212,477120
1787583,435225
998886,1787079,435225
1787079,435225
477120,435225
1786029,1787583,1784937
1786029,21212,470883,1784937,477120,1787079,435225
1787583,477120
1786029,477120,21212,435225
998886,477120,470883
998886,1787079,435225
998886,1787079,435225
998886,470883
998886,21212,1784937
998886,21212
1787583,21212,470883,477120,1787079
1782459,477120,1787079
998886,477120,1787079,470883
1782459,998886,1787583,22457
998886,22457,470883
998886,477120
1782459,1787583
1787583,1786029,21212,998886,1787079,1776516
435225,1784937
1787583,21212,22457,470883,477120
1786029,470883
1787583,470883
998886,477120
1787583,21212,22457,477120,998886
1786029,1787583,1787079,435225
1787583,22457
1787079,435225
1787583,22457,435225,1787079
1787583,1787079
1786029,470883,1782459,477120,998886,1787079
1787583,22457
998886,21212,470883,1784937
1787079,435225
1787079,435225
1787583,21212,470883,477120,1787079,1776516
998886,477120,435225
1787583,1787079,435225,1784937
21212,1787079
477120,470883
1782459,477120,435225
21212,435225
998886,435225
435225,1784937
22457,435225,1787079
998886,1787079,435225
998886,1787079,435225
21212,1787079
21212,1787079
998886,477120,22457
1787583,470883
1787583,21212,22457,470883,477120,998886,1787079,435225
1787583,470883,477120,1787079,435225
1782459,470883
1782459,998886,470883
1787583,470883
998886,1787079
1782459,22457
1787583,21212,470883,477120
1787583,22457
1776516,470883
21212,435225,1784937
477120,435225,1784937,470883
477120,470883
998886,21212,470883,1784937
22457,1784937
1787583,22457
477120,1784937
998886,477120,1787079
1782459,1787079
1787583,1776516
477120,1787079,435225
1787583,477120,435225
1782459,1787583,1784937,998886
998886,477120
21212,477120,998886,1787079,435225
477120,22457
1786029,477120,22457
21212,470883
1786029,470883
21212,477120,1787079,998886
1787583,21212,477120,470883
477120,1787079,470883,435225
1782459,477120
1782459,998886,21212,435225
1787583,477120,470883,435225
1782459,1786029
1782459,470883
477120,22457,435225
1782459,21212,435225
1786029,21212,1787079,435225
21212,470883,1784937
1787079,22457
1787079,435225
1786029,998886
477120,21212
1786029,477120
477120,470883
477120,1787079,435225
1782459,1787583
21212,1787079
1782459,1787079
477120,470883
1786029,477120,1787079
21212,435225,1784937
998886,477120,470883
1782459,1786029,470883
1782459,1787583,435225
477120,1787079,22457
1787583,22457
998886,22457
1782459,22457
998886,1787583
1782459,22457
1782459,1787583,22457
1787079,435225
1782459,22457
1787583,477120
1782459,1787583,470883
1782459,1787583
1787583,1782459,477120,998886,435225
998886,22457
477120,1787079
21212,1784937,477120,998886,1787079
21212,435225
1782459,998886,435225
477120,1787079
1787583,1787079
435225,1784937
477120,1787079,1784937,22457
998886,435225
1786029,1787079,22457
1787079,1776516,1784937,435225
1787079,435225
1787079,1776516,435225
477120,1787079,435225,1784937
1787583,22457
998886,21212,470883,1784937
1787583,22457,470883
21212,477120
21212,1787079,435225
435225,1784937
1787583,1776516
477120,470883
21212,435225,470883
998886,477120
998886,470883
21212,1784937,477120,435225,1787079,1776516
1786029,477120
1782459,1787583,21212,1784937
477120,470883
21212,477120,470883
21212,1787079,477120
1787079,1784937
1787079,435225
435225,1784937
1782459,470883
21212,470883,477120,435225,998886,1787079,1776516
477120,470883
21212,477120,435225
998886,477120,22457,1784937
998886,477120,470883
1786029,477120
1782459,470883
1786029,1776516
1787583,477120,1786029
477120,21212
1787583,470883
477120,22457
21212,1776516,477120
1787079,435225,1784937
1787079,470883
477120,21212,470883,1784937
1782459,477120
1787583,21212
477120,1787079
1787583,21212,1786029,22457,435225,1787079,1776516
1782459,470883
435225,1784937
21212,477120
1787583,21212,477120,998886,435225
22457,1784937
1787583,470883
998886,1786029
477120,470883
1787583,1787079,1784937
1787583,477120,470883
21212,1787079,1784937
1787079,1776516
21212,1787079,22457
1782459,1787583,470883
998886,1787583,1787079,21212
1787583,21212,22457,477120,998886,1787079
470883,435225
1787583,470883
21212,477120
1782459,470883
1787079,435225
1787079,435225
998886,1787079,435225
22457,435225,1784937,1787079
998886,21212,470883,1784937
1787079,22457
998886,1787583,1787079
1782459,1787583
1787583,1786029,22457
1787079,435225
477120,21212
1782459,998886,477120,1787583
1787583,21212,477120,1787079,435225
1787583,470883,1782459,477120,1787079,435225
1782459,1787583
477120,1787079,470883
1787079,470883
998886,21212,1787079
998886,477120
1787583,22457,470883,1787079
1786029,1784937
1787583,22457,477120,998886,1787079,435225
998886,470883
21212,22457
21212,1787079
1782459,470883
21212,435225
435225,1784937
998886,1787079
22457,1784937
1782459,1787583
998886,1784937
1786029,477120
477120,22457
477120,1787079,470883
21212,22457,1784937,1787079,435225
477120,1787079,435225
477120,1787079,435225
998886,21212,470883,1784937
1787079,435225
470883,1784937
1787079,470883,435225
477120,435225
1787583,998886
1787583,22457
1787583,477120
998886,22457
1787079,435225,470883
1782459,1787583
21212,477120
1782459,470883
1786029,1787583
1787079,470883
1787079,470883
21212,22457,470883,477120
21212,1787079
477120,1787079
21212,1776516,477120
1787583,477120,1787079
1787583,998886
1787079,22457
1787583,21212
998886,22457
1787583,1787079
1782459,1786029,477120
1786029,470883
1787079,1784937
477120,21212
477120,22457,470883
1787079,435225
1787583,21212,470883,477120,998886,1787079
998886,477120,1787079
21212,470883,1782459,477120,998886,435225
477120,1787079
477120,22457
1786029,1787583,1787079,998886
21212,477120
1787583,22457
1787583,477120
1787079,435225
1782459,1787583,470883
22457,1784937
1782459,1787079
1787583,22457,470883,998886,1787079,435225
21212,470883,477120
21212,22457,470883,1784937
998886,22457
21212,1787079
998886,21212,1787079,470883
1786029,21212,435225,470883
477120,22457
1787583,477120,1787079,998886
477120,470883
477120,470883
1782459,470883
1787583,477120,470883
477120,21212,470883
998886,470883
1787079,470883,1776516
21212,1787079,470883,435225
998886,477120
1786029,1787583,470883,1782459,998886,435225
1782459,477120,470883
470883,1784937
1787583,435225
998886,477120
1786029,435225,1784937
1787079,470883
1787583,1787079,435225,998886
1787583,470883
21212,435225
1787583,1787079,1776516
1787583,22457,470883,477120,998886
477120,470883
1787583,1786029,470883,1782459,477120,998886
1786029,477120
21212,1776516
1782459,1787583
1787079,435225
1787079,22457
1782459,22457
1787583,1787079
1787583,21212
1782459,1787583,477120,1787079
1787583,21212,1776516,998886
1787583,470883,998886
1786029,21212,470883
21212,22457,470883,477120,998886,1787079
998886,1787583
1787583,22457
1782459,477120,1787079,1784937
1782459,477120
1787583,998886,477120,22457
1787583,1784937
998886,21212
998886,477120,1786029
1782459,1787583
1782459,1787583,477120
998886,1787583,435225,1787079
1787583,477120,470883
1782459,22457
1786029,21212,470883,1784937,998886
1787079,1776516,1784937
998886,1787079
477120,1787079,1784937
998886,477120,21212,470883
998886,477120
1787583,1784937
998886,477120,1787079,22457
477120,470883
477120,1787079
477120,1787079,470883
1787583,22457,1787079
1787079,1776516
1782459,477120
1787583,21212,470883,1782459,998886,1787079
21212,477120,1787079,1776516
477120,435225
1787583,22457,1787079
21212,1787079
1787583,21212,1784937,477120,1787079,435225
1782459,22457
477120,470883
477120,1787079
1782459,477120
1782459,1787079,435225
21212,1784937,477120,998886,1787079
1787583,435225
1782459,1787079
998886,477120,21212
477120,1787079
1782459,470883
998886,435225
477120,21212,470883,1776516
998886,1787583,1776516,435225
1787583,21212,22457
1787583,470883
1787583,1784937
1787583,21212,1787079,477120
1786029,1787583
21212,1787079,1784937
21212,1787079,470883,435225
998886,470883,1784937
998886,1787583,470883
1787583,477120
1776516,470883
1787079,1784937
1787583,470883
1782459,1787583
477120,21212
1787583,477120,470883
1782459,477120
1782459,998886,477120
998886,470883
998886,477120
21212,477120,435225,998886,1787079,1776516
477120,435225
998886,477120,1787079,22457
1787079,435225
998886,22457
21212,1787079
477120,1787079,470883,1784937
1787583,477120,22457,1787079
477120,470883
1787583,435225,998886
1787583,1784937,1782459,1787079,435225
1787583,1787079
1787583,22457,470883,1782459,477120,435225,998886,1787079,1776516
998886,477120,470883
998886,1787583
1782459,477120
998886,21212,470883
1782459,998886,470883
1782459,1787583,998886
22457,470883
998886,21212,470883,1784937
477120,22457
1787583,21212,435225
477120,21212
1786029,22457,470883,477120,998886,1787079
1782459,477120
477120,1787079
1782459,1787583
998886,21212
1782459,477120
1787583,22457,998886,1787079,1776516
21212,1787079,470883
998886,470883
21212,1782459,477120,998886,435225
998886,477120,22457
477120,21212
1782459,477120,435225
998886,477120,435225,470883
22457,435225
1786029,477120
998886,22457
1787583,470883,1784937
1787583,998886,477120,21212
998886,477120
1787583,470883
1787079,435225
1786029,435225
1782459,1787079
1787583,477120,22457
477120,21212,470883
1787583,1776516
21212,470883,1784937,998886,435225
1786029,477120,1787079,435225
998886,477120,1787079
1786029,1787079
1787079,1784937
998886,1787079,435225,1784937
22457,435225,1787079
998886,1787079
1786029,1787079
1782459,470883
1786029,21212,1787079,477120
1782459,998886
21212,1787079
998886,477120
1782459,477120
1782459,22457,1787079
1782459,998886,1787583,470883
1782459,1787583
998886,1787583
1782459,998886,477120
21212,470883
1787583,1786029,435225
998886,470883
477120,470883
998886,435225
998886,470883
1787079,435225
1782459,1787583
477120,1776516
1787583,470883
1786029,470883,1784937
998886,435225,1784937
21212,435225
1782459,998886
1787583,477120
1786029,21212,22457,470883,1776516,1787079,435225
1787583,22457,477120,998886,1787079
1787583,477120,1776516
21212,1787079,435225,1784937
21212,22457,470883,1784937,477120,1787079,1776516
477120,435225
477120,435225,1784937
1787583,477120,1786029,1776516
1782459,470883
477120,470883
1787583,1787079,998886
1787583,1787079
21212,470883,1784937,998886,435225
998886,477120,1787079,435225
998886,1787079,435225
1786029,1787079
998886,477120,21212
1787079,470883
1786029,435225
998886,1787583,1787079,22457
1782459,998886
1786029,477120,1787583
477120,1784937
21212,1787079,22457
998886,1787583
1782459,477120
1787583,22457,998886
1787583,22457,470883,477120,1787079,1776516
1787583,1787079,998886
1786029,1787583,435225
1787583,470883
1787583,21212,1786029,1782459,998886,1776516
998886,1787079
21212,435225
1782459,1787079
22457,1784937,1787079
1786029,477120
1787583,470883,998886
477120,21212
1787583,22457
998886,21212
477120,21212,470883
477120,22457
998886,1787079,435225
21212,470883,477120
1787079,470883
1782459,477120,22457,1784937
1787079,435225
477120,1787079,435225,1776516
1782459,435225
22457,470883
998886,1787079,470883
1787583,21212,470883,998886,435225
1782459,21212,435225
1786029,477120
1782459,1776516
21212,22457,470883,998886,1787079,1776516
1787583,21212,470883,477120,998886,1787079,435225
22457,470883,477120,998886,1776516
1782459,1787583
1787583,477120
435225,1784937
1787583,477120,470883
1787583,21212,22457,1784937,1782459
1782459,998886,21212,1787079
998886,1787079
1782459,998886
1782459,998886
1782459,477120
21212,1787079,435225
1782459,998886,435225
477120,1787079
1787583,22457,998886,1787079,1776516
1787583,1786029,22457,470883,477120,998886,1787079,435225
21212,470883,1784937,998886,435225
1787079,1784937
998886,1787079,22457
998886,22457,1776516,1787079
21212,435225
1787583,21212,22457
1787583,22457,470883
998886,477120
1787583,21212,1784937
1782459,1787583
1782459,477120,1784937
1787583,1776516,1784937
21212,1784937
477120,1787079,435225,22457
1782459,998886
22457,470883
1787583,21212,22457,998886,1787079
22457,435225
1786029,998886,1787079
998886,1787079,1784937
1787583,998886
998886,1787079
1786029,998886
1782459,470883
1787583,1784937
1787583,477120,470883
21212,435225
1787583,21212,435225,1787079,1776516
1782459,477120,1787079,435225
1787583,477120,470883
1787583,21212,1786029,998886
21212,1776516,435225,477120
1782459,477120
998886,1776516
477120,1787079
1787079,435225
1787583,998886
1786029,1776516
21212,1787079,435225
1782459,1786029,21212,470883
1787583,477120,22457
1782459,470883
1787583,1787079
998886,470883
470883,435225
1787583,477120
435225,1784937
21212,1776516,470883
1782459,22457
21212,1787079,470883
998886,477120,470883
1787583,22457,1784937,998886,435225
1787583,21212,22457,470883,998886,435225
1786029,21212,470883
22457,470883
1787079,470883,435225
21212,435225,470883
1782459,1787583
1787583,22457,470883,1784937,435225,998886,1787079,1776516
1787079,435225
1782459,1787583,470883
1787583,998886
21212,470883
1786029,477120,21212,470883
1787583,1786029,470883
1782459,998886,470883
477120,1787079
21212,1787079
1787079,1776516
1786029,1787583,1776516,477120,1787079,435225
998886,477120,22457,435225
1782459,1787583,22457
1782459,998886,470883
1782459,21212,477120
1787583,22457
1787079,435225
1786029,21212
1782459,1787079
21212,1787079,1776516
1787583,22457,470883,435225,998886,1787079,1776516
1786029,1784937
21212,1787079,435225
1787583,998886
21212,1787079,470883
998886,1787079,435225
21212,1787079,470883
1787583,1787079
21212,477120
1787583,1787079
998886,470883
1782459,998886,22457
1782459,1786029,22457
21212,470883,1784937,998886,435225
1787079,1776516
477120,1787079,1784937
1786029,998886
1787079,22457
998886,21212,1787079,435225
998886,1784937
1787583,21212,22457,998886,1787079
1787583,435225
1787583,470883
1786029,22457,1776516,1787079
435225,1784937
1786029,21212,22457,998886,1787079
998886,477120,1787079,22457
21212,470883
470883,1784937
435225,1784937
1787583,22457,470883,998886
1787079,435225,470883
21212,470883,1784937,1776516
998886,477120,1787583,22457
477120,21212,470883
1782459,470883
998886,21212
1787583,477120,1787079,998886
1787079,435225
1787583,477120,998886
21212,435225
998886,1787079
1787583,21212,22457,470883,1782459,998886,1787079,1776516
1787583,1784937
477120,1787079,470883,22457
1787583,477120,22457
1782459,470883,435225
1786029,435225
477120,22457
1782459,1787583
21212,1787079,470883,1784937
998886,22457,435225
22457,1782459,477120,1787079,435225
1787079,1784937
21212,470883,1784937,998886,435225
477120,1787079
998886,477120,1787079
998886,477120,1787079
1787583,470883,1782459,435225,998886,1787079,1776516
21212,1776516,435225,470883
1786029,477120,22457,1776516
1782459,1787079
21212,470883
477120,1787079
1782459,1787583,477120,470883
1787583,22457,470883,1784937
998886,1787079
21212,1784937,1782459,1787079,435225
998886,1776516
22457,435225
998886,1776516
1787583,22457
1787583,21212,470883,1782459,435225
22457,470883
998886,22457
1786029,22457
22457,1776516
1782459,470883
1782459,477120
1782459,470883
1787583,1776516
1787583,470883
21212,22457
1786029,1787583,1787079,435225
1787583,21212,998886,1787079,1776516
1787583,1776516
998886,21212,1786029,477120
1782459,470883
998886,1787079
477120,470883
21212,435225
470883,1782459,998886,1787079,435225
21212,470883
21212,470883
998886,21212
22457,1787079
1782459,998886,21212
1787079,1776516,435225
998886,21212
1787583,470883,998886
1787583,1786029,470883,998886
477120,21212,470883
1787583,477120
1782459,21212,470883,477120
1787583,470883
1787583,470883
1787583,470883,435225,998886,1787079,1776516
1786029,21212,1782459,477120,998886,1787079
1782459,21212
1782459,21212
998886,22457
1787079,1784937
998886,1787583,22457,470883
998886,1787583,22457,470883
1782459,470883
1787583,21212,470883,477120
1787583,470883
1786029,21212,1784937,477120,998886,435225
1787583,21212,22457,470883,1784937,477120,998886
21212,1776516
998886,477120,1776516
1782459,1787583,21212
1782459,470883
998886,1787583,1787079,470883
1787079,435225
21212,1787079,477120
1782459,1787583,435225
1787583,21212
998886,470883
998886,1787079
1787583,435225,998886
1786029,21212,470883,1784937,998886,435225
1787583,1787079,435225,470883
1787583,998886
470883,1784937,435225
1782459,470883
998886,1776516
998886,21212,435225
1787583,21212,22457,1784937,998886,1787079
1782459,470883
21212,470883
1787583,470883
1782459,1784937
1787583,22457,998886,1787079,435225
1787079,435225
1787583,21212,1776516,1784937
21212,1776516
1786029,1787079,435225
998886,1787583,1786029,1787079
21212,1787079
477120,21212,1776516
998886,470883
998886,1787079
998886,22457
1782459,1787583
1787583,435225,1776516
21212,477120,1787079,1776516
1782459,22457
1782459,998886,22457
1782459,470883
435225,1784937
1786029,21212,1787079,435225
998886,470883,1784937
1782459,998886
435225,1784937
998886,1787583
21212,470883
998886,1787583,1787079
1782459,998886,22457
1787079,435225
998886,477120,470883
1782459,21212
22457,435225
21212,22457,998886,1787079,1776516
21212,1787079,477120
1786029,1787079
477120,21212,435225,22457
998886,435225,470883
998886,1776516
1787583,998886
477120,1787079
1782459,998886
1786029,1787079
1787583,22457,470883,998886,1787079
1787583,21212,1782459,1787079,435225
998886,477120
1787583,22457
1787583,998886
22457,470883,435225
21212,470883
1782459,1787583,470883,998886
1786029,21212,470883,1784937,998886,435225
21212,470883
1782459,998886,1787583
21212,470883
998886,22457
1787583,435225
1782459,21212,435225
998886,1776516,435225
1787583,21212,22457,998886
1787583,22457
1782459,21212
1782459,998886,1787079
1782459,470883
998886,1787079,435225
1782459,1787583
1787583,21212,1776516,1784937
998886,435225
470883,1784937
1787079,435225
1787583,1787079,435225
21212,470883
1782459,998886
21212,1787079,470883
1782459,1787583,22457
1787583,998886
21212,435225
1782459,1787583,998886
1782459,998886,1787583,1776516
22457,470883,435225
1787583,470883
1782459,470883
1787583,998886
998886,1776516
998886,470883
1782459,470883
1787583,1787079,470883,998886
22457,435225
1782459,998886
1786029,1776516
998886,1787079,435225
1787583,1787079
1782459,1787583,21212,470883
1782459,1787583,998886
1782459,998886
998886,1787583
21212,1787079,22457
1782459,1787583,998886
1787583,1787079
1782459,998886,22457
998886,1787079,1776516
998886,1787079,435225
1787079,435225,470883
1782459,1787583,22457
998886,1787079
998886,21212
21212,22457,470883
998886,21212,470883
1782459,998886
1787583,1787079,435225,1784937
1782459,998886,21212,22457
1787079,435225
1787079,435225
1782459,470883
1782459,21212,470883
998886,1787583
21212,470883
1787079,435225
998886,1787079
998886,477120,1787079
998886,1787079
998886,477120,1787079
998886,477120
998886,22457,1787079
1782459,998886
1782459,22457
435225,1784937
1786029,21212,470883,1784937,998886,435225
1787079,470883
1787079,435225,22457
1787583,1787079
21212,22457
21212,1784937
21212,1787079
1787583,1787079,435225
1786029,21212,998886
998886,470883
1782459,22457
1787583,22457
1782459,1787583,21212
998886,470883
1787079,435225
1782459,470883
998886,1787583
1787583,998886
998886,1787079,435225
1787583,21212,22457,477120,435225,998886,1787079,1776516
1787583,1776516
998886,470883,1784937
1787583,998886
1787583,435225
1787583,1786029,470883,435225,998886,1787079,1776516
1787583,21212,22457,1782459,435225,998886,1787079,1776516
1787583,21212,22457,477120,998886,1787079,1776516
1787583,21212,22457,1787079
21212,1787079
998886,1787079,470883,435225
1787583,21212,22457,1784937,477120,998886,1787079,435225
1787583,21212,22457,470883,998886,1787079,435225
1787079,470883
998886,1787583,435225
1782459,1786029,1787583
1782459,1787583,470883,998886
1787583,21212,1787079,435225
1782459,470883
1782459,1787583,470883
1787583,21212,22457,470883,1782459,1787079,1776516
1782459,998886,21212,1787583
1787583,1787079
998886,1776516
1787079,470883
998886,21212
435225,470883
998886,1787583
1782459,470883
1787583,1776516
1782459,998886
998886,22457
21212,22457,1782459,477120,998886,1787079,1776516
1787583,1787079,435225
1787583,21212,22457,470883,1782459,477120,1787079,1776516
477120,470883
1786029,21212,435225
1787583,22457,1776516,1787079
21212,435225
1787079,1784937
1787583,998886
1786029,21212,470883,1784937,998886,435225
1787583,22457,998886
998886,1787079
1782459,22457,435225
1787583,21212,22457
998886,1787079,22457
998886,1787079
998886,470883
998886,1787079
998886,1787079,435225,470883
998886,1787583,470883
21212,435225
998886,21212,1787079
1782459,1787583
998886,470883
1787583,22457
998886,21212
998886,21212,470883,1784937
435225,1784937
998886,470883
1787583,21212,470883,1782459,998886
22457,470883
1782459,1787583,998886
1782459,998886
1787583,1786029,22457,470883,1782459,477120,998886
21212,1787079,435225
1787583,470883,998886
1787583,1776516
435225,470883
1787583,470883,1782459,998886,1787079,435225
1787583,22457,1782459,998886,1787079,435225
998886,1787079
1782459,21212
998886,1787079
998886,1787079
998886,1787079
998886,477120,1787079,1784937
1786029,1787079,1784937,998886
998886,477120,1787079,22457
21212,470883,1784937,998886,435225
21212,1787079,435225,470883
1782459,21212,470883
1782459,21212,1787079
1782459,1787583,1787079
998886,21212
1786029,22457,470883,998886
1782459,1787583,435225,998886
1782459,1787583
998886,21212,1786029,1787079
1782459,998886,22457
1787583,1787079
1782459,1787583,998886
1786029,1787583,470883
998886,1787583
1787583,21212,470883,1782459,998886
1787583,21212,470883,998886,1787079
1782459,435225
1787079,435225
998886,22457
1786029,1787079,470883
1787583,22457,435225,1787079
21212,1787079
998886,22457
1787583,21212,22457,435225,1776516
435225,1784937
998886,21212,1776516
1787583,998886
998886,1787583
1782459,1787583,470883,998886
998886,1787079,435225
1782459,1787583,1787079,998886
998886,1787583
998886,1787583,1787079,1784937
1787583,21212,435225,998886
998886,470883
21212,470883
21212,470883
1782459,22457
1787079,435225
998886,1787079,470883,22457
1782459,435225
22457,435225
1787583,21212,22457,1784937,998886,1787079
998886,21212,1787079
1782459,1787583
1787583,22457,470883,1784937
1786029,998886
1786029,21212,1787079
998886,470883
998886,22457
1786029,21212,470883,1784937,998886,435225
22457,435225,1787079
1787583,22457,435225,1784937
1782459,21212,435225
21212,1787079
998886,1787583,1787079,470883
998886,22457
1782459,1787583
1787079,435225
1786029,21212
1787583,998886
1786029,1787583,1776516,470883
21212,470883,998886,1787079,1776516
998886,1787079,1776516
1776516,435225
1782459,1787583
1787583,470883
998886,1787583,1784937
1787583,21212,1787079,998886
21212,470883,998886,1787079,435225
1782459,998886
1782459,1787079
21212,1787079
998886,470883
998886,22457
1782459,998886
1782459,1786029,1787079,470883
1787583,470883
1782459,21212
1782459,1787583
998886,21212
22457,1776516
1782459,1787583
1782459,998886,1787583
1782459,1787583
1787583,470883,1782459,1787079,435225
998886,21212
998886,1787583
998886,1787583,1787079,435225
1782459,1787583
1782459,1787583,470883
1786029,1787079,435225,998886
1787583,21212,998886,1787079,1776516
1786029,21212,22457,998886,1787079,1776516
1787583,435225,1784937
1786029,21212,998886,1787079,435225
21212,435225
1787583,21212,470883,435225,998886,1776516
1787583,21212,1787079
21212,1776516,470883
1787583,1787079
1782459,998886,21212,1787079
998886,435225
1787583,22457
1787583,1776516
1787079,435225
21212,435225,1784937,470883
22457,435225
435225,1784937
1782459,998886,22457
1787583,21212,1782459,435225,998886,1787079,1776516
1787583,21212,22457,470883,1776516,998886,1787079,435225
1787583,470883,477120,998886,1787079
1782459,22457,470883
1787079,435225
1782459,998886
21212,470883
22457,470883
1782459,1787583,470883
1782459,1787583,1787079
1782459,998886
1787079,435225
1787079,435225
1786029,1787583,22457,1782459,998886
1787583,21212,22457,435225
1787583,1787079,1784937
1787583,1787079,998886
1787079,1784937
998886,1787583
998886,21212,435225
1787079,435225
1787583,1784937
1786029,21212,470883,1784937,1782459,1787079
1787583,998886
1787583,470883
1787079,435225
21212,435225
1787079,435225
21212,1787079,470883
1782459,1787583,470883
21212,1776516
1787583,998886
998886,21212
1782459,1784937
998886,1787079
1787079,435225
998886,435225
998886,1787583,435225
1787079,435225
1787079,435225
1782459,1787583
21212,435225
21212,22457,1776516,477120,998886,1787079,435225
998886,21212,1787079,470883
998886,1787079,1784937
1787583,21212,477120,998886,1787079
22457,1787079
1782459,998886,470883
21212,435225
1786029,998886,1787583,1787079
1782459,998886
1782459,1787079
998886,1787079
1782459,998886
998886,1787079,1784937
1787079,1784937,22457
1782459,470883
1782459,998886,1787583
1787583,22457
21212,1787079
1787583,21212,470883,998886
998886,21212,435225,1784937
1786029,1787079,998886,22457
1787583,477120,1787079
1787079,1784937
1787583,1787079,1784937
1787583,1787079
1786029,1787079,22457
1787583,1787079
1787583,1776516
1787079,1784937
1787583,1787079
1787583,1787079,1784937
1786029,1787079,998886
998886,1787079
1787583,1787079
1786029,998886,1787079,1776516
22457,435225,998886,1787079,1776516
1787583,1787079
1787079,470883
1782459,470883
998886,1786029
1787583,1787079,435225
1782459,1787079,470883
1787079,435225
998886,470883,1784937,435225
998886,1787583,1787079
998886,1776516
22457,435225
998886,21212
998886,1787079,435225
1787583,470883,998886
1782459,435225
21212,435225
21212,22457,470883,998886,435225
998886,1787079
1782459,1787583
1782459,1787583,1776516
998886,435225
998886,1787583,22457
21212,470883,1782459,1787079,435225
1782459,435225
1787079,470883
1782459,1787583
1787583,22457,998886
22457,1787079
998886,470883
1782459,998886,470883
22457,1787079
998886,470883
1787583,470883,1776516
1782459,1787583
21212,1776516,1784937
1787583,477120,470883,435225
998886,21212,1786029,435225
21212,1787079,435225
1782459,1787583,998886
21212,435225
1787079,435225,470883
1782459,21212,22457
1787079,435225
22457,470883
21212,1784937
1782459,435225
21212,435225
1787583,21212,470883,1784937,1782459,998886
21212,470883
21212,22457,470883,1782459,477120,998886,435225
1786029,21212,1784937,998886,435225
1787583,22457
1787583,21212,435225
21212,22457
21212,435225
1782459,1787583
1782459,435225,470883
1782459,22457
998886,1787079,1776516,435225
435225,470883
1787583,1787079,435225
998886,22457,470883
21212,470883,1782459,998886,1787079
1787079,435225
998886,1787583
21212,22457,470883,1787079
1782459,998886,1787583,435225
998886,21212,470883
1787583,21212,22457,1776516,1787079,435225
1787079,1784937
998886,1787583,470883
1787079,435225
21212,470883
435225,470883
1782459,21212
1787583,21212,477120,998886,1787079
22457,470883,1784937,998886,1787079
1787583,21212,435225
1787583,477120,21212
1782459,470883
1787079,470883
998886,1787079,470883
1787583,22457
1782459,470883
998886,1787583,22457
1787583,1787079
1787583,1787079
1782459,998886,1787583
998886,1787079,1776516,435225
998886,21212,435225,1784937
1782459,470883,1784937
1787583,21212,470883,998886
998886,1787079
1786029,1787079,998886,22457
1787583,1787079,1784937,998886
1787583,1784937
998886,22457
1787583,22457,477120,998886,1787079,435225
1787079,1784937
1782459,998886,1787079
1782459,998886,21212
998886,21212
998886,1776516
1776516,1784937
998886,1787583
998886,470883
21212,1787079
998886,1787583,22457
1782459,22457
21212,22457,470883,998886,1776516
22457,1784937
1786029,1787583,1776516
1782459,435225
1782459,470883
1787583,21212,22457,1782459,435225,998886,1787079,1776516
1782459,1787583,1787079,470883
21212,1784937
1787583,470883,435225,998886
1782459,998886
1787079,470883
998886,470883
21212,1787079,435225
998886,1787079
998886,1787583,1787079
998886,1787079,1784937,22457
21212,22457
1787583,1787079
1787079,435225,1784937
998886,1787583
1787583,22457
21212,22457,435225,1787079
1787079,470883
998886,1787079,435225
1787583,22457,470883,1776516,998886,1787079,435225
1787583,998886
998886,470883
998886,22457,1787079
1787583,22457
998886,435225
435225,1784937
1787079,435225
1787583,21212
1787079,435225
1782459,1787583,470883,998886
1787583,470883
998886,1787079
1787583,22457,1784937
998886,470883
998886,22457
1782459,1787079
1782459,470883
1787583,21212,22457,470883,1784937,1787079
998886,1787079
1782459,1787583,470883
998886,1787583
21212,1787079,470883
1782459,470883
998886,1787583,1787079
1787583,435225
1782459,998886,1787583
1782459,1786029,21212,998886
21212,1787079,435225
1782459,435225
998886,21212
1787583,1782459,998886,1787079,435225
1786029,470883
1787583,1787079
1787079,435225
1787583,21212,470883
21212,435225
1782459,1787583
1782459,1787583,1776516
1782459,998886,470883
998886,435225
1787079,435225
21212,1787079
22457,470883
1786029,1787079
1787079,1784937
1782459,1787079,470883,1776516
1787583,22457,1787079
998886,1787079
1786029,998886,1787079
998886,1787079
998886,1784937
1787583,21212,470883,435225,998886,1787079,1776516
1782459,435225
21212,435225
998886,470883
1787079,435225
1787583,21212,22457
998886,21212,1787079
998886,1787583,1787079,435225
21212,1787079
1787583,1787079,1776516,998886
1782459,470883
1786029,1784937
21212,1787079
1782459,998886,470883
998886,1787583,470883
1787583,22457
1782459,22457,435225
1786029,1787079
1787583,22457,1787079,998886
1787583,21212,22457,1776516,998886,1787079,435225
1786029,1787583,22457,998886,1787079,1776516
1782459,470883
998886,470883
1787583,1776516,435225
1787079,435225
1787079,470883,1784937
21212,1784937
1787079,435225
998886,435225
1787583,470883
1787583,1787079
1782459,470883
21212,470883,998886,1787079,1776516
998886,470883
998886,1776516,470883
1787583,435225
1787583,998886
1782459,998886,1787079,435225
1787583,1776516,998886
1787583,22457,1784937
998886,1787079
998886,435225
1787583,1787079
998886,435225
1782459,470883,435225
1782459,1786029
1782459,1787583
1787583,470883
998886,21212,22457
1782459,435225
998886,470883
21212,470883
1787079,1784937
435225,1784937
998886,22457
1786029,21212,470883,1784937,998886,435225
1787079,470883
998886,1787079
1786029,1787079
998886,1787079,470883,1784937
1787079,435225
1782459,1787583
1787583,1776516,998886,435225
1787583,22457
1787583,21212,22457,435225
998886,1787583,1787079
1782459,1787583,435225,998886
998886,470883
998886,1776516,435225,470883
1787079,435225
1782459,470883
1787583,470883,998886
1786029,21212,22457,470883,998886
1787583,1787079
1786029,21212,470883,1784937,998886,435225
1786029,21212
1782459,998886
1786029,470883
1786029,21212,22457,470883,477120,998886,1787079
998886,477120,1787079
998886,470883
1782459,470883
1787583,22457,470883
1787079,1776516
998886,1787583
1787583,1786029
998886,470883
1787583,435225
1787583,470883,1782459,998886,1787079,1776516
1787583,21212,22457,998886,1787079
1787583,435225,998886,1787079,1776516
22457,470883,435225,998886,1787079,1776516
21212,1787079
998886,1787079,470883,1776516
998886,1787079
998886,1787583,1787079
1787583,1782459,435225,998886,1776516
1787583,1776516,998886,1787079,435225
1782459,998886,21212
1786029,21212,1787079,435225
1782459,998886,22457
1787583,1787079,1776516,1784937
1787079,470883
1787583,998886
1782459,1787079
1787583,435225
1787583,22457,998886
1787079,435225,1784937
998886,1787583,1786029,1776516
1787079,470883
998886,470883
1787079,435225
998886,22457,435225
1782459,470883
998886,21212,1787079
998886,1787583
1787079,435225
1787583,470883
1787583,22457
1782459,470883
1782459,22457
998886,21212,1787079,435225
998886,470883
1787583,22457,435225
22457,435225
1782459,998886,1787583
1787583,21212,1776516,435225
1787079,435225
998886,1787079
998886,21212,1787079
1787079,435225
1786029,998886
21212,435225
998886,21212,1784937
21212,470883
435225,1784937
998886,470883
1787583,1787079
1787583,998886
998886,1787079
1782459,470883
1786029,470883
1787583,22457,1787079
1787583,21212
1782459,1787079
1786029,21212,470883
998886,1787079,470883,435225
1787079,22457
1787583,21212,22457
22457,470883,998886,1787079,1776516
1786029,21212
1787079,435225,1784937
998886,1787079,435225
998886,1787583
1787079,435225
998886,21212
1787079,435225
1786029,998886,1787079,470883
21212,1787079,1776516
1787079,470883
1782459,21212
1782459,1787583,22457,998886
998886,21212
1786029,470883,1782459,998886,1787079,1776516
1786029,1776516
1787079,435225,1784937
1787079,435225,1776516
998886,21212,1776516
1787583,1787079,470883
21212,22457,998886,1787079,1776516
1787583,21212,22457,1784937,435225,998886,1787079,1776516
998886,21212,22457,1776516
998886,1787079
998886,470883
998886,1784937
1787583,470883,998886
21212,1787079,435225
1787079,435225
998886,1787079,435225
1787583,477120,998886,1787079,435225
477120,435225,470883
998886,470883
1787079,435225
1787079,435225,1784937
21212,435225,1784937
998886,1784937
998886,22457
1786029,21212,470883,1784937,998886,435225
1787079,1784937
1787079,1784937
998886,1787583,22457,1787079
1787079,1784937
998886,1787079
998886,1787079
998886,1787079,22457
998886,1787079
1782459,22457
21212,435225
1782459,1787583,998886
1787583,22457,998886,1787079,1776516
998886,435225
477120,1787079
998886,435225
998886,1787583
477120,470883
1787079,470883,435225
21212,1776516
998886,470883
998886,470883
21212,470883,1784937,998886,1787079,435225
477120,1787079
998886,21212,470883
1787583,1786029,1784937,998886,435225
21212,1787079,477120,1776516
21212,1784937
998886,21212
998886,1787079,1776516,470883
1787079,470883
998886,470883
1787583,22457
998886,477120
1782459,1787583
998886,477120,1787583,470883
1782459,477120,1787079
477120,22457
998886,470883
1787583,22457
1787583,21212,1787079,435225
998886,21212,1787079,470883
1787079,470883
1782459,1787583,435225
998886,1787079
1787079,1784937
1786029,21212,470883,1784937,998886,435225
477120,470883
1787583,1776516
1787583,21212,470883,998886,1787079,1776516
998886,21212,1787079
1787583,477120,22457
477120,1787079
435225,1784937
1787583,21212,1786029,22457,1784937,477120,998886
1787583,1787079
1786029,21212,1787079,1784937
1787583,1787079,998886
477120,1787079
1787583,470883
1786029,998886
1782459,1787079
998886,1787079
998886,1787583
998886,1787079
998886,22457
1786029,477120
998886,435225
1787583,21212,470883,1784937,1776516,998886,1787079,435225
21212,1787079
998886,22457
998886,1787079
477120,435225,998886,1787079,1776516
1787583,1787079,435225
477120,21212,435225,1784937
998886,21212
998886,477120,21212
1787583,470883,1784937
1782459,470883,1784937
1786029,21212,470883,1784937,998886,435225
22457,470883
998886,470883
21212,22457,470883,477120,998886,1787079,435225
1787583,21212,22457,1787079,1776516
1782459,1787583,1787079,435225
998886,1787583
998886,1787079
998886,1787079,1784937
477120,470883
1787583,21212,1787079,998886
998886,21212,1787583,435225
998886,470883
1787079,435225
1787079,1776516,435225
998886,435225
1787583,477120,1787079,435225
477120,1776516,435225
1787079,435225
1787583,435225
21212,470883,1784937,477120,1787079,435225
1787583,22457,1776516
1787583,22457,1782459,477120,1787079,1776516
21212,1787079,1776516
1787583,21212,22457
1782459,1787079
998886,477120
1787079,1776516,470883
998886,477120,1787583
998886,435225
1782459,1786029,22457
998886,470883
21212,1787079
1786029,477120
477120,470883
1787583,470883,477120,435225,1776516
1782459,998886,477120
998886,21212,1787079,470883
998886,470883
1782459,21212
998886,1787079,435225
1787079,470883,1784937
21212,470883
1786029,21212,1787079
1782459,435225,470883
998886,470883
1782459,998886,477120
1787583,477120,435225,998886,1776516
1787079,1784937
1782459,477120,21212
1787583,22457,1776516,1784937
21212,470883,998886,1787079,435225
998886,1787079
1786029,21212,470883,1784937,998886,435225
1782459,470883,435225
21212,1787079,435225
1786029,998886
998886,470883
1782459,1787583,477120,998886
1787583,998886
1787079,1776516,435225
1787583,998886
998886,21212
998886,477120,1787583,470883
477120,1776516
1782459,21212,1784937
21212,22457,470883,998886,1787079,1776516
1787583,998886
477120,1787079,435225
1787079,435225
998886,477120
21212,1787079,1784937,22457
21212,470883,435225
998886,477120
998886,1787079
21212,1776516
22457,1784937,1787079
1787079,1784937
21212,22457,435225
1787583,21212,1787079
1782459,1786029
1787583,470883,1784937
1782459,21212,1787079,470883
1782459,1787583,1786029
1782459,998886,1787079
1782459,1787079
998886,1787079,1776516
1787079,435225,470883
1782459,22457,470883
1787079,1776516
1787079,435225
22457,1787079
1786029,21212,470883,1784937,998886,435225
1786029,1787583,22457,21212,1784937,477120,998886,1787079
1787079,470883,435225
1782459,998886,21212,435225
998886,21212
477120,1776516
998886,477120
21212,435225,1784937
1782459,1787079,435225,22457
1787583,477120
1782459,998886
998886,22457,470883
21212,1784937
1782459,998886,1787079
998886,435225
998886,470883,435225
1787583,21212,477120,1787079,435225
1782459,22457
1786029,1787583,477120,998886,1787079,435225
21212,1784937
1787583,1787079,470883,435225
1787583,477120,998886,1787079,1776516
998886,21212
998886,470883
998886,470883
998886,21212,435225
1787583,21212,22457,470883,477120,998886,1787079,1776516
1787583,22457,1784937,477120,1787079
1787583,21212,1784937,1787079,435225
998886,470883
22457,1784937
998886,1787583,1784937
1787583,435225
1786029,1787079,1784937
998886,21212
477120,1787079,1776516,470883
1787583,435225
1787079,435225,22457
477120,470883,1784937
21212,435225,1776516
998886,470883
1782459,477120,1787079,22457
998886,477120,1787079
1787079,1784937
1782459,998886
1782459,21212
1787583,22457
998886,470883
998886,1787583
21212,1787079,435225
998886,477120
1776516,435225
998886,22457,1787079
477120,1787079,435225
1782459,998886,435225
1786029,22457,1782459,998886,1787079
1787079,1776516
1787079,435225
998886,1787583
1782459,477120
1786029,1787079
21212,435225
1787583,1787079
1786029,21212,470883,1784937,998886,435225
1782459,998886,1787079,435225
1787583,22457,470883,1782459,477120
1782459,998886,470883,1776516
1786029,1787583
1787079,1784937
1787583,22457
998886,1787583
21212,22457
1787583,1786029,1776516,435225
1787583,1787079
1786029,21212,22457,470883,1784937,435225,998886,1776516
998886,1787583
1782459,998886,477120,435225
1782459,998886,22457
1787583,477120,470883
477120,1784937
21212,1787079
1782459,1787583
1787079,435225
998886,477120,1787079,435225
998886,1787583,22457
998886,477120,1787079
1787583,998886
1786029,435225,998886,1787079,1776516
998886,21212,477120,435225
477120,470883
998886,1787079
998886,435225
998886,1787079
998886,1787079,1784937
998886,1787079
1786029,470883
21212,1776516
1782459,470883
998886,21212
1787583,1787079
998886,1787079
1787583,1787079,435225
998886,470883
22457,470883
22457,435225,998886,1787079,1776516
1787583,21212,470883,477120,435225,998886,1787079,1776516
1787079,435225
1787583,1787079,22457
998886,22457
1787079,1784937
998886,1787079
1787583,477120
1782459,477120,470883
435225,1784937
21212,470883
1782459,1787079,435225,22457
998886,21212,470883
1787079,435225
998886,477120,21212,435225
1786029,1784937,477120,435225,998886,1787079,1776516
21212,470883
1782459,998886,1787583
1787079,435225
998886,1787583,1787079
1787079,1776516,435225
1787583,1787079
477120,470883
1782459,998886,435225
1782459,998886
998886,22457
998886,1787079
1787583,1787079,998886
1782459,1787079
998886,470883
1782459,21212
998886,1787079,1776516
1786029,21212,470883,1784937,998886
1787079,1784937
998886,1787079,1784937
998886,21212,1787079,1776516
1786029,21212,470883,1787079,1776516
1786029,21212,22457,470883,1784937,1776516,998886,1787079,435225
22457,435225,1776516
21212,1776516
21212,1787079,22457
435225,1784937
1787583,22457
998886,22457
1787079,435225
998886,470883
22457,1784937,1787079
1782459,998886
1787079,1776516
22457,1787079
1782459,22457
1787079,1776516
1787583,1782459,477120,998886,1787079,1776516
1782459,1787079,435225
998886,1787079,435225
1782459,477120,470883
477120,21212,1776516
1782459,477120
998886,1787079
1787079,1776516
477120,1787079
21212,1787079,1784937
1786029,22457
1787079,1784937
477120,1787079
998886,1787079
1787583,470883,998886
1787583,477120,998886,1787079,1776516
1782459,998886
1782459,22457
1782459,470883
998886,470883
1782459,1787583
1787583,1787079
1787583,998886
21212,477120
1786029,477120
1787079,435225
1787079,435225
1787079,470883
998886,1787079
1787079,435225
1782459,22457
1776516,1784937
1787583,470883,998886
1787079,435225
998886,1787079,435225,1784937
1782459,998886,1787079
1787079,22457
1787583,477120,470883
998886,477120,1787079,22457
22457,1787079
1787583,1787079,998886
998886,1787079
998886,477120
1786029,21212,470883,1784937,998886
998886,22457,470883
1787583,21212,1786029,435225,1787079,1776516
998886,435225
1787079,435225
1787583,22457,1787079
21212,435225
1787583,21212,1776516,435225
1787583,22457
1782459,1787583
998886,1787079
1787583,1776516
21212,435225
470883,435225
998886,21212,477120
1782459,1784937
1787583,998886
1786029,998886
21212,477120
1782459,1787583,21212,22457
1787583,477120
998886,1787079
477120,21212,1776516
1782459,435225
998886,1784937
1782459,477120,470883
998886,1787079
1782459,998886,1787583
435225,22457,1776516,1787079
1782459,21212,470883
1787583,22457,470883
435225,1784937
21212,22457
1787583,22457
998886,1787583,435225
1787079,435225
1786029,21212,470883,1784937,998886
1787583,1787079
998886,21212,470883
1782459,1787583,21212,1784937
998886,1787079
477120,1784937
435225,1784937
1786029,1787583,22457,1784937,1787079,1776516
21212,22457,470883,1784937,998886,1787079,1776516
1787583,998886
1787079,470883
1787079,1776516,435225
1787583,477120,1776516,435225
1782459,1787583
1787583,21212,435225,998886,1776516
21212,1787079
21212,22457
998886,22457
1782459,998886
1786029,22457,1787079
1786029,1787583,1787079
21212,470883,477120,998886,1776516
998886,477120
1787583,21212,470883
998886,1787079
998886,1787583
1787583,1787079
998886,477120
998886,477120,470883
1786029,21212,1776516
998886,477120,1787583
1787583,21212,1787079,435225
1787583,1787079
1787583,477120,470883
470883,1784937
1786029,1787079,998886
1787583,470883
1782459,998886,435225,470883
998886,22457,1776516,1787079
477120,21212
1782459,998886,1787583
1787583,435225
1787583,1787079
1786029,21212,22457,1784937
998886,1787583,435225
1782459,998886,477120
1786029,470883,998886
1786029,1787079,435225
1786029,1787583
1787583,1786029,21212,22457,470883,1776516,477120,998886,1787079,435225
1787079,435225
1787079,1776516,435225
1787079,435225
1786029,477120,21212
1782459,1787583
21212,1784937,1782459,477120,1787079,435225
998886,1787583,470883
1782459,470883
998886,1787079
1787583,477120,435225
1782459,998886,22457
1787583,22457,435225,1787079
477120,470883
1782459,998886
1787583,21212
1782459,477120
1787583,1787079,1784937
1787583,1787079
1787583,21212,998886
1787583,22457,470883,998886,1776516
998886,1787583,1784937
1787583,21212,470883,998886
1787583,1776516
1782459,1786029,1784937
1787079,435225,1784937
1787583,22457,435225,1776516
1787079,435225
1787079,435225
1787583,21212,22457,998886,1787079
1787583,21212,22457,998886,1787079,1776516
477120,22457
998886,21212,22457,1787079
998886,435225
1782459,998886
477120,1787079,435225
1782459,998886,22457,435225
1787583,21212,470883,477120,998886,435225
21212,435225
22457,1776516,1787079
21212,1787079
477120,1787079,435225
1782459,998886
1782459,998886,1787583
1787583,22457
1786029,21212,470883,1784937,998886,435225
998886,435225,1784937
1786029,470883
435225,470883
1782459,470883
1782459,998886,477120,1787079
1782459,1786029,470883
998886,1787079,470883,435225
1787583,477120,1776516
1787583,21212,1787079
21212,1787079,470883
1787583,1776516
1787079,435225
1782459,998886,1787079
1787079,1776516
1787079,470883,22457
21212,1784937,998886,1787079,435225
998886,1787079
21212,1787079,470883
1782459,21212
1787583,477120
998886,1787583,470883,1784937
1787583,21212
1787583,477120
1787583,21212,22457,470883,477120,1787079,1776516
1787583,21212,22457,470883,998886,1787079,1776516
1787079,1784937
1787583,1787079
1787583,1787079,1784937
21212,1787079
1787583,22457,470883
1786029,1787583,470883,1782459,477120
1787583,1787079
1782459,22457,435225
477120,470883
435225,1784937
998886,470883
1787583,21212,22457,1784937,477120,435225,998886,1787079,1776516
1782459,1787583,1787079,435225
1786029,21212,470883,998886,435225
1787079,435225
998886,477120,1787583
1787583,1782459,477120,998886,1787079
1787583,22457,470883,1782459,477120,998886
998886,21212,1787583
477120,435225,470883
1787079,435225
21212,435225
477120,1787079,1776516
1782459,470883
998886,1787583
21212,1787079
1782459,998886,477120,435225
1787583,22457,470883
998886,477120
1787583,22457
998886,435225
21212,470883,477120,998886,1787079,435225
1782459,1786029,435225
21212,477120,998886,1787079,435225
22457,1776516
1782459,1787583,21212,435225
1782459,470883
22457,470883,1787079
1787583,477120
1782459,998886,22457
1786029,477120,1776516,435225
1787583,21212,22457
21212,1784937
1787583,21212,1776516,477120
1782459,22457
1786029,470883,477120,1787079,1776516
1787583,22457,1787079,998886
1787583,21212,22457,998886,1787079,1776516
998886,1787079,1776516
998886,22457
1787583,470883,998886
998886,1776516,470883
998886,1787079
1786029,21212
477120,1787079,435225
21212,1787079
21212,22457
998886,21212,470883,435225
998886,22457,1776516,1787079
1787583,22457,998886,1787079,435225
1787079,435225
1782459,1787583,1787079
477120,470883
21212,22457,435225
1787079,435225
1787079,1784937
1787583,1787079,998886
1787079,435225
1782459,1787583
477120,470883,435225
1787079,1776516
1787583,22457,998886,1787079,1776516
1786029,21212,1784937,998886,1787079,1776516
998886,1787079,435225
998886,21212
1782459,1787583,22457
1787079,435225
1787583,1776516,1784937
21212,477120
477120,470883
1787079,435225,470883
1787079,470883,1784937
1782459,435225
1786029,1784937,998886
1786029,1787079
1787583,21212,22457,470883,1782459,998886,1787079
1782459,470883
1782459,470883
1782459,1786029
1782459,477120
1787079,435225,22457
1787583,435225
1787583,1787079,470883
21212,470883
1787583,470883
1782459,998886
1787583,477120,470883,998886
1787583,22457
998886,1787079
1787079,435225
1782459,998886,435225,1776516
1782459,22457
998886,21212
1787079,435225,1784937
1787583,21212,470883
998886,1787079
998886,22457
1782459,1787079
1786029,22457,470883,1782459,998886,1776516
1787583,21212
998886,1787079,435225
1787583,1776516
21212,22457,470883,1782459,477120,1776516
1782459,1787583
998886,477120,21212
998886,1787079,435225
1782459,1787583
1787583,22457,470883,1784937,1782459,998886
21212,435225
1782459,1786029,470883
21212,477120
21212,435225
1782459,1786029
1787583,435225
1787583,22457,1784937,1787079
1782459,477120,470883
1782459,1787583
1787079,435225,470883
998886,477120
1787583,470883,1776516,1782459,998886,435225
470883,1782459,477120,998886,1787079
477120,470883
1786029,21212,435225,1784937
1787583,1787079,435225
1787079,435225
22457,470883
998886,1787079,435225
1786029,21212,470883,998886,435225
22457,1782459,435225,998886,1787079,1776516
1784937,477120,435225,998886,1787079,1776516
1782459,998886
998886,477120
1787583,477120,1787079
1787079,435225
1782459,477120,1787079
998886,1787079,470883,435225
477120,1787079
998886,1787079,470883
1782459,470883
1786029,1787583,22457,1776516
1782459,998886
1786029,998886,21212,1787079
998886,1787583
1787583,21212,470883,435225,1776516
1782459,470883
1787583,1787079
1786029,21212,22457,477120,998886,1787079
22457,470883
21212,470883,998886,1787079,435225
1787079,435225
1787079,435225,1784937
1787583,435225
1787079,1776516,435225
21212,1787079
998886,1787079
1786029,1787583,470883,477120,1776516
1787583,1784937,1782459,1787079,435225
1787079,435225,470883
1787583,470883
1782459,21212
1787583,22457,1784937,477120,998886
1782459,1786029
21212,1787079,435225
477120,21212,1776516
1782459,1787583
1782459,21212,1787079,435225
1787583,22457,470883,1782459,477120,1787079
477120,470883
477120,22457
1787079,435225
1786029,1787583,435225,1787079
1782459,22457
1787583,1787079
1782459,477120
1787583,22457
22457,477120,998886,1787079,435225
1787583,1776516
1787583,470883
1782459,470883
1782459,22457
998886,1787583,1786029
1782459,1786029
1787583,1782459,477120,998886,1787079
1786029,21212,435225,998886
1787079,470883
1786029,435225
1782459,21212,1787079,1776516
1787583,22457,470883
998886,1787079,470883
1787583,21212,470883,1782459,1787079
998886,22457
998886,1787583,1786029
1786029,1784937
1787583,22457
1787079,435225
1782459,477120,470883
998886,470883
1787583,21212,22457
1787583,1787079,1776516,435225
998886,1787079
1787079,435225
998886,1787583,1787079,1776516
21212,470883
21212,1787079,435225
1782459,1787583,477120,1786029
1782459,470883
1787583,1787079,1784937
21212,22457,470883,1782459,435225,998886,1787079,1776516
1782459,998886,1787583,435225
21212,1784937,1782459,998886,1787079,435225
1787079,435225
1787583,22457,470883,1782459,998886,1787079
1782459,1787583
1787079,435225
1787583,22457,435225
998886,470883
998886,21212,1787079,1776516
1787583,470883,435225,998886
477120,1787079
1787079,435225
21212,470883,477120,1787079,435225
1787583,998886
1786029,22457,1784937,1782459,477120,998886
1782459,477120,470883
1786029,21212,470883,998886,435225
1782459,1787079
998886,1787079,435225
998886,477120
1787583,477120,435225,998886,1776516
1787079,1784937
477120,435225
477120,1787079,470883
998886,1787079
1782459,1786029
998886,1776516
998886,477120
1787583,1787079
1782459,22457
1776516,435225
1782459,1787583,1787079,998886
1786029,21212,22457,470883,998886,1787079,435225
1787583,1787079,470883
1787079,435225,1784937
1786029,1787583,22457,1784937,477120,1787079
1782459,1787583,22457
998886,435225
470883,435225
1786029,22457,470883,477120,1787079,435225
435225,1784937
21212,435225
21212,435225
435225,1784937
1786029,470883
998886,470883
1787079,1776516,435225
1782459,470883
1787583,477120,1776516,435225
1786029,1787079,435225
998886,435225,470883
21212,22457,1784937,998886,1787079,435225
998886,477120,470883
1787583,477120
1782459,21212
1787583,21212
1786029,435225
1787583,477120
22457,477120,998886,1787079,435225
21212,1787079,22457
1787583,22457
1782459,477120,1787079
1787583,1787079
1787583,22457
1787079,435225
477120,1787079,435225
1787583,21212,1786029,1787079
1787079,435225
998886,21212
1787583,1787079
1787079,22457
435225,470883
477120,470883,1784937
1787583,477120,470883
21212,22457
998886,477120
1787079,1776516,435225
1782459,1787583
998886,1787079,435225
998886,470883
1787079,435225
1787583,21212
1782459,1787583
21212,470883,1784937,998886,435225
1782459,1787583,470883,998886
1782459,22457,435225
1787079,435225
1787583,1787079,435225
1776516,435225
470883,1784937,998886,1787079,435225
1787079,435225,1776516
1787583,477120,1787079
1782459,21212
1787583,1787079,435225,998886
1787079,435225
1787583,21212,22457,1784937,1782459,998886
477120,435225,470883
998886,22457
1787583,477120
1787079,435225
1787583,470883,1784937,477120,1787079,435225
998886,477120
1782459,998886,1787079
1787079,22457
1786029,477120
477120,21212,470883
998886,477120,1787079,470883
1787079,435225
435225,1784937
1787079,22457
21212,1787079,435225
1787079,435225,22457
1787079,435225
1787079,435225,1776516
1782459,1787079,435225,1784937
1782459,998886,21212,477120
1782459,1787583
1782459,470883
1782459,998886,1787079
1787583,22457
21212,1787079
21212,477120,1787079
1787583,22457,470883
998886,21212,1776516
1787079,435225
1782459,998886
1787079,435225
998886,21212
1787583,22457
21212,1787079
1782459,998886,470883
998886,477120
998886,477120,470883,435225
1782459,477120,998886,1787079,435225
998886,470883
1787583,998886
1782459,1787583
1782459,21212,22457,1784937
21212,1784937,1782459,998886,1787079,435225
998886,477120,1787583,435225
998886,1776516
1782459,998886
1787079,435225
998886,1787079,1784937
1786029,22457
1782459,1787079
998886,1787079
21212,1787079
21212,435225
998886,470883
477120,470883,435225
1787079,470883
1786029,1787583,1787079,435225
1786029,477120
1787079,1784937
1787079,470883
998886,1787079
470883,1784937
1787583,477120,21212,435225
998886,22457,435225,1787079
998886,21212,22457,1784937
1787583,1776516,435225
998886,435225
1782459,470883
21212,1787079,435225
998886,1787079,470883,435225
998886,1787583
998886,1787079,435225
22457,1776516
998886,477120
998886,1787079
21212,470883
1787583,1787079
1787583,21212,435225
1786029,1787583,470883,477120,435225,1776516
1782459,1786029
1786029,1787583,1784937,477120,1787079
1786029,21212,470883,1784937,998886,435225
477120,21212,470883,1776516
1787583,477120,470883
21212,1787079,477120
1787079,1784937
1787079,1784937
998886,1787583
1787583,477120
21212,1776516
1786029,1787583,998886
998886,1787079,435225
477120,435225
1782459,998886
1787079,435225
998886,1776516
1787079,435225
1787583,21212
1782459,1787079,470883
998886,1787079,435225,1784937
998886,477120,470883
477120,1787079
21212,22457,477120,998886,1787079
1782459,998886
1787079,470883,22457
1787583,22457,470883
1787583,1787079,435225
1787583,470883,477120,998886,1787079
1782459,470883
21212,470883
21212,1787079,435225
1782459,998886
998886,22457
1782459,998886,1787583
998886,22457,470883
998886,1787079,435225,22457
998886,21212,470883,1784937
21212,1784937
998886,470883
1782459,1787583
1787079,435225
1782459,998886
1787583,21212,435225
998886,21212,477120
1786029,21212,1784937,1787079,435225
477120,1787079,435225
1786029,477120,1776516,998886
1787583,998886
1787583,435225
1786029,1787079
1786029,21212
998886,22457
470883,435225,998886,1787079,1776516
998886,21212,1787079,1776516
1787583,435225,998886,1787079,1776516
21212,22457,470883,477120,1787079,1776516
1787583,21212,22457,1784937,998886,1787079
21212,22457,1776516,998886,1787079,435225
1786029,21212,477120,435225,998886,1787079,1776516
1786029,1787583,22457,477120,1787079,1776516
1786029,21212,1787079,1776516
1786029,22457,477120,1787079,435225
1787583,21212,1786029,470883,477120,998886,1787079,435225
1786029,21212,470883,1776516,477120,998886,435225
1787583,22457,470883,477120,998886,1787079,435225
1787583,1786029,21212,22457,1776516,477120,435225
1786029,21212,470883,1784937,998886
1782459,1787583
1787583,477120,435225,1784937
998886,1787079,1776516
1787079,1784937
1786029,1787583,1784937,477120,1787079
1787079,1784937
1786029,21212,1787079,470883
1786029,1787583,22457,470883,998886,1787079,435225
477120,21212,22457
1787079,435225,470883
477120,470883
1787583,477120
1786029,22457
1787583,21212
1787583,22457,1782459,477120,998886,1787079,435225
998886,477120
1787583,21212,1787079,435225
998886,1787583
22457,435225
998886,22457
1787583,22457,470883,1787079,1776516
1786029,477120,470883
1787079,435225
21212,1787079
1782459,998886,1787079,435225
1782459,998886
21212,22457,435225,470883
1787583,1776516,435225
21212,1787079
1787583,470883,1784937
1786029,1787583,22457,477120,998886
1787583,21212,1786029,1782459,1787079
1786029,1787079,1776516,435225
1786029,1787583,22457,1776516,477120,1787079,435225
21212,22457
1787079,1784937
1787583,477120
1787583,1787079,22457
1787079,1784937
998886,470883
1787583,21212
1787079,22457
435225,1784937
470883,1776516
1782459,998886
998886,1787079,435225,1784937
998886,21212,470883,1784937
1787079,435225
1786029,21212,22457,1787583,477120,435225,998886,1787079,1776516
22457,1776516
1787079,1776516
1786029,477120,998886
1786029,477120,21212
998886,477120,1787583,435225
1782459,1786029,21212,435225
1786029,477120,998886
1787079,435225
1782459,1787583
1782459,998886,470883
21212,435225,470883
1782459,435225
21212,1787079,435225
998886,1787583
21212,1787079,22457
998886,22457
998886,21212,435225
1787079,470883
1787583,21212,1784937,1787079,435225
21212,1787079,435225
1782459,998886,21212
1787583,1787079
1782459,998886
1787583,21212
998886,477120
1786029,1787583,22457,1782459,477120,998886,1787079,435225
1787079,1784937
998886,21212
1787583,22457
1782459,1786029,1787583,998886
1787583,21212,1776516
1782459,470883
1787583,21212
1787079,435225
1786029,1787079,435225
1782459,1787583,470883
1782459,21212
1787079,435225
1786029,477120,998886,1787079,435225
998886,21212,470883,1784937
1787079,435225
470883,1784937
1787079,435225
998886,22457
1787583,21212,22457,1784937,998886,1787079,435225
1786029,998886,1787079,1776516
1787583,22457,1784937,477120,998886,1787079
998886,1787079
1782459,470883
435225,1784937
1782459,1787583,21212,1787079
1787079,435225
1787079,435225
1786029,477120,1787079,435225
1786029,21212,22457,435225,998886,1787079,1776516
1782459,1786029
1782459,1787583,477120,470883
1782459,1787583,21212
1787583,22457,435225
1787079,435225,1784937
477120,1787079
22457,1787079
998886,477120
1782459,470883
1786029,21212,1787583,470883,1776516,1787079,435225
21212,435225
1782459,435225
1787079,470883,435225
1786029,21212,470883,1784937,998886
1787583,22457,435225,1787079
1787079,470883
21212,477120,435225,470883
1787583,21212,1782459,435225,1776516
21212,1776516,477120
1787583,21212,22457
1786029,1776516
21212,477120
1786029,477120,998886,1787079,435225
1787079,470883
1787583,477120,998886
1782459,22457
1786029,21212
21212,470883
21212,470883
1782459,470883,435225
477120,470883
1787079,470883
1782459,998886
1787583,1786029
1787583,21212,1787079
998886,1787583
1786029,477120
998886,1787583,1787079,435225
477120,22457
1782459,477120
21212,1784937
22457,435225
22457,435225
1787079,435225
1782459,477120
1782459,470883,435225
477120,470883
1786029,1787079,435225,470883
998886,1787583
998886,470883
1787583,1787079,435225
1787583,1787079
1786029,1787583,1782459,477120,998886,1787079
1787583,1787079,435225
21212,1787079,435225
1787583,22457,1784937,1787079,435225
1786029,21212
1782459,998886,1787583,470883
1782459,477120
21212,1776516
1787583,1787079
1786029,21212,470883,1784937,998886
998886,1787079,470883
21212,1787079,435225,477120
22457,1776516
1782459,477120,1787079
1782459,1787583
1787583,1787079,470883
1786029,1787583,22457,477120,998886,1787079
1782459,1787583,22457,470883
1782459,1787079
1782459,470883,1784937
1787079,435225,22457
1787079,22457
1787583,470883
998886,21212
1787079,470883
1786029,21212,1787079,1776516
1786029,1784937,1776516,998886,1787079,435225
1787583,1786029,1776516,435225
998886,435225
998886,21212
1782459,1787583
1786029,21212
1786029,22457,1784937
998886,1787583,22457
1787583,1787079,470883
1786029,21212,470883,998886,1787079
1782459,998886
1787079,1784937
1782459,998886
1787583,1784937,998886,1787079,435225
1782459,470883,435225
1787583,477120,1787079,998886
477120,470883
1787583,1787079,1776516
1782459,1787079,435225
21212,435225
21212,1787079,477120,435225
1787583,21212,1786029
1787583,470883
1787079,435225
1787583,22457
1786029,21212,22457,1784937,1787079,435225
1787079,435225
1782459,1786029
1786029,1787583,21212,470883,477120,1787079,435225
1782459,1787079,22457
1787079,470883
1786029,1787583,1787079
477120,1787079,470883
1787583,22457,1784937,998886,1787079
1786029,21212,470883,1784937,998886
435225,1784937
1787079,435225
998886,1786029
1786029,1787079,1784937
1787583,477120,1787079,435225
1782459,21212,22457
477120,1787079
998886,1787079
477120,1787079
1787583,1787079,998886
998886,477120
1782459,1786029,470883,998886
1786029,22457,1784937,1782459,1787079
1787583,1787079,1776516,998886
1786029,470883,1782459,998886,435225
998886,477120
1787583,21212,1787079
1786029,435225
1787079,435225
1787079,435225
21212,435225,470883
1782459,435225
1787583,1787079
1787583,21212,998886,1787079,1776516
1787583,435225
21212,470883,1784937,1787079,435225
21212,1787079,1784937
1787079,435225
470883,1784937
1782459,21212
998886,21212
21212,1776516
477120,435225
1782459,435225
1787583,21212,998886
998886,22457,1784937
1787583,1787079,998886
1782459,470883
1786029,21212,470883,1784937,998886,435225
1787583,21212,22457,1787079,1776516
1787583,21212
477120,1776516
1787583,21212
1787079,435225
477120,435225
477120,470883
1787583,1786029,998886,1787079
21212,1787079
1786029,21212,477120
1782459,1786029
998886,470883
1782459,470883
1786029,21212,22457,470883,1776516
477120,1776516
1787079,435225
21212,477120,998886,1787079,1776516
1787583,21212,1786029,1787079,1776516
1786029,21212,1776516,998886
1786029,21212,477120,1787079,435225
1787583,21212,22457,470883,1784937,477120,1787079
1786029,1787583
1787583,21212,1786029,22457,477120,998886,1787079
477120,1784937
998886,1787079,470883
477120,1787079,470883,1784937
21212,1787079
1787583,21212,1786029,470883
470883,1782459,477120,998886,435225
21212,470883
1786029,1787079
998886,1787583
998886,1787583,1786029
477120,1787079,435225,1784937
21212,435225
21212,1787079
1787079,435225
21212,470883,1784937,477120,998886,1787079
998886,470883
21212,22457,1776516
1782459,1786029,477120
1782459,470883
22457,470883
1782459,1786029,470883
1787583,1787079
1787583,21212,1786029,1776516,477120,1787079,435225
1786029,477120
998886,21212
1787583,435225
1787079,435225
21212,477120,1787079,435225
1787583,1787079,435225
1782459,435225
1786029,21212,470883,1784937,998886,435225
1787583,1787079,435225
1787583,477120,1776516
1787583,22457
998886,1787583,1787079,1784937
998886,470883
1787583,1784937,998886
1787583,1787079
1786029,477120,1787583
1787583,477120
1782459,21212
1786029,21212,477120
1787583,998886
1786029,21212,470883,477120,1787079
1787583,21212,22457,1784937,1782459,477120,435225,1787079,1776516
998886,477120
998886,1787079
1787583,22457,1787079
1787583,21212
1782459,1787079,435225
477120,470883
1787583,22457
1782459,21212,477120
1782459,435225
1787079,470883,435225
1787079,435225
22457,470883
1786029,21212
1787079,1784937
1787583,1787079
1786029,1787583
1786029,477120,470883
1782459,470883
1782459,21212
1782459,1787079,1784937
1782459,477120
1786029,21212,22457,470883,477120,435225,1787079,1776516
477120,470883
998886,477120,21212
1786029,21212,470883,1784937,998886,435225
1787583,477120,1787079,1784937
1782459,998886,22457
1787583,1787079
1787079,435225
1782459,1787079
1787583,22457
1787079,435225
998886,1787079
1782459,435225
1787583,477120,22457,998886
1782459,1787583
477120,1787079,470883,435225
1787079,435225
998886,1787079,435225
1782459,477120,1787079
1787079,435225
1786029,470883
998886,21212,477120
1782459,998886
998886,21212
1787583,435225
1787583,22457
1786029,470883
477120,470883,1784937
1782459,998886
21212,1787079,477120
1787079,1776516
1782459,1787583
435225,1784937
1782459,477120,22457
21212,1787079,435225
998886,470883
21212,435225
1787583,21212
1786029,22457,435225
21212,22457,1776516
1786029,21212,470883,435225,1787079,1776516
1787583,21212,22457,477120,998886,1787079
1787079,1784937
1787583,477120,998886
1787079,435225,470883
1787079,435225
1787583,1787079
1782459,470883
21212,435225
1787583,22457
1786029,998886
1787079,435225
1787079,1784937
998886,21212,435225
998886,1787079
1782459,1787079,22457
1787079,435225
1786029,1787079
477120,1776516
1782459,1787583,22457
998886,21212,477120,470883
1782459,470883
21212,435225
998886,1787583,435225,22457
21212,477120,1776516
1786029,21212,1787583,470883,1782459,1787079
1782459,1786029
1782459,998886,470883
998886,21212
1782459,21212,435225
1786029,435225
1782459,21212
1782459,998886,21212
998886,21212
998886,21212,1787079
477120,435225,1784937
477120,21212
1787583,1786029,435225
1786029,1787583,22457,1787079
1787583,1782459,435225,998886,1787079,1776516
1787583,477120,998886,1787079,435225
1787583,21212
998886,22457
1787583,1787079,1784937
1787583,470883
1782459,1787583
1786029,21212,1787079,435225
1782459,1787583
1787079,470883
1786029,470883
998886,21212,1787079
1787583,477120,21212,22457
1787583,470883
1787583,998886
1786029,998886
1786029,1787583,22457,470883,435225,998886,1776516
1782459,998886
1782459,1787583,1786029
1787583,1776516
1787079,435225
1787583,1776516,998886
21212,1784937
477120,1787079,435225,1776516
998886,477120
998886,435225
1782459,22457,470883
477120,22457
21212,22457,470883,1784937,477120,435225,1787079,1776516
1787583,1786029,21212,470883,1784937,477120,998886,1787079,435225
21212,1776516,435225
1782459,1787583,1787079
22457,1787079
1782459,998886,21212,22457
1786029,21212,470883,1784937,998886,435225
1786029,22457,1784937,1787079
22457,435225
1786029,21212,477120
1786029,21212,1787583,435225
1782459,1787079
477120,22457
1782459,998886
1786029,1776516
22457,1787079
1782459,477120
1787583,998886
1787079,435225
1782459,1786029,21212
998886,1787079
1786029,21212,1787079,1784937
1787583,1786029,22457,477120,1787079,435225
998886,470883
1782459,22457
470883,1784937,1782459,998886,1787079,435225
1782459,1787583,435225
998886,1786029,435225
1782459,1787079,435225,22457
477120,470883
1786029,435225,1784937
1787583,470883
1787583,22457
1782459,1787583
998886,22457
1787079,435225
998886,21212
1786029,21212,1784937,477120,1787079,1776516
1782459,1787583
1787583,22457
1782459,22457
22457,1787079
1787079,435225
998886,21212,1787079,470883
1787079,1784937
1782459,21212,1776516,477120
1782459,477120,22457,470883
1782459,21212,1787079
477120,1787079
1786029,1787079
1787079,470883,1784937,435225
21212,22457
1786029,22457,1782459,477120,998886
1787583,470883,1784937,998886,1787079
998886,21212,1787079,435225
1787079,435225
1782459,435225
998886,477120,1787079,435225
477120,470883
998886,1787583,435225
1782459,1787583,22457,998886
21212,470883,477120
1787583,21212,1787079
1787079,1776516
21212,1784937
1786029,21212,470883,1784937,998886,435225
1787583,477120,1787079,435225
1786029,998886
1787583,22457,998886
21212,1787079,435225
1787583,1787079
1786029,477120,998886
998886,1784937
21212,435225
1787583,1786029,1776516,1784937
1782459,1786029
1786029,1787079
998886,21212,1787079,435225
1786029,21212,1787583
1776516,1784937
1786029,1787583,1784937,477120,1787079
1787583,22457
1787583,1787079,470883
21212,477120,470883
21212,1787079,435225
21212,477120
21212,435225
1786029,1787583
1786029,1787079,435225
477120,22457
1786029,22457,470883,1784937,477120,1787079,435225
21212,435225
21212,477120
435225,1784937
1787079,435225
1786029,21212,22457,1784937,1776516,477120,1787079,435225
998886,1787079,470883
21212,435225,1784937
1782459,21212,1787079,435225
435225,470883
1786029,21212,470883,1784937,998886,435225
22457,470883
470883,1784937
1786029,1787079
1787079,435225
1782459,21212,1787079,470883
1787583,1787079
1787079,470883
1786029,1787583,21212,22457,470883,477120,1787079,1776516
21212,22457,1776516
477120,22457,470883
477120,470883
1787583,1787079
1787583,21212,470883,477120,1787079,435225
1782459,998886,470883
21212,435225
1787079,435225
1787583,477120
21212,477120
1787583,1786029,22457,477120,1787079,435225
1786029,470883,477120,1787079,1776516
1787583,21212
477120,470883
1787583,1787079,435225
998886,1787583,1786029
477120,1787079
21212,22457
477120,1787079
21212,1787079,470883
998886,1787583
477120,1787079,470883
998886,1787079,470883,435225
1787583,22457,470883,1782459,477120,1787079
21212,1784937
1782459,1786029
1787079,470883
1786029,477120,1787079,22457
21212,470883,1784937,477120
1786029,477120,21212,1787079
1787583,1787079,470883,22457
21212,435225
1786029,435225
1786029,21212,470883,1784937,998886,435225
1786029,477120,1787583
21212,477120,1776516
1786029,477120
21212,1784937
21212,435225
21212,1787079,435225
1782459,1787079,1784937
1787583,1787079,470883
477120,435225
1782459,470883,1776516
1787583,477120,1776516
1787079,435225
477120,22457
1776516,1784937
1787079,435225
21212,470883,1784937,1782459,998886
1782459,1786029,470883
1787583,1786029,470883,1784937,1787079
1787079,22457
1782459,998886,477120
998886,477120
998886,470883
1787583,470883
1787079,435225
1787583,1787079,470883,998886
1787583,21212,22457,1787079
1782459,998886,1787079
1786029,1787079,1776516,22457
998886,21212,1787079
477120,21212
1782459,1786029,435225
477120,470883
1786029,1787583,22457
1782459,998886,22457
1787583,435225
1787583,477120
1782459,1786029
1786029,477120,21212,470883
1782459,477120,470883
1786029,1787583,22457,21212,470883,1776516
1782459,435225,1776516
1787583,1776516,435225
1787079,1776516
1786029,1787583,998886
1786029,1787583,22457,470883,1784937,1787079,1776516
1787583,1787079
21212,470883,1784937,998886,435225
1787583,1787079,435225
1787079,22457
21212,470883,1784937
1787583,1786029
998886,1787079
1787583,1787079,22457
21212,470883
21212,1787079,1776516
1786029,477120,435225,1787079,1776516
1786029,21212
477120,1787079,22457
998886,1787079
1787583,477120
470883,435225
1786029,21212,1787583,470883,1787079,1776516
1786029,21212,470883,477120,1787079,1776516
1786029,21212
1782459,22457
1787079,435225
1782459,1787079
1787583,1786029,1784937,477120,998886,1787079
1787583,477120
1786029,477120
998886,477120,1787079,1776516
1786029,22457
1782459,1787583
1782459,1776516
22457,1787079
1786029,21212,1787583,477120,998886,1787079,435225
1787079,1776516
1782459,998886
22457,470883,998886,1787079,435225
1787079,435225,1784937,470883
1786029,998886
1782459,1786029,1787079
1782459,1786029,477120
1782459,1787583,470883
1782459,998886,477120,21212
21212,470883
1787583,477120,22457
1782459,470883
1782459,1786029
21212,22457,470883,998886,1776516
477120,435225
1786029,21212,470883,1784937,998886,435225
1787583,435225
998886,1776516
1787583,22457,435225,1776516
1787583,1787079
477120,1787079
477120,1776516
1782459,1786029
1782459,1786029
998886,1787079
21212,1787079,435225
477120,435225
1786029,1784937
1786029,1787583
1787583,477120
22457,470883
1782459,1786029,1787583
1782459,22457
1786029,477120,470883
1786029,21212
1776516,435225
21212,1787079
1782459,1787079
1787583,998886
21212,435225,1784937
1786029,1784937,477120,998886,1787079
21212,1787079
1782459,1787079
1782459,22457,470883
1786029,477120,1787079,21212
1786029,21212,22457,1787583,470883,477120,435225,1787079,1776516
1787583,22457,1782459,1787079,1776516
21212,1784937
1782459,998886,1787079
998886,470883
1782459,1787079
1786029,21212,1784937,477120,435225
1787583,21212,435225
1786029,1787079
21212,470883
1786029,21212,470883,1784937,998886,435225
477120,435225,1784937
1782459,470883
1787583,477120,470883,998886
1787583,477120,435225
1787583,477120,435225,1787079,1776516
21212,470883
1787583,1787079,22457
1787079,470883
1776516,1784937
21212,1776516,435225
1787079,1784937
1782459,1786029
1786029,1787583,1784937,477120,1787079
1782459,1784937
998886,1787583
1782459,998886
21212,1784937
1782459,477120
1787583,1787079
21212,1776516
998886,477120
1787583,435225,1784937
1787079,22457
21212,1787079,477120
21212,1784937
477120,470883
477120,470883
1782459,477120,470883
1787583,21212,22457,470883,477120,1787079
22457,435225,1784937
1782459,1787583,470883
1786029,21212
435225,1784937
1782459,477120,22457
1786029,21212
21212,1787079,470883
22457,470883
1787079,435225
1787583,1787079
1786029,21212,1784937,998886,435225
1782459,1787583,1786029
1782459,998886,1787079,470883
1786029,470883
1782459,22457
1786029,1787583,1787079,21212
1787583,477120,470883
1786029,1787079
1787583,470883
1787583,435225,1784937
1787583,21212,1776516,435225
21212,1787079
1787079,435225
1782459,21212,1787079,435225
1787079,435225
477120,1787079
1782459,1786029
1787583,477120
477120,21212
1787583,21212,22457
1782459,1787583
1782459,22457
1787583,1787079
1782459,1787583
1787583,1776516
1787583,22457
1787079,435225
1782459,1787583
1782459,1786029
1787583,477120,22457
998886,477120,1787079,470883
998886,21212,435225,1784937
1782459,1787583
1787079,1776516
1787583,1787079,435225
1787583,1776516
1786029,1787583,22457,477120,998886,1787079,1776516
1782459,1787079
1786029,998886
1786029,21212,22457,1787583,470883,1784937,477120,435225,1787079,1776516
998886,477120,1786029,1787079
21212,470883
1787583,470883,1784937
1786029,21212,22457,1787583,470883,1784937,477120,435225,998886,1787079,1776516
1786029,1787583,22457,477120,998886,1787079
22457,470883
1782459,1787079,1784937
477120,470883
1782459,470883
1776516,435225
1787583,477120
1787583,1787079
1782459,21212,1787079,435225
21212,1787079,470883
1782459,1786029,21212
1787583,1787079
1782459,1776516
1782459,22457
477120,470883
1787583,1787079
1787583,1784937
1787079,1776516
1782459,470883
1782459,470883
1782459,477120,21212
1782459,1787079
1786029,21212
998886,477120
1782459,477120,470883
1787583,477120,1787079,435225
21212,1787079,435225,1784937
1787583,1786029,1784937,477120,998886
477120,470883
1786029,1787583,470883,477120,1787079,1776516
1786029,22457,470883,1784937,477120,1787079,435225
21212,1787079
1782459,477120
1786029,1787079
998886,435225
1782459,22457
1786029,1787583,21212,477120,1787079,1776516
1782459,1786029
1787583,22457,470883,1782459,477120,1787079
470883,1784937
1787583,21212,1787079
1786029,1776516
1787583,21212,470883,477120,998886,435225
477120,470883
1782459,21212
1786029,1776516
1787079,1784937
21212,1787079
1786029,21212,470883,1784937,998886,435225
477120,1787079
1787583,1787079,1784937
1787583,22457
22457,470883
21212,1787079,1776516
1787583,470883
1787583,470883
21212,470883
477120,470883
1787583,477120,22457,1787079
1787583,1787079,22457
1786029,22457,470883,477120,998886,1787079
1782459,22457
1787583,21212,1787079
1782459,998886,477120,1787079
1776516,470883
1787583,435225
1787583,477120
21212,470883
1782459,1787079
1776516,1784937
21212,1787079,435225
998886,21212,1787079,435225
1786029,22457
477120,470883
1782459,477120
998886,22457,1776516,470883
1782459,998886
1787583,477120
477120,435225
1786029,477120,1776516
1782459,22457
1786029,1787079,470883
1782459,1787583
21212,22457
998886,1787079
1787583,22457
1782459,998886,470883
1787583,1787079
1786029,21212
1787583,22457
1786029,21212,998886
21212,435225
1786029,1787583,22457,1784937,477120,1787079
1787583,21212,22457,477120,998886,1787079,1776516
1787583,1787079,22457
1787583,435225
1776516,470883
1787079,435225,22457
1786029,477120,1787079,470883
477120,470883
1786029,21212,470883,1784937,998886,435225
1782459,477120,1787079,470883
477120,21212
1787583,1787079
998886,1787583
477120,1787079,470883
1787079,435225
998886,477120,1787079
21212,1787079
1787583,1786029
1787583,21212,998886,1787079,435225
1786029,1787583,22457,1784937,477120,998886,1787079
22457,435225
1786029,21212,1784937,477120,998886,1787079,435225
1786029,21212,1787583,1784937,1782459,477120,1787079,1776516
1782459,22457,470883
1786029,1787079
21212,1787079,435225,1784937
998886,1787079
1787583,1787079,435225
1782459,477120
1787583,477120,1784937,998886
1787079,435225
1787079,435225
1782459,1786029
1787079,435225
21212,470883,1784937,1787079,435225
1782459,998886,22457
477120,470883
477120,470883
22457,470883,477120,998886,1787079,1776516
998886,477120,21212,470883
1787079,22457
470883,1784937
998886,477120,1787079
1787583,1787079,998886
1787583,1784937,1782459,435225,998886,1787079,1776516
1786029,21212,22457,1787583,470883,435225,1787079,1776516
1782459,1787583
1787583,1786029,477120,1787079
1782459,22457
1787079,435225
1782459,1787583
1787079,435225
998886,22457
1782459,21212,470883
1782459,470883
1782459,435225
1782459,1787079,435225
1787583,435225
1782459,1787583,470883,435225
1786029,1787583,22457,21212,470883,1784937,477120,435225,1787079,1776516
1782459,1787583
1787079,435225
1786029,21212,470883,1784937,998886,435225
1786029,477120,1787079
1787583,22457
1782459,1787583,1787079
1787079,1784937
1782459,470883
470883,1784937,1782459,1787079,1776516
1787583,22457
1786029,21212,477120,998886,435225
1786029,21212
477120,1787079,22457
998886,21212,1786029
1782459,1786029
1786029,1784937
1782459,1787583,22457,470883
1787583,470883
1782459,1787583,998886
1786029,21212,1784937,477120,998886,1787079
1787583,435225,1776516,470883
477120,21212
1786029,1787583,22457,1784937,477120,1787079
1786029,1787583,1787079,470883
1786029,1787583
1787583,22457
1782459,470883
1787079,1784937
21212,470883,477120
1786029,1787583
21212,435225
1787583,1787079
1786029,21212,1782459,998886,435225
998886,1787079,435225
1786029,21212,435225
1786029,21212,1787079,1776516
1787079,435225
1787079,470883
1782459,1784937
1782459,1784937
1787079,435225
1782459,1787583
22457,435225
1787583,477120
1787079,1784937
998886,21212
1782459,1787079
1782459,1787583
1787583,470883
1787583,21212,1786029,22457,470883,1784937,477120,1776516
1786029,1787583,22457,21212,1784937,477120,435225,1776516
1782459,1787079
1782459,1787583,22457
1787583,1787079,435225
21212,1787079,22457
1786029,21212,470883,1784937,998886,435225
1782459,1787583,477120
1782459,435225
1787583,22457
22457,470883
1782459,1787583,1776516
1782459,477120,1787079,435225
1787079,435225
998886,477120,1787079,470883
998886,477120,470883
1782459,1787583
1782459,470883
1787583,21212,22457,1786029,1776516,1787079,435225
1786029,21212,22457,470883,1784937,435225,1787079,1776516
1787583,22457,470883
1787583,1786029,22457,477120,1787079
435225,1784937
21212,477120
1787583,22457,477120,998886,1787079,435225
1782459,21212,435225
1787583,470883
1786029,1776516,1784937
1782459,1786029,1787079
1787583,21212
1786029,21212
1782459,477120
1787583,1787079
21212,1784937,1782459,477120,1787079
21212,1776516
1786029,1787079
1786029,21212,22457,1787583,470883,477120,1787079,1776516
1787583,1786029,21212,470883,1784937,477120,1787079,1776516
1782459,470883
21212,1787079,435225
21212,22457,1776516
1782459,1787583
21212,22457
477120,470883
1787079,1776516
1787583,1786029
998886,1787583
1786029,22457
1782459,435225,1784937
1782459,1787079
435225,1776516
998886,477120,1787079
477120,470883
1782459,1787583
21212,1776516
477120,1776516
1782459,435225
1787583,435225
1786029,21212,1787583,22457,470883,1776516,477120,1787079,435225
1787583,22457
998886,21212,470883
1787079,435225
1787583,1787079
1787079,1784937
21212,470883
21212,1787079
1786029,21212,470883,1784937,998886,435225
21212,435225,1784937
998886,1776516
477120,470883,1784937
1787583,435225,998886
1782459,477120
1782459,1787079,435225,1784937
1782459,1787583
470883,1784937
1787079,435225
1782459,21212
1786029,477120
22457,1787079
1787583,470883
1786029,21212,1787583,22457,1784937,477120,435225,1776516
22457,1776516
477120,1787079
1782459,470883
1782459,1787079,435225
477120,22457
1782459,998886,21212,1786029
1787583,1786029
21212,435225
1786029,1787079
1787583,21212,477120,435225,1787079,1776516
1782459,1787583
21212,1784937
1786029,1787583,22457,1784937,477120,1787079
1786029,1784937
998886,1776516
477120,1787079,435225
1782459,21212
1787583,470883
477120,470883
998886,21212
1782459,470883
1787583,435225,1784937
1786029,1787583,1787079,1784937
1786029,21212
1782459,21212
1787079,435225
21212,22457,1787079
1787583,1776516
998886,1776516
1787079,435225
1787583,1786029,21212,1782459,435225,1787079,1776516
1787079,435225
1787079,435225
477120,470883
1786029,21212,470883,1784937,998886,435225
1782459,1787079
1782459,22457
21212,1784937
1787583,21212
1787583,470883
1787583,470883
1786029,1787583,22457,21212,470883,477120,1787079
1787583,1786029,22457,21212,470883,1776516,477120,1787079,435225
1782459,1787583
1782459,1787583,470883
1787583,477120
1787583,21212,1787079
1787079,470883
1787583,1786029,22457,477120,1787079
1782459,1786029
1786029,435225
22457,470883
1786029,1784937
998886,1787583,1787079
1787583,477120,1786029
21212,1787079,435225
1787583,21212,1786029,22457,470883,1784937,477120,435225,998886,1776516
1787079,470883
1787583,1787079
998886,477120
1782459,1786029,477120
1786029,1787583,22457,470883,477120,998886,1787079
1787583,1786029,22457,470883,477120,1787079,435225
1787079,22457
477120,1787079
1782459,21212,1787079
1787583,1787079
1782459,1787583,1786029
22457,1784937,1782459,1787079,435225
1787079,470883,435225
1787079,435225
1782459,470883,1776516
1782459,1787583,1787079
22457,435225,470883
1782459,1787583
1782459,1787583,477120,22457
477120,1784937
1787079,435225
1787583,1787079,1776516
1782459,1787583
22457,1784937,998886,1787079,435225
435225,1784937
21212,470883,1784937,998886,435225
1786029,1784937
1782459,22457
1787079,435225
1786029,21212,470883,1787079,435225
1787583,1786029,22457,470883,1784937,477120,998886,1787079
1786029,1787583,22457,477120,1787079
477120,21212
1786029,21212,22457,1787583,470883,1784937,1787079,435225
470883,1784937
21212,470883,1784937,998886,435225
1776516,1784937
1787583,1786029,435225,1784937
1787583,1787079,470883
1787583,435225
1786029,21212
1787079,435225
1782459,1786029
22457,470883
1786029,21212,477120
21212,1776516
1787079,435225
21212,1784937
1782459,1776516
1787583,21212,470883,1776516,1782459,477120,1787079,435225
1786029,21212,22457,1787583,470883,477120,435225,998886,1787079,1776516
1782459,1786029
21212,477120,470883
21212,470883,1784937,998886,435225
1786029,1787583,22457,477120,1787079
1786029,1787583,22457,1784937,477120,1787079
1782459,21212
1787583,22457
477120,22457,435225
1786029,998886
477120,1787079
1787583,1787079,1784937
1787583,1776516
1787583,1787079,998886
1786029,1787583,1787079
1786029,477120,22457,1787079
1786029,1787583,22457,1782459,1787079,1776516
1782459,1787583,22457,435225
1786029,21212,1787583,470883,1782459,477120,435225,1787079,1776516
1782459,477120,1787079,1784937
1786029,21212,22457,1787583,470883,1787079,435225
1786029,435225
1787583,22457
1787583,21212
1786029,21212,470883,1784937,998886,435225
1787583,21212,22457
1787583,1787079,435225
1787079,470883
998886,470883
21212,470883
1786029,1787079
1786029,21212,470883
1787079,435225
1782459,1776516
477120,1776516
1787583,1786029,22457,477120,1787079
1787583,477120,1787079,1784937
1782459,1786029,1787079,1784937
1786029,21212,22457,470883,477120,435225,1787079,1776516
1786029,22457,1784937,477120,1787079
1782459,22457,435225,1787079
1782459,1787583,470883
1782459,22457
21212,470883
1782459,1786029,470883
1787583,477120
1782459,477120
1787583,22457
1787079,1784937
1787079,1776516
998886,477120
1786029,1787583
1786029,1787583,435225
1786029,477120
1782459,21212
1787583,1786029,21212,22457,470883,477120,435225,1787079,1776516
1787583,477120,470883
1787583,22457
1787583,477120
1786029,21212,470883,1784937,998886,435225
477120,1787079
998886,1787079
1787583,21212
1782459,1786029
1782459,470883
1787079,1784937
477120,470883
1782459,998886,470883,1784937
1786029,477120,470883
1782459,1787583,435225
1787079,435225
21212,1787079,435225
1787583,470883
1786029,21212,1787583,22457,470883,477120,998886,1776516
1786029,435225
1786029,22457
1782459,470883
998886,1787583,1776516,1787079
998886,21212,435225,470883
1786029,1787583
21212,435225,1784937
22457,470883
477120,1787079
1786029,1787583,1784937,477120,1787079,1776516
1787583,1786029
1786029,1787583,22457,1784937,477120,1787079
477120,22457
1787583,21212,435225
1782459,1787583
21212,470883,477120
1786029,21212,1776516
1787583,1787079
1787583,1787079
1786029,470883
1782459,435225,1776516,470883
1782459,998886,22457,435225
1782459,21212,22457
1787583,470883
998886,22457
1787583,1786029,22457,21212,470883,1784937,1776516,477120,435225
1786029,1787583,22457,21212,470883,1782459,477120,435225,1787079,1776516
1786029,1787583,22457,21212,470883,1784937,1776516,1782459,477120,998886,1787079,435225
1787079,1776516
1787079,435225
1787079,435225
1787583,477120
998886,21212,1787079,470883
1786029,21212,470883,1784937,998886
21212,22457
1787583,435225
1787079,435225
1782459,21212,1787079
470883,1784937,1776516
1782459,1787583
21212,1787079
1782459,1787079
1787079,1784937
1782459,1787079,435225
1786029,21212,22457,477120,998886,1787079,1776516
1787583,21212,477120
1787583,1787079
1782459,1787583
1786029,1787583,22457,1784937,477120,1787079
22457,470883
1787079,1776516
22457,1787079
1782459,1787583,22457
1782459,1787583
1787583,21212
1787583,21212
1787583,1787079
21212,1784937
1787079,435225
21212,435225
21212,1787079
1786029,21212,22457,1787583,470883,1782459,477120,998886,1787079
1786029,21212,22457,1787583,470883,477120,435225,1787079,1776516
1786029,1787583,22457,1784937,1787079
1786029,21212,470883,1784937,998886,435225
1787583,1784937
477120,435225
1782459,1776516
1787583,1787079,435225
477120,22457
21212,1776516,470883
1786029,1787583,22457,21212,470883,1784937,477120,1787079,435225
477120,435225
1787583,470883
477120,1776516
1786029,21212,22457,1787583,1784937,1782459,477120,435225,998886,1787079,1776516
1786029,21212,470883,1784937,998886
1786029,1787079,1784937,22457
1787583,435225
1787583,21212,22457
1787583,22457
1787583,21212
1787583,22457
1787583,21212
1787583,21212,22457
1787583,21212,22457
21212,22457
1787583,21212,22457
1787583,21212,22457
1787583,22457
1787583,22457
1787583,21212,22457
1787583,22457
1787583,21212
1787583,21212,22457
1787583,21212,22457
1787583,21212
1787583,22457
1787583,21212,22457
21212,22457
1787583,21212
1787583,21212,22457
1787583,21212,22457
1787583,22457
21212,22457
1787583,21212,22457
1787583,21212,22457
1787583,22457
1787583,21212,22457
21212,22457
1787583,21212,22457
1787583,21212
1787583,22457
1787583,21212
1787583,22457
1787583,21212
1787583,21212
1787583,22457
1787583,22457
1787583,22457
1787583,22457
1787583,22457
1787583,21212,22457
1787583,21212,22457
1787583,21212,22457
1787583,21212,22457
1787583,22457
21212,22457
1787583,21212,22457
21212,22457
1787583,21212
1787583,21212,22457
1787583,21212
1787583,22457
1787583,22457
1787583,21212
1787583,22457
1787583,22457
1787583,22457
1787583,21212,22457
1787583,21212
21212,22457
1787583,22457
1787583,21212
21212,22457
1787583,22457
1787583,22457
1787583,22457
1787583,21212
21212,22457
1787583,22457
21212,22457
1787583,22457
1787583,22457
1787583,22457
1787583,21212,22457
1787583,21212,22457
1787583,21212
1787583,22457
1787583,22457
1787583,21212,22457
1787583,21212
1787583,22457
1787583,22457
21212,22457
1787583,21212
1787583,22457
1787583,22457
1787583,22457
21212,22457
1787583,22457
1787583,22457
21212,22457
1787583,21212
1787583,21212,22457
21212,22457
1787583,21212
1787583,22457
1787583,21212,22457
1787583,22457
21212,22457
21212,22457
1787583,21212
1787583,22457
1787583,21212
1787583,22457
1787583,22457
1787583,22457
1787583,21212
1787583,22457
1787583,21212,22457
21212,22457
21212,22457
21212,22457
1787583,21212,22457
1787583,22457
1787583,22457
21212,22457
1787583,22457
21212,22457
1787583,22457
1787583,22457
1787583,21212
1787583,22457
1787583,22457
21212,22457
1787583,22457
21212,22457
1787583,22457
1787583,21212,22457
1787583,22457
1787583,21212,22457
1787583,22457
1787583,22457
1787583,21212
1787583,21212,22457
1787583,21212,22457
21212,22457
1787583,21212
1787583,22457
1787583,21212
1787583,21212,22457
1787583,21212,22457
1787583,22457
1787583,22457
1787583,22457
1787583,21212
1787583,21212,22457
1787583,21212
1787583,22457
1787583,22457
1787583,21212
1787583,22457
1787583,22457
1787583,22457
1787583,22457
1787583,21212
1787583,21212
1787583,21212,22457
1787583,21212
21212,22457
1787583,21212
1787583,21212,22457
1787583,22457
1787583,21212
1787583,22457
1787583,22457
21212,22457
21212,22457
1787583,22457
21212,22457
1787583,21212
1787583,21212
1787583,22457
1787583,22457
21212,22457
1787583,22457
1787583,21212
1787583,21212
21212,22457
1787583,22457
1787583,22457
1787583,22457
1787583,21212
1787583,22457
1787583,21212
1787583,21212,22457
1787583,21212
1787583,22457
1787583,22457
1787583,21212
1787583,22457
1787583,21212
1787583,22457
21212,22457
1787583,22457
21212,22457
1787583,22457
21212,22457
1787583,22457
1787583,22457
1787583,21212
1787583,22457
1787583,21212
21212,22457
1787583,21212
1787583,21212,22457
1787583,22457
1787583,22457
1787583,21212,22457
1787583,22457
1787583,21212
1787583,21212,22457
1787583,21212
1787583,21212
1787583,22457
1787583,22457
1787583,21212,22457
1787583,22457
1787583,22457
1787583,22457
1787583,22457
1787583,21212,22457
21212,22457
1787583,22457
1787583,22457
1787583,21212,22457
1787583,22457
1787583,22457
1787583,22457
1787583,21212
21212,22457
1787583,21212
1787583,22457
1787583,21212
1787583,21212,22457
1787583,21212
1787583,21212
1787583,21212,22457
1787583,22457
1787583,21212
21212,22457
21212,22457
1787583,22457
1787583,21212
1787583,22457
1787583,21212,22457
1787583,22457
1787583,21212
1787583,22457
1787583,21212
21212,22457
1787583,22457
21212,22457
21212,22457
21212,22457
1787583,22457
1787583,21212
1787583,21212,22457
1787583,21212,22457
1787583,21212,22457
1787583,21212,22457
1787583,21212,22457
1787583,21212,22457
1787583,21212
1787583,21212,22457
1787583,21212
21212,22457
1787583,21212,22457
1787583,22457
1787583,22457
1787583,21212,22457
1787583,22457
1787583,21212
1787583,22457
1787583,22457
1787583,21212
1787583,21212
1787583,22457
1787583,21212,22457
1787583,21212
1787583,21212,22457
1787583,22457
1787583,22457
1787583,21212
1787583,21212
21212,22457
1787583,21212
1787583,21212
1787583,22457
1787583,21212
1787583,21212,22457
1787583,22457
1787583,21212,22457
21212,22457
1787583,21212
1787583,22457
1787583,21212
21212,22457
1787583,22457
1787583,22457
21212,22457
1787583,21212
21212,22457
1787583,22457
1787583,21212
21212,22457
21212,22457
1787583,21212,22457
1787583,21212
1787583,21212
1787583,21212
1787583,22457
1787583,22457
1787583,21212
1787583,22457
1787583,22457
21212,22457
1787583,21212,22457
21212,22457
1787583,22457
21212,22457
1787583,22457
1787583,22457
1787583,21212
1787583,22457
1787583,21212,22457
1787583,21212
1787583,22457
1787583,21212
1787583,21212,22457
1787583,22457
1787583,22457
1787583,21212,22457
1787583,22457
1787583,22457
21212,22457
1787583,22457
1787583,21212,22457
21212,22457
21212,22457
1787583,22457
1787583,21212,22457
1787583,22457
1787583,22457
1787583,22457
1787583,21212
1787583,22457
1787583,21212
1787583,21212,22457
1787583,22457
21212,22457
1787583,21212,22457
21212,22457
1787583,22457
1787583,22457
1787583,22457
1787583,21212
1787583,21212
1787583,22457
1787583,21212,22457
1787583,21212
21212,22457
1787583,21212,22457
1787583,21212
1787583,21212
1787583,22457
1787583,22457
1787583,21212,22457
1787583,22457
21212,22457
21212,22457
21212,22457
1787583,21212
1787583,21212,22457
1787583,21212
1787583,21212,22457
1787583,22457
1787583,21212
1787583,22457
1787583,22457
1787583,22457
21212,22457
21212,22457
1787583,22457
1787583,21212
21212,22457
21212,22457
1787583,22457
1787583,21212
1787583,21212
1787583,22457
1787583,21212,22457
1787583,22457
21212,22457
1787583,22457
1787583,21212
1787583,22457
21212,22457
1787583,21212
21212,22457
1787583,21212
1787583,21212
21212,22457
1787583,21212,22457
1787583,22457
1787583,21212
1787583,21212
1787583,22457
1787583,21212
1787583,22457
1787583,21212,22457
1787583,21212,22457
21212,22457
1787583,21212
1787583,22457
1787583,21212
1787583,21212
1787583,21212,22457
1787583,21212,22457
1787583,22457
1787583,21212,22457
1787583,22457
1787583,21212
1787583,22457
1787583,22457
1787583,21212
1787583,21212,22457
1787583,21212
1787583,22457
1787583,21212,22457
21212,22457
1787583,22457
21212,22457
1787583,22457
1787583,22457
1787583,21212,22457
1787583,22457
1787583,21212
1787583,21212
21212,22457
1787583,22457
1787583,22457
1787583,22457
1787583,21212
21212,22457
1787583,22457
1787583,22457
1787583,22457
1787583,22457
1787583,21212
1787583,22457
1787583,21212,22457
21212,22457
1787583,22457
1787583,22457
21212,22457
1787583,22457
21212,22457
1787583,21212
21212,22457
1787583,22457
1787583,22457
1787583,21212
21212,22457
1787583,21212
1787583,21212,22457
1787583,22457
1787583,22457
1787583,22457
21212,22457
1787583,21212
21212,22457
1787583,21212
1787583,21212
21212,22457
1787583,22457
1787583,21212
21212,22457
1787583,21212,22457
21212,22457
1787583,22457
1787583,21212
1787583,22457
1787583,21212,22457
1787583,22457
21212,22457
1787583,21212
1787583,22457
1787583,21212
1787583,22457
21212,22457
1787583,22457
1787583,21212
1787583,22457
21212,22457
1787583,22457
1787583,21212
1787583,21212,22457
21212,22457
1787583,21212
1787583,21212
1787583,22457
1787583,22457
1787583,21212
1787583,21212
1787583,21212,22457
1787583,21212
21212,22457
1787583,21212
1787583,22457
1787583,21212
1787583,22457
1787583,21212
1787583,21212,22457
1787583,21212
1787583,22457
1787583,22457
1787583,22457
1787583,21212
1787583,22457
21212,22457
1787583,21212
21212,22457
1787583,21212
1787583,21212
1787583,21212
1787583,21212,22457
1787583,21212
1787583,21212
21212,22457
1787583,21212
1787583,21212,22457
1787583,21212,22457
1787583,21212
21212,22457
1787583,21212
1787583,22457
1787583,21212,22457
1787583,22457
1787583,21212
1787583,22457
21212,22457
1787583,22457
1787583,22457
1787583,22457
1787583,21212
21212,22457
1787583,21212,22457
1787583,22457
1787583,22457
1787583,22457
1787583,21212
1787583,22457
1787583,21212
1787583,21212,22457
1787583,22457
21212,22457
1787583,21212
21212,22457
1787583,21212
1787583,22457
1787583,22457
1787583,22457
21212,22457
1787583,22457
1787583,21212
1787583,22457
1787583,21212
1787583,22457
21212,22457
1787583,21212,22457
21212,22457
1787583,21212
1787583,22457
1787583,21212
21212,22457
1787583,22457
1787583,22457
1787583,21212,22457
1787583,22457
1787583,21212,22457
1787583,22457
1787583,22457
1787583,21212
1787583,21212
1787583,22457
21212,22457
1787583,22457
1787583,21212,22457
1787583,22457
1787583,21212
1787583,22457
1787583,21212,22457
1787583,21212
1787583,21212
1787583,21212,22457
1787583,22457
1787583,22457
1787583,21212,22457
1787583,21212,22457
1787583,21212
1787583,22457
1787583,21212
1787583,21212
1787583,22457
1787583,22457
1787583,22457
1787583,21212
21212,22457
1787583,22457
1787583,22457
1787583,21212,22457
1787583,22457
1787583,21212
1787583,21212
1787583,21212,22457
1787583,21212,22457
1787583,22457
1787583,22457
1787583,22457
1787583,22457
1787583,21212,22457
1787583,21212,22457
1787583,22457
21212,22457
1787583,22457
1787583,21212,22457
21212,22457
1787583,22457
1787583,22457
1787583,21212
1787583,21212,22457
1787583,21212
21212,22457
21212,22457
1787583,21212,22457
1787583,22457
1787583,21212,22457
1787583,21212
21212,22457
1787583,21212
1787583,21212
1787583,21212,22457
1787583,21212,22457
1787583,21212
1787583,21212,22457
1787583,22457
1787583,22457
1787583,22457
1787583,22457
1787583,21212,22457
1787583,21212
1787583,21212,22457
1787583,22457
1787583,22457
1787583,22457
1787583,22457
1787583,21212
1787583,21212,22457
1787583,22457
1787583,21212
1787583,21212,22457
21212,22457
1787583,22457
1787583,21212,22457
1787583,22457
1787583,21212
1787583,21212,22457
1787583,21212
21212,22457
1787583,21212,22457
1787583,21212,22457
1787583,21212,22457
21212,22457
21212,22457
1787583,21212
1787583,22457
1787583,21212
1787583,21212
1787583,21212,22457
1787583,21212,22457
1787583,21212,22457
1787583,21212,22457
21212,1787079,435225,1784937
1787583,1787079
1782459,21212
1787583,1786029,435225
1786029,21212
1782459,21212,1784937
1786029,435225
1786029,21212
1782459,21212,1787079
1782459,1787583,470883
1787583,1776516
1787079,1784937
1786029,470883
1787583,1787079
1786029,21212,1787583,22457,470883,1787079,435225
1787583,1787079
1787583,1787079
1787583,22457
1786029,21212,1787583,470883,1776516,1782459,998886,1787079,435225
1787583,22457,470883,1782459,1787079
1786029,21212
1787079,1784937
1782459,470883
1786029,21212,470883,1784937
1782459,1786029,22457
1782459,1787583,21212
21212,435225
1782459,470883
1782459,470883
1787583,1786029
435225,1784937
1786029,1787583
22457,470883,998886,1787079,435225
1787583,435225
998886,1787079,435225
22457,1776516,998886,1787079,435225
1786029,1787079
1787583,21212,22457,1786029,470883,1782459,998886,1787079,435225
1787079,1784937
1782459,1786029,21212
21212,470883
998886,470883
1787583,1787079
1787583,1786029,21212,470883,1784937,1787079
21212,1787079
1782459,1786029
1782459,1787583
22457,1784937,1787079
998886,470883,1784937,435225
1787583,21212,22457,1787079,1776516
1782459,1786029
1786029,21212,22457,470883,1784937,1787079,435225
1782459,22457,435225,1787079
1787583,1787079,1776516,998886
1782459,998886,21212
1786029,470883
1786029,1787079
1782459,1787583,1776516
22457,435225
21212,470883
21212,1787079
1786029,1787583,22457,21212,470883,1776516,1782459,1787079,435225
1782459,1787583
1786029,21212,22457,1787583,470883,1784937,1787079,435225
1787079,1784937
1787583,22457,470883
22457,1776516
1787079,435225
1787079,470883
21212,1784937
1787583,22457,435225
22457,470883
1787079,435225
1782459,1787583
1782459,1786029,470883
1787583,470883
1782459,1786029,470883
1786029,1787583,21212,22457,470883,1784937,1776516,998886,435225
1782459,1787583
1782459,1786029
1787583,22457
1787583,1787079,470883
1782459,1787583,21212
1787583,470883
1787583,1787079
1782459,22457,470883,1784937
21212,470883
1782459,21212
1786029,21212,22457,1787583,470883,1784937,1776516,998886,1787079,435225
1786029,21212,1787583,470883,1784937,1787079
998886,22457,435225,1787079
22457,435225,998886,1787079,1776516
435225,22457,1776516,1787079
1787079,1776516,435225
21212,470883
1787583,1787079
1787583,21212,22457,1786029,470883,998886,1787079,435225
1787583,21212
21212,435225,1784937
1782459,998886
21212,1776516,470883
998886,1786029
1787079,470883
1787583,1787079
1782459,1787583,1776516
1787583,22457,435225
1782459,21212,1787079
1787079,435225
22457,470883
1786029,1787583,22457,21212,470883,1784937,1782459,998886,1787079,435225
1782459,1787583
1786029,21212,1787079,470883
1786029,1787583
1787079,470883
1782459,1787583
1782459,22457,1784937
1782459,1787079,435225
1786029,470883
1782459,435225
1787583,435225,1784937,470883
21212,470883
21212,22457
998886,1787583
1787583,21212,1786029,1787079
1787583,1776516
1786029,21212,1787583,22457,470883,1784937,1776516,998886,1787079,435225
21212,1784937
1782459,1787583,998886
1787583,998886
1787583,470883
998886,22457,470883,435225
22457,470883,1776516,998886,1787079,435225
470883,435225,998886,1787079,1776516
998886,1787079
1787583,1786029
1786029,21212
21212,470883
1787583,21212,1786029,22457,470883,1776516,1782459,1787079,435225
21212,470883
1782459,435225
1786029,1787583,22457
21212,22457
470883,435225
1782459,1787583,435225
1787079,435225
1786029,21212,22457,1787583,470883,1776516,998886,1787079,435225
1787583,1787079,435225
1787583,21212,1786029,470883,1784937,1787079
21212,1787079,1776516
21212,1787079
1787079,22457
1786029,1784937
1787583,1787079,435225
1786029,1787583,1784937
1786029,21212
1787583,1787079
1786029,1787583,1787079,470883
1782459,1787079,470883
1782459,1787583,1786029,998886
1786029,21212,1787583,22457,470883,1784937,1782459,998886,1787079,435225
1787583,22457,998886
1787583,470883
1787583,21212,22457,1786029,470883,1784937,1782459,1787079,1776516
1782459,22457
1787079,22457
21212,22457
1786029,1787583
1787583,21212,22457
1782459,1786029
1786029,435225,1784937
1787583,21212,1786029,470883
1782459,1786029
1782459,1784937
1787583,1787079
477120,1787079
1787583,22457
1786029,1784937
21212,435225
1787583,21212,1784937,477120,1787079
1787583,1787079
1787079,435225
1782459,998886,1787583
1782459,1787583
1782459,1784937
1787583,1787079,1784937,22457
1787583,21212
1787583,477120
477120,470883
1786029,1787583,21212,470883,1784937,1787079
22457,435225,998886,1787079,1776516
1782459,21212,1787079
1782459,22457,470883
1787079,470883
1787583,470883
21212,435225
1787583,21212
1782459,1784937
1782459,1787583,22457
477120,22457
1787583,477120
1787583,1787079
1787583,22457
1787583,435225
1782459,477120,435225
477120,21212
1786029,21212
1787079,435225
1786029,477120
477120,21212
1787583,435225
1787583,22457,1784937
1786029,435225
1782459,1787583
1786029,435225
1782459,1787583
1787583,470883
1782459,1787583,22457,470883
1786029,477120
1787583,477120
1787583,1787079
477120,22457
1787583,22457
1787583,1787079
1787583,477120
1782459,477120
21212,477120
1787079,435225
1786029,21212,22457,1787583,470883,1782459,998886,1787079
1787583,21212,22457,470883,1784937,1782459,435225,1787079,1776516
1786029,21212,22457,1787583,470883,477120,998886,1787079,1776516
1782459,1787583
477120,470883
1786029,470883
1787583,21212,22457,1786029,470883,1784937,1782459,477120,998886,1787079,435225
1787583,22457,470883,1784937,477120,435225,1787079,1776516
1787079,1784937
1782459,1787583
1786029,1787583
1786029,470883
435225,1784937
998886,1787583
1787583,1786029
477120,1784937
1786029,22457,470883,477120,998886,1787079
1787079,435225
1786029,477120
477120,470883
1787583,470883
1787583,1787079
1787583,477120
998886,21212,22457,470883
1787583,21212,22457,470883,477120,1787079,435225
21212,1784937
477120,470883
1787079,470883
1786029,21212,22457,470883,477120,1787079,435225
1786029,1787079,470883
22457,470883
1787583,21212,477120
1786029,1787583,22457,21212,470883,477120,998886,435225
1782459,22457
1787583,21212,470883,477120,1787079
21212,1784937
998886,22457,1776516
1787079,1776516
22457,1787079
1787079,22457
998886,22457
998886,1776516
1786029,21212,1787583,470883,1784937,1787079
477120,470883
1786029,470883,998886
1787583,477120
1786029,22457,470883
1787583,435225
1787583,477120,998886
1787583,1787079
1787583,1786029
477120,1787079
21212,1787079,470883
1782459,21212,470883,477120
1786029,22457,470883,477120,435225,1787079,1776516
1787583,22457
1787583,1787079
477120,22457
1786029,1787583,470883
1782459,477120,21212,435225
1786029,998886
477120,1787079,1784937
22457,470883
21212,470883,1784937,998886,1787079
1786029,1787583,22457,477120,998886,1776516
1787583,1784937
1782459,1787583
1782459,477120,22457
1787583,21212
1787079,435225,470883
1782459,1787583,477120
1782459,1787583
21212,1787079,1784937
1787583,998886
1786029,22457,470883,1787079,1776516
1787079,1784937
477120,1787079,435225,1784937
1782459,470883
1786029,1776516
1782459,1787583
1782459,1787583,477120,22457
1786029,1787079,1776516,22457
998886,1787583,22457
1787583,477120
1787583,22457,1782459,1787079,435225
998886,1787079,435225,1784937
998886,1787079,435225,1784937
1787583,1787079,435225
1787583,21212,22457,1782459,1787079,435225
1787583,477120,470883
477120,470883
1787583,21212,470883,1782459,1787079
21212,1787079,477120,22457
21212,435225
1786029,470883,477120,435225,1787079,1776516
477120,22457,1784937,1787079
1786029,1787079,470883,1784937
1787079,470883
1787079,1784937
1787583,477120,470883
1787583,22457
1787583,21212,470883,1784937,477120,998886,435225
21212,22457,435225,477120
1787079,1784937
22457,470883,1784937,477120,998886
21212,470883
998886,1787079,435225,1784937
1786029,1776516,435225
21212,435225,1784937,1776516
1787583,470883
1787583,22457
1786029,998886,1787079,1776516
998886,1787583,435225,470883
21212,1784937
998886,1787583
477120,1787079
1782459,477120
1787583,22457
477120,1787079
1786029,1787583,477120,22457
1787583,1787079
1787583,1787079
1782459,1787583,21212,470883
477120,435225
477120,22457
998886,477120,470883
1786029,21212,22457,1782459,477120,1787079,1776516
1787583,22457
998886,1787079,470883
1782459,470883
1786029,1787079,470883,998886
1787079,435225
1786029,21212,22457,477120,1776516
1782459,1787583,477120,22457
1782459,470883
477120,470883
477120,21212,1784937
1786029,21212,1787079,1776516
1782459,1786029
1782459,1787583
1782459,1787583
477120,22457
1782459,1786029,21212,470883
1786029,477120
1787583,998886
1786029,22457,1782459,477120,435225,1787079,1776516
1787079,470883
1786029,21212,1787079,470883
1787583,477120,22457,998886
1782459,1787583,22457,470883
1782459,477120
1786029,1787583,21212,22457,1787079,1776516
477120,21212,470883
1787583,477120,470883,1784937
477120,470883
998886,477120,470883
1787583,21212,22457,1784937
1787583,998886
21212,1787079,435225,1784937
1786029,21212,1787583,470883,1784937,1787079,1776516
1787583,477120
1782459,1787583,477120,22457
1787583,477120,22457
1786029,22457,998886
21212,470883
21212,435225,470883
1786029,1787583,21212,22457,1784937,1782459,435225,998886,1787079,1776516
22457,1787079
1782459,998886,22457,470883
21212,1784937
1782459,1786029
998886,1784937
21212,435225,477120
1786029,1787583,1776516,477120,998886,1787079,435225
1787079,435225
998886,1787079
998886,1787079
998886,1787079,22457
1787583,21212,1787079,1784937
1787079,435225,1784937
21212,1787079,435225
1782459,470883
1787079,1784937
1787583,22457
21212,435225,1784937
22457,470883,1784937,1782459,477120
1787583,1787079,435225,22457
1786029,21212,22457,435225,1787079,1776516
1786029,477120,435225,470883
1787583,21212,1784937
1782459,1787583
22457,435225,1787079
1786029,1787079,470883
435225,470883
1787583,435225
21212,477120
477120,22457
1782459,1787583,477120,22457
998886,477120
1782459,998886,1784937
998886,477120,1787583,22457
477120,470883
1787079,435225,1784937
1787583,470883
998886,1784937
998886,477120
1787583,22457
1786029,21212,1784937,435225,1787079,1776516
1786029,21212,22457,998886,1787079,1776516
1786029,1787583,470883,1784937,477120,998886,1787079,1776516
1787583,1786029,22457,1782459,435225,998886,1787079,1776516
1787583,1787079
21212,470883
998886,22457,1787079
1787079,22457
1786029,1787079,1776516,470883
1787583,1787079,435225
1782459,1787079
998886,1787079
1787583,477120
1787583,22457,470883
998886,477120
1786029,21212,22457,477120,998886,1776516
1786029,21212,1787079
1787079,435225
1787583,1787079
1786029,1787583,21212,1787079
1787079,435225,1784937
998886,1787079
1782459,1787583,21212,22457
1786029,21212,22457,477120,1776516
1787583,21212
1786029,470883
21212,1787079,435225
998886,22457
1787583,22457,1784937
1787583,470883
1787583,470883
477120,22457,435225
1786029,470883,998886,1787079,1776516
1787583,1786029,22457,21212,470883,477120,435225,1787079,1776516
1787079,435225
21212,1787079,477120,1784937
1786029,477120
1787583,477120
477120,470883
1786029,21212,1787583,470883,1784937
998886,1787079
998886,21212,1787079,1784937
1787583,470883
1787583,22457,1787079
1786029,21212,22457,477120,1787079,1776516
1786029,21212,22457,470883,477120,998886,1787079,1776516
998886,1787583,1787079
1782459,477120
1782459,1787583,477120
1786029,477120,998886
1787079,22457
477120,21212
1787583,21212,470883
1787079,1784937
1787583,22457
1787583,477120
1787079,435225
998886,1787079,435225
1787583,21212,470883,477120,1787079,1776516
21212,477120,1787079,470883
21212,477120
1782459,470883
998886,477120,1787079
1787079,435225
21212,435225
477120,1787079
477120,470883
1782459,477120,470883
998886,470883
477120,1784937
998886,1787583,22457,470883
435225,1784937
1787079,470883
1787583,477120
1787583,22457
1787079,1784937
998886,22457
477120,1784937
1787583,1787079,435225,22457
1787583,22457
1787079,435225,22457
998886,21212,435225
1787079,1784937
1787079,435225
998886,1787079
477120,1787079,1784937
998886,1784937
1782459,21212,470883
1787079,435225
1787583,21212,1787079
1787583,22457,470883
1787583,21212,22457,477120,435225
998886,21212,470883
21212,22457,435225,1787079
477120,21212,470883
1787583,1786029,21212,1787079,435225
21212,1787079,22457
22457,470883
1786029,470883
470883,435225
477120,22457,470883
1787583,1784937
477120,21212
1782459,1787583,477120
1786029,477120,22457
1782459,1776516,1784937
21212,22457,1784937,1787079,435225
1787583,21212,22457,477120,1787079,435225
1787583,477120
1787583,22457
1786029,21212,470883
1787583,435225
477120,1787079
998886,477120,470883
1782459,1787583,22457
998886,477120,470883
1787079,470883
21212,22457,470883,477120,1787079,435225
1782459,1787583,477120
1787583,22457
477120,470883
21212,22457,477120
1787583,470883
1787583,22457,470883
1786029,22457
21212,435225,1784937
21212,470883
1786029,470883
1782459,435225
22457,470883,1784937,1782459,477120
1782459,1787583
998886,21212,470883
1787583,22457,435225
1787583,21212,1784937,1782459,477120,1787079
477120,22457,470883
1787583,477120
1782459,1787583,470883
1787583,22457
1787583,1776516
1787079,1784937
477120,21212
998886,22457
1782459,1784937
1787583,477120,22457
477120,22457,470883
998886,21212,470883
1787583,1776516,435225
1787583,21212,22457,1787079,435225
1787583,21212,1787079,435225
21212,435225
1782459,435225
998886,21212,470883,1784937
1782459,477120
477120,470883
477120,1784937
477120,22457
1782459,477120,470883
998886,21212
21212,1787079,435225
998886,1787079,470883,22457
998886,21212,1787079,435225
1786029,477120,1787583,998886
21212,477120
1782459,998886
1782459,1787583
1782459,1787583,1776516
1787583,1787079,435225
1782459,470883
21212,470883
1787583,1787079,998886
1782459,1787583,1787079,998886
1787583,1787079
1786029,477120,1787079,998886
22457,1787079
1782459,477120
1787583,22457
21212,1787079,1784937
21212,435225,1784937
1787079,435225,1776516
1787079,435225
21212,22457,470883,1784937
998886,21212,477120
1776516,1784937
1782459,477120,22457,470883
1787583,22457,477120,998886,1787079
1787583,21212,22457,470883,998886,1787079
1787583,477120,22457
1787583,1787079,470883
1787079,435225
470883,435225
1787583,477120
1787079,22457
1782459,1787583,21212,22457
1776516,470883
477120,22457
1787583,470883
998886,1787079,435225
1787079,435225
1787583,1784937
477120,470883
1787583,22457
1787583,1787079,470883,998886
1787079,435225
1787583,477120
1787583,470883
1787583,22457
1787583,1787079
1787583,21212,470883,1784937,435225,1776516
477120,470883
998886,22457
1786029,477120,435225
1787583,21212,22457,477120,1787079
21212,1787079,470883
1782459,1787583
1787583,21212,22457,1782459,1787079,435225
1787583,477120
21212,22457
1787583,1787079,435225
21212,477120
1787583,435225
998886,1787079,435225
1787079,435225
477120,435225
1786029,1787583,1784937
1786029,21212,470883,1784937,477120,1787079,435225
1787583,477120
1786029,477120,21212,435225
998886,477120,470883
998886,1787079,435225
998886,1787079,435225
998886,470883
998886,21212,1784937
998886,21212
1787583,21212,470883,477120,1787079
1782459,477120,1787079
998886,477120,1787079,470883
1782459,998886,1787583,22457
998886,22457,470883
998886,477120
1782459,1787583
1787583,1786029,21212,998886,1787079,1776516
435225,1784937
1787583,21212,22457,470883,477120
1786029,470883
1787583,470883
998886,477120
1787583,21212,22457,477120,998886
1786029,1787583,1787079,435225
1787583,22457
1787079,435225
1787583,22457,435225,1787079
1787583,1787079
1786029,470883,1782459,477120,998886,1787079
1787583,22457
998886,21212,470883,1784937
1787079,435225
1787079,435225
1787583,21212,470883,477120,1787079,1776516
998886,477120,435225
1787583,1787079,435225,1784937
21212,1787079
477120,470883
1782459,477120,435225
21212,435225
998886,435225
435225,1784937
22457,435225,1787079
998886,1787079,435225
998886,1787079,435225
21212,1787079
21212,1787079
998886,477120,22457
1787583,470883
1787583,21212,22457,470883,477120,998886,1787079,435225
1787583,470883,477120,1787079,435225
1782459,470883
1782459,998886,470883
1787583,470883
998886,1787079
1782459,22457
1787583,21212,470883,477120
1787583,22457
1776516,470883
21212,435225,1784937
477120,435225,1784937,470883
477120,470883
998886,21212,470883,1784937
22457,1784937
1787583,22457
477120,1784937
998886,477120,1787079
1782459,1787079
1787583,1776516
477120,1787079,435225
1787583,477120,435225
1782459,1787583,1784937,998886
998886,477120
21212,477120,998886,1787079,435225
477120,22457
1786029,477120,22457
21212,470883
1786029,470883
21212,477120,1787079,998886
1787583,21212,477120,470883
477120,1787079,470883,435225
1782459,477120
1782459,998886,21212,435225
1787583,477120,470883,435225
1782459,1786029
1782459,470883
477120,22457,435225
1782459,21212,435225
1786029,21212,1787079,435225
21212,470883,1784937
1787079,22457
1787079,435225
1786029,998886
477120,21212
1786029,477120
477120,470883
477120,1787079,435225
1782459,1787583
21212,1787079
1782459,1787079
477120,470883
1786029,477120,1787079
21212,435225,1784937
998886,477120,470883
1782459,1786029,470883
1782459,1787583,435225
477120,1787079,22457
1787583,22457
998886,22457
1782459,22457
998886,1787583
1782459,22457
1782459,1787583,22457
1787079,435225
1782459,22457
1787583,477120
1782459,1787583,470883
1782459,1787583
1787583,1782459,477120,998886,435225
998886,22457
477120,1787079
21212,1784937,477120,998886,1787079
21212,435225
1782459,998886,435225
477120,1787079
1787583,1787079
435225,1784937
477120,1787079,1784937,22457
998886,435225
1786029,1787079,22457
1787079,1776516,1784937,435225
1787079,435225
1787079,1776516,435225
477120,1787079,435225,1784937
1787583,22457
998886,21212,470883,1784937
1787583,22457,470883
21212,477120
21212,1787079,435225
435225,1784937
1787583,1776516
477120,470883
21212,435225,470883
998886,477120
998886,470883
21212,1784937,477120,435225,1787079,1776516
1786029,477120
1782459,1787583,21212,1784937
477120,470883
21212,477120,470883
21212,1787079,477120
1787079,1784937
1787079,435225
435225,1784937
1782459,470883
21212,470883,477120,435225,998886,1787079,1776516
477120,470883
21212,477120,435225
998886,477120,22457,1784937
998886,477120,470883
1786029,477120
1782459,470883
1786029,1776516
1787583,477120,1786029
477120,21212
1787583,470883
477120,22457
21212,1776516,477120
1787079,435225,1784937
1787079,470883
477120,21212,470883,1784937
1782459,477120
1787583,21212
477120,1787079
1787583,21212,1786029,22457,435225,1787079,1776516
1782459,470883
435225,1784937
21212,477120
1787583,21212,477120,998886,435225
22457,1784937
1787583,470883
998886,1786029
477120,470883
1787583,1787079,1784937
1787583,477120,470883
21212,1787079,1784937
1787079,1776516
21212,1787079,22457
1782459,1787583,470883
998886,1787583,1787079,21212
1787583,21212,22457,477120,998886,1787079
470883,435225
1787583,470883
21212,477120
1782459,470883
1787079,435225
1787079,435225
998886,1787079,435225
22457,435225,1784937,1787079
998886,21212,470883,1784937
1787079,22457
998886,1787583,1787079
1782459,1787583
1787583,1786029,22457
1787079,435225
477120,21212
1782459,998886,477120,1787583
1787583,21212,477120,1787079,435225
1787583,470883,1782459,477120,1787079,435225
1782459,1787583
477120,1787079,470883
1787079,470883
998886,21212,1787079
998886,477120
1787583,22457,470883,1787079
1786029,1784937
1787583,22457,477120,998886,1787079,435225
998886,470883
21212,22457
21212,1787079
1782459,470883
21212,435225
435225,1784937
998886,1787079
22457,1784937
1782459,1787583
998886,1784937
1786029,477120
477120,22457
477120,1787079,470883
21212,22457,1784937,1787079,435225
477120,1787079,435225
477120,1787079,435225
998886,21212,470883,1784937
1787079,435225
470883,1784937
1787079,470883,435225
477120,435225
1787583,998886
1787583,22457
1787583,477120
998886,22457
1787079,435225,470883
1782459,1787583
21212,477120
1782459,470883
1786029,1787583
1787079,470883
1787079,470883
21212,22457,470883,477120
21212,1787079
477120,1787079
21212,1776516,477120
1787583,477120,1787079
1787583,998886
1787079,22457
1787583,21212
998886,22457
1787583,1787079
1782459,1786029,477120
1786029,470883
1787079,1784937
477120,21212
477120,22457,470883
1787079,435225
1787583,21212,470883,477120,998886,1787079
998886,477120,1787079
21212,470883,1782459,477120,998886,435225
477120,1787079
477120,22457
1786029,1787583,1787079,998886
21212,477120
1787583,22457
1787583,477120
1787079,435225
1782459,1787583,470883
22457,1784937
1782459,1787079
1787583,22457,470883,998886,1787079,435225
21212,470883,477120
21212,22457,470883,1784937
998886,22457
21212,1787079
998886,21212,1787079,470883
1786029,21212,435225,470883
477120,22457
1787583,477120,1787079,998886
477120,470883
477120,470883
1782459,470883
1787583,477120,470883
477120,21212,470883
998886,470883
1787079,470883,1776516
21212,1787079,470883,435225
998886,477120
1786029,1787583,470883,1782459,998886,435225
1782459,477120,470883
470883,1784937
1787583,435225
998886,477120
1786029,435225,1784937
1787079,470883
1787583,1787079,435225,998886
1787583,470883
21212,435225
1787583,1787079,1776516
1787583,22457,470883,477120,998886
477120,470883
1787583,1786029,470883,1782459,477120,998886
1786029,477120
21212,1776516
1782459,1787583
1787079,435225
1787079,22457
1782459,22457
1787583,1787079
1787583,21212
1782459,1787583,477120,1787079
1787583,21212,1776516,998886
1787583,470883,998886
1786029,21212,470883
21212,22457,470883,477120,998886,1787079
998886,1787583
1787583,22457
1782459,477120,1787079,1784937
1782459,477120
1787583,998886,477120,22457
1787583,1784937
998886,21212
998886,477120,1786029
1782459,1787583
1782459,1787583,477120
998886,1787583,435225,1787079
1787583,477120,470883
1782459,22457
1786029,21212,470883,1784937,998886
1787079,1776516,1784937
998886,1787079
477120,1787079,1784937
998886,477120,21212,470883
998886,477120
1787583,1784937
998886,477120,1787079,22457
477120,470883
477120,1787079
477120,1787079,470883
1787583,22457,1787079
1787079,1776516
1782459,477120
1787583,21212,470883,1782459,998886,1787079
21212,477120,1787079,1776516
477120,435225
1787583,22457,1787079
21212,1787079
1787583,21212,1784937,477120,1787079,435225
1782459,22457
477120,470883
477120,1787079
1782459,477120
1782459,1787079,435225
21212,1784937,477120,998886,1787079
1787583,435225
1782459,1787079
998886,477120,21212
477120,1787079
1782459,470883
998886,435225
477120,21212,470883,1776516
998886,1787583,1776516,435225
1787583,21212,22457
1787583,470883
1787583,1784937
1787583,21212,1787079,477120
1786029,1787583
21212,1787079,1784937
21212,1787079,470883,435225
998886,470883,1784937
998886,1787583,470883
1787583,477120
1776516,470883
1787079,1784937
1787583,470883
1782459,1787583
477120,21212
1787583,477120,470883
1782459,477120
1782459,998886,477120
998886,470883
998886,477120
21212,477120,435225,998886,1787079,1776516
477120,435225
998886,477120,1787079,22457
1787079,435225
998886,22457
21212,1787079
477120,1787079,470883,1784937
1787583,477120,22457,1787079
477120,470883
1787583,435225,998886
1787583,1784937,1782459,1787079,435225
1787583,1787079
1787583,22457,470883,1782459,477120,435225,998886,1787079,1776516
998886,477120,470883
998886,1787583
1782459,477120
998886,21212,470883
1782459,998886,470883
1782459,1787583,998886
22457,470883
998886,21212,470883,1784937
477120,22457
1787583,21212,435225
477120,21212
1786029,22457,470883,477120,998886,1787079
1782459,477120
477120,1787079
1782459,1787583
998886,21212
1782459,477120
1787583,22457,998886,1787079,1776516
21212,1787079,470883
998886,470883
21212,1782459,477120,998886,435225
998886,477120,22457
477120,21212
1782459,477120,435225
998886,477120,435225,470883
22457,435225
1786029,477120
998886,22457
1787583,470883,1784937
1787583,998886,477120,21212
998886,477120
1787583,470883
1787079,435225
1786029,435225
1782459,1787079
1787583,477120,22457
477120,21212,470883
1787583,1776516
21212,470883,1784937,998886,435225
1786029,477120,1787079,435225
998886,477120,1787079
1786029,1787079
1787079,1784937
998886,1787079,435225,1784937
22457,435225,1787079
998886,1787079
1786029,1787079
1782459,470883
1786029,21212,1787079,477120
1782459,998886
21212,1787079
998886,477120
1782459,477120
1782459,22457,1787079
1782459,998886,1787583,470883
1782459,1787583
998886,1787583
1782459,998886,477120
21212,470883
1787583,1786029,435225
998886,470883
477120,470883
998886,435225
998886,470883
1787079,435225
1782459,1787583
477120,1776516
1787583,470883
1786029,470883,1784937
998886,435225,1784937
21212,435225
1782459,998886
1787583,477120
1786029,21212,22457,470883,1776516,1787079,435225
1787583,22457,477120,998886,1787079
1787583,477120,1776516
21212,1787079,435225,1784937
21212,22457,470883,1784937,477120,1787079,1776516
477120,435225
477120,435225,1784937
1787583,477120,1786029,1776516
1782459,470883
477120,470883
1787583,1787079,998886
1787583,1787079
21212,470883,1784937,998886,435225
998886,477120,1787079,435225
998886,1787079,435225
1786029,1787079
998886,477120,21212
1787079,470883
1786029,435225
998886,1787583,1787079,22457
1782459,998886
1786029,477120,1787583
477120,1784937
21212,1787079,22457
998886,1787583
1782459,477120
1787583,22457,998886
1787583,22457,470883,477120,1787079,1776516
1787583,1787079,998886
1786029,1787583,435225
1787583,470883
1787583,21212,1786029,1782459,998886,1776516
998886,1787079
21212,435225
1782459,1787079
22457,1784937,1787079
1786029,477120
1787583,470883,998886
477120,21212
1787583,22457
998886,21212
477120,21212,470883
477120,22457
998886,1787079,435225
21212,470883,477120
1787079,470883
1782459,477120,22457,1784937
1787079,435225
477120,1787079,435225,1776516
1782459,435225
22457,470883
998886,1787079,470883
1787583,21212,470883,998886,435225
1782459,21212,435225
1786029,477120
1782459,1776516
21212,22457,470883,998886,1787079,1776516
1787583,21212,470883,477120,998886,1787079,435225
22457,470883,477120,998886,1776516
1782459,1787583
1787583,477120
435225,1784937
1787583,477120,470883
1787583,21212,22457,1784937,1782459
1782459,998886,21212,1787079
998886,1787079
1782459,998886
1782459,998886
1782459,477120
21212,1787079,435225
1782459,998886,435225
477120,1787079
1787583,22457,998886,1787079,1776516
1787583,1786029,22457,470883,477120,998886,1787079,435225
21212,470883,1784937,998886,435225
1787079,1784937
998886,1787079,22457
998886,22457,1776516,1787079
21212,435225
1787583,21212,22457
1787583,22457,470883
998886,477120
1787583,21212,1784937
1782459,1787583
1782459,477120,1784937
1787583,1776516,1784937
21212,1784937
477120,1787079,435225,22457
1782459,998886
22457,470883
1787583,21212,22457,998886,1787079
22457,435225
1786029,998886,1787079
998886,1787079,1784937
1787583,998886
998886,1787079
1786029,998886
1782459,470883
1787583,1784937
1787583,477120,470883
21212,435225
1787583,21212,435225,1787079,1776516
1782459,477120,1787079,435225
1787583,477120,470883
1787583,21212,1786029,998886
21212,1776516,435225,477120
1782459,477120
998886,1776516
477120,1787079
1787079,435225
1787583,998886
1786029,1776516
21212,1787079,435225
1782459,1786029,21212,470883
1787583,477120,22457
1782459,470883
1787583,1787079
998886,470883
470883,435225
1787583,477120
435225,1784937
21212,1776516,470883
1782459,22457
21212,1787079,470883
998886,477120,470883
1787583,22457,1784937,998886,435225
1787583,21212,22457,470883,998886,435225
1786029,21212,470883
22457,470883
1787079,470883,435225
21212,435225,470883
1782459,1787583
1787583,22457,470883,1784937,435225,998886,1787079,1776516
1787079,435225
1782459,1787583,470883
1787583,998886
21212,470883
1786029,477120,21212,470883
1787583,1786029,470883
1782459,998886,470883
477120,1787079
21212,1787079
1787079,1776516
1786029,1787583,1776516,477120,1787079,435225
998886,477120,22457,435225
1782459,1787583,22457
1782459,998886,470883
1782459,21212,477120
1787583,22457
1787079,435225
1786029,21212
1782459,1787079
21212,1787079,1776516
1787583,22457,470883,435225,998886,1787079,1776516
1786029,1784937
21212,1787079,435225
1787583,998886
21212,1787079,470883
998886,1787079,435225
21212,1787079,470883
1787583,1787079
21212,477120
1787583,1787079
998886,470883
1782459,998886,22457
1782459,1786029,22457
21212,470883,1784937,998886,435225
1787079,1776516
477120,1787079,1784937
1786029,998886
1787079,22457
998886,21212,1787079,435225
998886,1784937
1787583,21212,22457,998886,1787079
1787583,435225
1787583,470883
1786029,22457,1776516,1787079
435225,1784937
1786029,21212,22457,998886,1787079
998886,477120,1787079,22457
21212,470883
470883,1784937
435225,1784937
1787583,22457,470883,998886
1787079,435225,470883
21212,470883,1784937,1776516
998886,477120,1787583,22457
477120,21212,470883
1782459,470883
998886,21212
1787583,477120,1787079,998886
1787079,435225
1787583,477120,998886
21212,435225
998886,1787079
1787583,21212,22457,470883,1782459,998886,1787079,1776516
1787583,1784937
477120,1787079,470883,22457
1787583,477120,22457
1782459,470883,435225
1786029,435225
477120,22457
1782459,1787583
21212,1787079,470883,1784937
998886,22457,435225
22457,1782459,477120,1787079,435225
1787079,1784937
21212,470883,1784937,998886,435225
477120,1787079
998886,477120,1787079
998886,477120,1787079
1787583,470883,1782459,435225,998886,1787079,1776516
21212,1776516,435225,470883
1786029,477120,22457,1776516
1782459,1787079
21212,470883
477120,1787079
1782459,1787583,477120,470883
1787583,22457,470883,1784937
998886,1787079
21212,1784937,1782459,1787079,435225
998886,1776516
22457,435225
998886,1776516
1787583,22457
1787583,21212,470883,1782459,435225
22457,470883
998886,22457
1786029,22457
22457,1776516
1782459,470883
1782459,477120
1782459,470883
1787583,1776516
1787583,470883
21212,22457
1786029,1787583,1787079,435225
1787583,21212,998886,1787079,1776516
1787583,1776516
998886,21212,1786029,477120
1782459,470883
998886,1787079
477120,470883
21212,435225
470883,1782459,998886,1787079,435225
21212,470883
21212,470883
998886,21212
22457,1787079
1782459,998886,21212
1787079,1776516,435225
998886,21212
1787583,470883,998886
1787583,1786029,470883,998886
477120,21212,470883
1787583,477120
1782459,21212,470883,477120
1787583,470883
1787583,470883
1787583,470883,435225,998886,1787079,1776516
1786029,21212,1782459,477120,998886,1787079
1782459,21212
1782459,21212
998886,22457
1787079,1784937
998886,1787583,22457,470883
998886,1787583,22457,470883
1782459,470883
1787583,21212,470883,477120
1787583,470883
1786029,21212,1784937,477120,998886,435225
1787583,21212,22457,470883,1784937,477120,998886
21212,1776516
998886,477120,1776516
1782459,1787583,21212
1782459,470883
998886,1787583,1787079,470883
1787079,435225
21212,1787079,477120
1782459,1787583,435225
1787583,21212
998886,470883
998886,1787079
1787583,435225,998886
1786029,21212,470883,1784937,998886,435225
1787583,1787079,435225,470883
1787583,998886
470883,1784937,435225
1782459,470883
998886,1776516
998886,21212,435225
1787583,21212,22457,1784937,998886,1787079
1782459,470883
21212,470883
1787583,470883
1782459,1784937
1787583,22457,998886,1787079,435225
1787079,435225
1787583,21212,1776516,1784937
21212,1776516
1786029,1787079,435225
998886,1787583,1786029,1787079
21212,1787079
477120,21212,1776516
998886,470883
998886,1787079
998886,22457
1782459,1787583
1787583,435225,1776516
21212,477120,1787079,1776516
1782459,22457
1782459,998886,22457
1782459,470883
435225,1784937
1786029,21212,1787079,435225
998886,470883,1784937
1782459,998886
435225,1784937
998886,1787583
21212,470883
998886,1787583,1787079
1782459,998886,22457
1787079,435225
998886,477120,470883
1782459,21212
22457,435225
21212,22457,998886,1787079,1776516
21212,1787079,477120
1786029,1787079
477120,21212,435225,22457
998886,435225,470883
998886,1776516
1787583,998886
477120,1787079
1782459,998886
1786029,1787079
1787583,22457,470883,998886,1787079
1787583,21212,1782459,1787079,435225
998886,477120
1787583,22457
1787583,998886
22457,470883,435225
21212,470883
1782459,1787583,470883,998886
1786029,21212,470883,1784937,998886,435225
21212,470883
1782459,998886,1787583
21212,470883
998886,22457
1787583,435225
1782459,21212,435225
998886,1776516,435225
1787583,21212,22457,998886
1787583,22457
1782459,21212
1782459,998886,1787079
1782459,470883
998886,1787079,435225
1782459,1787583
1787583,21212,1776516,1784937
998886,435225
470883,1784937
1787079,435225
1787583,1787079,435225
21212,470883
1782459,998886
21212,1787079,470883
1782459,1787583,22457
1787583,998886
21212,435225
1782459,1787583,998886
1782459,998886,1787583,1776516
22457,470883,435225
1787583,470883
1782459,470883
1787583,998886
998886,1776516
998886,470883
1782459,470883
1787583,1787079,470883,998886
22457,435225
1782459,998886
1786029,1776516
998886,1787079,435225
1787583,1787079
1782459,1787583,21212,470883
1782459,1787583,998886
1782459,998886
998886,1787583
21212,1787079,22457
1782459,1787583,998886
1787583,1787079
1782459,998886,22457
998886,1787079,1776516
998886,1787079,435225
1787079,435225,470883
1782459,1787583,22457
998886,1787079
998886,21212
21212,22457,470883
998886,21212,470883
1782459,998886
1787583,1787079,435225,1784937
1782459,998886,21212,22457
1787079,435225
1787079,435225
1782459,470883
1782459,21212,470883
998886,1787583
21212,470883
1787079,435225
998886,1787079
998886,477120,1787079
998886,1787079
998886,477120,1787079
998886,477120
998886,22457,1787079
1782459,998886
1782459,22457
435225,1784937
1786029,21212,470883,1784937,998886,435225
1787079,470883
1787079,435225,22457
1787583,1787079
21212,22457
21212,1784937
21212,1787079
1787583,1787079,435225
1786029,21212,998886
998886,470883
1782459,22457
1787583,22457
1782459,1787583,21212
998886,470883
1787079,435225
1782459,470883
998886,1787583
1787583,998886
998886,1787079,435225
1787583,21212,22457,477120,435225,998886,1787079,1776516
1787583,1776516
998886,470883,1784937
1787583,998886
1787583,435225
1787583,1786029,470883,435225,998886,1787079,1776516
1787583,21212,22457,1782459,435225,998886,1787079,1776516
1787583,21212,22457,477120,998886,1787079,1776516
1787583,21212,22457,1787079
21212,1787079
998886,1787079,470883,435225
1787583,21212,22457,1784937,477120,998886,1787079,435225
1787583,21212,22457,470883,998886,1787079,435225
1787079,470883
998886,1787583,435225
1782459,1786029,1787583
1782459,1787583,470883,998886
1787583,21212,1787079,435225
1782459,470883
1782459,1787583,470883
1787583,21212,22457,470883,1782459,1787079,1776516
1782459,998886,21212,1787583
1787583,1787079
998886,1776516
1787079,470883
998886,21212
435225,470883
998886,1787583
1782459,470883
1787583,1776516
1782459,998886
998886,22457
21212,22457,1782459,477120,998886,1787079,1776516
1787583,1787079,435225
1787583,21212,22457,470883,1782459,477120,1787079,1776516
477120,470883
1786029,21212,435225
1787583,22457,1776516,1787079
21212,435225
1787079,1784937
1787583,998886
1786029,21212,470883,1784937,998886,435225
1787583,22457,998886
998886,1787079
1782459,22457,435225
1787583,21212,22457
998886,1787079,22457
998886,1787079
998886,470883
998886,1787079
998886,1787079,435225,470883
998886,1787583,470883
21212,435225
998886,21212,1787079
1782459,1787583
998886,470883
1787583,22457
998886,21212
998886,21212,470883,1784937
435225,1784937
998886,470883
1787583,21212,470883,1782459,998886
22457,470883
1782459,1787583,998886
1782459,998886
1787583,1786029,22457,470883,1782459,477120,998886
21212,1787079,435225
1787583,470883,998886
1787583,1776516
435225,470883
1787583,470883,1782459,998886,1787079,435225
1787583,22457,1782459,998886,1787079,435225
998886,1787079
1782459,21212
998886,1787079
998886,1787079
998886,1787079
998886,477120,1787079,1784937
1786029,1787079,1784937,998886
998886,477120,1787079,22457
21212,470883,1784937,998886,435225
21212,1787079,435225,470883
1782459,21212,470883
1782459,21212,1787079
1782459,1787583,1787079
998886,21212
1786029,22457,470883,998886
1782459,1787583,435225,998886
1782459,1787583
998886,21212,1786029,1787079
1782459,998886,22457
1787583,1787079
1782459,1787583,998886
1786029,1787583,470883
998886,1787583
1787583,21212,470883,1782459,998886
1787583,21212,470883,998886,1787079
1782459,435225
1787079,435225
998886,22457
1786029,1787079,470883
1787583,22457,435225,1787079
21212,1787079
998886,22457
1787583,21212,22457,435225,1776516
435225,1784937
998886,21212,1776516
1787583,998886
998886,1787583
1782459,1787583,470883,998886
998886,1787079,435225
1782459,1787583,1787079,998886
998886,1787583
998886,1787583,1787079,1784937
1787583,21212,435225,998886
998886,470883
21212,470883
21212,470883
1782459,22457
1787079,435225
998886,1787079,470883,22457
1782459,435225
22457,435225
1787583,21212,22457,1784937,998886,1787079
998886,21212,1787079
1782459,1787583
1787583,22457,470883,1784937
1786029,998886
1786029,21212,1787079
998886,470883
998886,22457
1786029,21212,470883,1784937,998886,435225
22457,435225,1787079
1787583,22457,435225,1784937
1782459,21212,435225
21212,1787079
998886,1787583,1787079,470883
998886,22457
1782459,1787583
1787079,435225
1786029,21212
1787583,998886
1786029,1787583,1776516,470883
21212,470883,998886,1787079,1776516
998886,1787079,1776516
1776516,435225
1782459,1787583
1787583,470883
998886,1787583,1784937
1787583,21212,1787079,998886
21212,470883,998886,1787079,435225
1782459,998886
1782459,1787079
21212,1787079
998886,470883
998886,22457
1782459,998886
1782459,1786029,1787079,470883
1787583,470883
1782459,21212
1782459,1787583
998886,21212
22457,1776516
1782459,1787583
1782459,998886,1787583
1782459,1787583
1787583,470883,1782459,1787079,435225
998886,21212
998886,1787583
998886,1787583,1787079,435225
1782459,1787583
1782459,1787583,470883
1786029,1787079,435225,998886
1787583,21212,998886,1787079,1776516
1786029,21212,22457,998886,1787079,1776516
1787583,435225,1784937
1786029,21212,998886,1787079,435225
21212,435225
1787583,21212,470883,435225,998886,1776516
1787583,21212,1787079
21212,1776516,470883
1787583,1787079
1782459,998886,21212,1787079
998886,435225
1787583,22457
1787583,1776516
1787079,435225
21212,435225,1784937,470883
22457,435225
435225,1784937
1782459,998886,22457
1787583,21212,1782459,435225,998886,1787079,1776516
1787583,21212,22457,470883,1776516,998886,1787079,435225
1787583,470883,477120,998886,1787079
1782459,22457,470883
1787079,435225
1782459,998886
21212,470883
22457,470883
1782459,1787583,470883
1782459,1787583,1787079
1782459,998886
1787079,435225
1787079,435225
1786029,1787583,22457,1782459,998886
1787583,21212,22457,435225
1787583,1787079,1784937
1787583,1787079,998886
1787079,1784937
998886,1787583
998886,21212,435225
1787079,435225
1787583,1784937
1786029,21212,470883,1784937,1782459,1787079
1787583,998886
1787583,470883
1787079,435225
21212,435225
1787079,435225
21212,1787079,470883
1782459,1787583,470883
21212,1776516
1787583,998886
998886,21212
1782459,1784937
998886,1787079
1787079,435225
998886,435225
998886,1787583,435225
1787079,435225
1787079,435225
1782459,1787583
21212,435225
21212,22457,1776516,477120,998886,1787079,435225
998886,21212,1787079,470883
998886,1787079,1784937
1787583,21212,477120,998886,1787079
22457,1787079
1782459,998886,470883
21212,435225
1786029,998886,1787583,1787079
1782459,998886
1782459,1787079
998886,1787079
1782459,998886
998886,1787079,1784937
1787079,1784937,22457
1782459,470883
1782459,998886,1787583
1787583,22457
21212,1787079
1787583,21212,470883,998886
998886,21212,435225,1784937
1786029,1787079,998886,22457
1787583,477120,1787079
1787079,1784937
1787583,1787079,1784937
1787583,1787079
1786029,1787079,22457
1787583,1787079
1787583,1776516
1787079,1784937
1787583,1787079
1787583,1787079,1784937
1786029,1787079,998886
998886,1787079
1787583,1787079
1786029,998886,1787079,1776516
22457,435225,998886,1787079,1776516
1787583,1787079
1787079,470883
1782459,470883
998886,1786029
1787583,1787079,435225
1782459,1787079,470883
1787079,435225
998886,470883,1784937,435225
998886,1787583,1787079
998886,1776516
22457,435225
998886,21212
998886,1787079,435225
1787583,470883,998886
1782459,435225
21212,435225
21212,22457,470883,998886,435225
998886,1787079
1782459,1787583
1782459,1787583,1776516
998886,435225
998886,1787583,22457
21212,470883,1782459,1787079,435225
1782459,435225
1787079,470883
1782459,1787583
1787583,22457,998886
22457,1787079
998886,470883
1782459,998886,470883
22457,1787079
998886,470883
1787583,470883,1776516
1782459,1787583
21212,1776516,1784937
1787583,477120,470883,435225
998886,21212,1786029,435225
21212,1787079,435225
1782459,1787583,998886
21212,435225
1787079,435225,470883
1782459,21212,22457
1787079,435225
22457,470883
21212,1784937
1782459,435225
21212,435225
1787583,21212,470883,1784937,1782459,998886
21212,470883
21212,22457,470883,1782459,477120,998886,435225
1786029,21212,1784937,998886,435225
1787583,22457
1787583,21212,435225
21212,22457
21212,435225
1782459,1787583
1782459,435225,470883
1782459,22457
998886,1787079,1776516,435225
435225,470883
1787583,1787079,435225
998886,22457,470883
21212,470883,1782459,998886,1787079
1787079,435225
998886,1787583
21212,22457,470883,1787079
1782459,998886,1787583,435225
998886,21212,470883
1787583,21212,22457,1776516,1787079,435225
1787079,1784937
998886,1787583,470883
1787079,435225
21212,470883
435225,470883
1782459,21212
1787583,21212,477120,998886,1787079
22457,470883,1784937,998886,1787079
1787583,21212,435225
1787583,477120,21212
1782459,470883
1787079,470883
998886,1787079,470883
1787583,22457
1782459,470883
998886,1787583,22457
1787583,1787079
1787583,1787079
1782459,998886,1787583
998886,1787079,1776516,435225
998886,21212,435225,1784937
1782459,470883,1784937
1787583,21212,470883,998886
998886,1787079
1786029,1787079,998886,22457
1787583,1787079,1784937,998886
1787583,1784937
998886,22457
1787583,22457,477120,998886,1787079,435225
1787079,1784937
1782459,998886,1787079
1782459,998886,21212
998886,21212
998886,1776516
1776516,1784937
998886,1787583
998886,470883
21212,1787079
998886,1787583,22457
1782459,22457
21212,22457,470883,998886,1776516
22457,1784937
1786029,1787583,1776516
1782459,435225
1782459,470883
1787583,21212,22457,1782459,435225,998886,1787079,1776516
1782459,1787583,1787079,470883
21212,1784937
1787583,470883,435225,998886
1782459,998886
1787079,470883
998886,470883
21212,1787079,435225
998886,1787079
998886,1787583,1787079
998886,1787079,1784937,22457
21212,22457
1787583,1787079
1787079,435225,1784937
998886,1787583
1787583,22457
21212,22457,435225,1787079
1787079,470883
998886,1787079,435225
1787583,22457,470883,1776516,998886,1787079,435225
1787583,998886
998886,470883
998886,22457,1787079
1787583,22457
998886,435225
435225,1784937
1787079,435225
1787583,21212
1787079,435225
1782459,1787583,470883,998886
1787583,470883
998886,1787079
1787583,22457,1784937
998886,470883
998886,22457
1782459,1787079
1782459,470883
1787583,21212,22457,470883,1784937,1787079
998886,1787079
1782459,1787583,470883
998886,1787583
21212,1787079,470883
1782459,470883
998886,1787583,1787079
1787583,435225
1782459,998886,1787583
1782459,1786029,21212,998886
21212,1787079,435225
1782459,435225
998886,21212
1787583,1782459,998886,1787079,435225
1786029,470883
1787583,1787079
1787079,435225
1787583,21212,470883
21212,435225
1782459,1787583
1782459,1787583,1776516
1782459,998886,470883
998886,435225
1787079,435225
21212,1787079
22457,470883
1786029,1787079
1787079,1784937
1782459,1787079,470883,1776516
1787583,22457,1787079
998886,1787079
1786029,998886,1787079
998886,1787079
998886,1784937
1787583,21212,470883,435225,998886,1787079,1776516
1782459,435225
21212,435225
998886,470883
1787079,435225
1787583,21212,22457
998886,21212,1787079
998886,1787583,1787079,435225
21212,1787079
1787583,1787079,1776516,998886
1782459,470883
1786029,1784937
21212,1787079
1782459,998886,470883
998886,1787583,470883
1787583,22457
1782459,22457,435225
1786029,1787079
1787583,22457,1787079,998886
1787583,21212,22457,1776516,998886,1787079,435225
1786029,1787583,22457,998886,1787079,1776516
1782459,470883
998886,470883
1787583,1776516,435225
1787079,435225
1787079,470883,1784937
21212,1784937
1787079,435225
998886,435225
1787583,470883
1787583,1787079
1782459,470883
21212,470883,998886,1787079,1776516
998886,470883
998886,1776516,470883
1787583,435225
1787583,998886
1782459,998886,1787079,435225
1787583,1776516,998886
1787583,22457,1784937
998886,1787079
998886,435225
1787583,1787079
998886,435225
1782459,470883,435225
1782459,1786029
1782459,1787583
1787583,470883
998886,21212,22457
1782459,435225
998886,470883
21212,470883
1787079,1784937
435225,1784937
998886,22457
1786029,21212,470883,1784937,998886,435225
1787079,470883
998886,1787079
1786029,1787079
998886,1787079,470883,1784937
1787079,435225
1782459,1787583
1787583,1776516,998886,435225
1787583,22457
1787583,21212,22457,435225
998886,1787583,1787079
1782459,1787583,435225,998886
998886,470883
998886,1776516,435225,470883
1787079,435225
1782459,470883
1787583,470883,998886
1786029,21212,22457,470883,998886
1787583,1787079
1786029,21212,470883,1784937,998886,435225
1786029,21212
1782459,998886
1786029,470883
1786029,21212,22457,470883,477120,998886,1787079
998886,477120,1787079
998886,470883
1782459,470883
1787583,22457,470883
1787079,1776516
998886,1787583
1787583,1786029
998886,470883
1787583,435225
1787583,470883,1782459,998886,1787079,1776516
1787583,21212,22457,998886,1787079
1787583,435225,998886,1787079,1776516
22457,470883,435225,998886,1787079,1776516
21212,1787079
998886,1787079,470883,1776516
998886,1787079
998886,1787583,1787079
1787583,1782459,435225,998886,1776516
1787583,1776516,998886,1787079,435225
1782459,998886,21212
1786029,21212,1787079,435225
1782459,998886,22457
1787583,1787079,1776516,1784937
1787079,470883
1787583,998886
1782459,1787079
1787583,435225
1787583,22457,998886
1787079,435225,1784937
998886,1787583,1786029,1776516
1787079,470883
998886,470883
1787079,435225
998886,22457,435225
1782459,470883
998886,21212,1787079
998886,1787583
1787079,435225
1787583,470883
1787583,22457
1782459,470883
1782459,22457
998886,21212,1787079,435225
998886,470883
1787583,22457,435225
22457,435225
1782459,998886,1787583
1787583,21212,1776516,435225
1787079,435225
998886,1787079
998886,21212,1787079
1787079,435225
1786029,998886
21212,435225
998886,21212,1784937
21212,470883
435225,1784937
998886,470883
1787583,1787079
1787583,998886
998886,1787079
1782459,470883
1786029,470883
1787583,22457,1787079
1787583,21212
1782459,1787079
1786029,21212,470883
998886,1787079,470883,435225
1787079,22457
1787583,21212,22457
22457,470883,998886,1787079,1776516
1786029,21212
1787079,435225,1784937
998886,1787079,435225
998886,1787583
1787079,435225
998886,21212
1787079,435225
1786029,998886,1787079,470883
21212,1787079,1776516
1787079,470883
1782459,21212
1782459,1787583,22457,998886
998886,21212
1786029,470883,1782459,998886,1787079,1776516
1786029,1776516
1787079,435225,1784937
1787079,435225,1776516
998886,21212,1776516
1787583,1787079,470883
21212,22457,998886,1787079,1776516
1787583,21212,22457,1784937,435225,998886,1787079,1776516
998886,21212,22457,1776516
998886,1787079
998886,470883
998886,1784937
1787583,470883,998886
21212,1787079,435225
1787079,435225
998886,1787079,435225
1787583,477120,998886,1787079,435225
477120,435225,470883
998886,470883
1787079,435225
1787079,435225,1784937
21212,435225,1784937
998886,1784937
998886,22457
1786029,21212,470883,1784937,998886,435225
1787079,1784937
1787079,1784937
998886,1787583,22457,1787079
1787079,1784937
998886,1787079
998886,1787079
998886,1787079,22457
998886,1787079
1782459,22457
21212,435225
1782459,1787583,998886
1787583,22457,998886,1787079,1776516
998886,435225
477120,1787079
998886,435225
998886,1787583
477120,470883
1787079,470883,435225
21212,1776516
998886,470883
998886,470883
21212,470883,1784937,998886,1787079,435225
477120,1787079
998886,21212,470883
1787583,1786029,1784937,998886,435225
21212,1787079,477120,1776516
21212,1784937
998886,21212
998886,1787079,1776516,470883
1787079,470883
998886,470883
1787583,22457
998886,477120
1782459,1787583
998886,477120,1787583,470883
1782459,477120,1787079
477120,22457
998886,470883
1787583,22457
1787583,21212,1787079,435225
998886,21212,1787079,470883
1787079,470883
1782459,1787583,435225
998886,1787079
1787079,1784937
1786029,21212,470883,1784937,998886,435225
477120,470883
1787583,1776516
1787583,21212,470883,998886,1787079,1776516
998886,21212,1787079
1787583,477120,22457
477120,1787079
435225,1784937
1787583,21212,1786029,22457,1784937,477120,998886
1787583,1787079
1786029,21212,1787079,1784937
1787583,1787079,998886
477120,1787079
1787583,470883
1786029,998886
1782459,1787079
998886,1787079
998886,1787583
998886,1787079
998886,22457
1786029,477120
998886,435225
1787583,21212,470883,1784937,1776516,998886,1787079,435225
21212,1787079
998886,22457
998886,1787079
477120,435225,998886,1787079,1776516
1787583,1787079,435225
477120,21212,435225,1784937
998886,21212
998886,477120,21212
1787583,470883,1784937
1782459,470883,1784937
1786029,21212,470883,1784937,998886,435225
22457,470883
998886,470883
21212,22457,470883,477120,998886,1787079,435225
1787583,21212,22457,1787079,1776516
1782459,1787583,1787079,435225
998886,1787583
998886,1787079
998886,1787079,1784937
477120,470883
1787583,21212,1787079,998886
998886,21212,1787583,435225
998886,470883
1787079,435225
1787079,1776516,435225
998886,435225
1787583,477120,1787079,435225
477120,1776516,435225
1787079,435225
1787583,435225
21212,470883,1784937,477120,1787079,435225
1787583,22457,1776516
1787583,22457,1782459,477120,1787079,1776516
21212,1787079,1776516
1787583,21212,22457
1782459,1787079
998886,477120
1787079,1776516,470883
998886,477120,1787583
998886,435225
1782459,1786029,22457
998886,470883
21212,1787079
1786029,477120
477120,470883
1787583,470883,477120,435225,1776516
1782459,998886,477120
998886,21212,1787079,470883
998886,470883
1782459,21212
998886,1787079,435225
1787079,470883,1784937
21212,470883
1786029,21212,1787079
1782459,435225,470883
998886,470883
1782459,998886,477120
1787583,477120,435225,998886,1776516
1787079,1784937
1782459,477120,21212
1787583,22457,1776516,1784937
21212,470883,998886,1787079,435225
998886,1787079
1786029,21212,470883,1784937,998886,435225
1782459,470883,435225
21212,1787079,435225
1786029,998886
998886,470883
1782459,1787583,477120,998886
1787583,998886
1787079,1776516,435225
1787583,998886
998886,21212
998886,477120,1787583,470883
477120,1776516
1782459,21212,1784937
21212,22457,470883,998886,1787079,1776516
1787583,998886
477120,1787079,435225
1787079,435225
998886,477120
21212,1787079,1784937,22457
21212,470883,435225
998886,477120
998886,1787079
21212,1776516
22457,1784937,1787079
1787079,1784937
21212,22457,435225
1787583,21212,1787079
1782459,1786029
1787583,470883,1784937
1782459,21212,1787079,470883
1782459,1787583,1786029
1782459,998886,1787079
1782459,1787079
998886,1787079,1776516
1787079,435225,470883
1782459,22457,470883
1787079,1776516
1787079,435225
22457,1787079
1786029,21212,470883,1784937,998886,435225
1786029,1787583,22457,21212,1784937,477120,998886,1787079
1787079,470883,435225
1782459,998886,21212,435225
998886,21212
477120,1776516
998886,477120
21212,435225,1784937
1782459,1787079,435225,22457
1787583,477120
1782459,998886
998886,22457,470883
21212,1784937
1782459,998886,1787079
998886,435225
998886,470883,435225
1787583,21212,477120,1787079,435225
1782459,22457
1786029,1787583,477120,998886,1787079,435225
21212,1784937
1787583,1787079,470883,435225
1787583,477120,998886,1787079,1776516
998886,21212
998886,470883
998886,470883
998886,21212,435225
1787583,21212,22457,470883,477120,998886,1787079,1776516
1787583,22457,1784937,477120,1787079
1787583,21212,1784937,1787079,435225
998886,470883
22457,1784937
998886,1787583,1784937
1787583,435225
1786029,1787079,1784937
998886,21212
477120,1787079,1776516,470883
1787583,435225
1787079,435225,22457
477120,470883,1784937
21212,435225,1776516
998886,470883
1782459,477120,1787079,22457
998886,477120,1787079
1787079,1784937
1782459,998886
1782459,21212
1787583,22457
998886,470883
998886,1787583
21212,1787079,435225
998886,477120
1776516,435225
998886,22457,1787079
477120,1787079,435225
1782459,998886,435225
1786029,22457,1782459,998886,1787079
1787079,1776516
1787079,435225
998886,1787583
1782459,477120
1786029,1787079
21212,435225
1787583,1787079
1786029,21212,470883,1784937,998886,435225
1782459,998886,1787079,435225
1787583,22457,470883,1782459,477120
1782459,998886,470883,1776516
1786029,1787583
1787079,1784937
1787583,22457
998886,1787583
21212,22457
1787583,1786029,1776516,435225
1787583,1787079
1786029,21212,22457,470883,1784937,435225,998886,1776516
998886,1787583
1782459,998886,477120,435225
1782459,998886,22457
1787583,477120,470883
477120,1784937
21212,1787079
1782459,1787583
1787079,435225
998886,477120,1787079,435225
998886,1787583,22457
998886,477120,1787079
1787583,998886
1786029,435225,998886,1787079,1776516
998886,21212,477120,435225
477120,470883
998886,1787079
998886,435225
998886,1787079
998886,1787079,1784937
998886,1787079
1786029,470883
21212,1776516
1782459,470883
998886,21212
1787583,1787079
998886,1787079
1787583,1787079,435225
998886,470883
22457,470883
22457,435225,998886,1787079,1776516
1787583,21212,470883,477120,435225,998886,1787079,1776516
1787079,435225
1787583,1787079,22457
998886,22457
1787079,1784937
998886,1787079
1787583,477120
1782459,477120,470883
435225,1784937
21212,470883
1782459,1787079,435225,22457
998886,21212,470883
1787079,435225
998886,477120,21212,435225
1786029,1784937,477120,435225,998886,1787079,1776516
21212,470883
1782459,998886,1787583
1787079,435225
998886,1787583,1787079
1787079,1776516,435225
1787583,1787079
477120,470883
1782459,998886,435225
1782459,998886
998886,22457
998886,1787079
1787583,1787079,998886
1782459,1787079
998886,470883
1782459,21212
998886,1787079,1776516
1786029,21212,470883,1784937,998886
1787079,1784937
998886,1787079,1784937
998886,21212,1787079,1776516
1786029,21212,470883,1787079,1776516
1786029,21212,22457,470883,1784937,1776516,998886,1787079,435225
22457,435225,1776516
21212,1776516
21212,1787079,22457
435225,1784937
1787583,22457
998886,22457
1787079,435225
998886,470883
22457,1784937,1787079
1782459,998886
1787079,1776516
22457,1787079
1782459,22457
1787079,1776516
1787583,1782459,477120,998886,1787079,1776516
1782459,1787079,435225
998886,1787079,435225
1782459,477120,470883
477120,21212,1776516
1782459,477120
998886,1787079
1787079,1776516
477120,1787079
21212,1787079,1784937
1786029,22457
1787079,1784937
477120,1787079
998886,1787079
1787583,470883,998886
1787583,477120,998886,1787079,1776516
1782459,998886
1782459,22457
1782459,470883
998886,470883
1782459,1787583
1787583,1787079
1787583,998886
21212,477120
1786029,477120
1787079,435225
1787079,435225
1787079,470883
998886,1787079
1787079,435225
1782459,22457
1776516,1784937
1787583,470883,998886
1787079,435225
998886,1787079,435225,1784937
1782459,998886,1787079
1787079,22457
1787583,477120,470883
998886,477120,1787079,22457
22457,1787079
1787583,1787079,998886
998886,1787079
998886,477120
1786029,21212,470883,1784937,998886
998886,22457,470883
1787583,21212,1786029,435225,1787079,1776516
998886,435225
1787079,435225
1787583,22457,1787079
21212,435225
1787583,21212,1776516,435225
1787583,22457
1782459,1787583
998886,1787079
1787583,1776516
21212,435225
470883,435225
998886,21212,477120
1782459,1784937
1787583,998886
1786029,998886
21212,477120
1782459,1787583,21212,22457
1787583,477120
998886,1787079
477120,21212,1776516
1782459,435225
998886,1784937
1782459,477120,470883
998886,1787079
1782459,998886,1787583
435225,22457,1776516,1787079
1782459,21212,470883
1787583,22457,470883
435225,1784937
21212,22457
1787583,22457
998886,1787583,435225
1787079,435225
1786029,21212,470883,1784937,998886
1787583,1787079
998886,21212,470883
1782459,1787583,21212,1784937
998886,1787079
477120,1784937
435225,1784937
1786029,1787583,22457,1784937,1787079,1776516
21212,22457,470883,1784937,998886,1787079,1776516
1787583,998886
1787079,470883
1787079,1776516,435225
1787583,477120,1776516,435225
1782459,1787583
1787583,21212,435225,998886,1776516
21212,1787079
21212,22457
998886,22457
1782459,998886
1786029,22457,1787079
1786029,1787583,1787079
21212,470883,477120,998886,1776516
998886,477120
1787583,21212,470883
998886,1787079
998886,1787583
1787583,1787079
998886,477120
998886,477120,470883
1786029,21212,1776516
998886,477120,1787583
1787583,21212,1787079,435225
1787583,1787079
1787583,477120,470883
470883,1784937
1786029,1787079,998886
1787583,470883
1782459,998886,435225,470883
998886,22457,1776516,1787079
477120,21212
1782459,998886,1787583
1787583,435225
1787583,1787079
1786029,21212,22457,1784937
998886,1787583,435225
1782459,998886,477120
1786029,470883,998886
1786029,1787079,435225
1786029,1787583
1787583,1786029,21212,22457,470883,1776516,477120,998886,1787079,435225
1787079,435225
1787079,1776516,435225
1787079,435225
1786029,477120,21212
1782459,1787583
21212,1784937,1782459,477120,1787079,435225
998886,1787583,470883
1782459,470883
998886,1787079
1787583,477120,435225
1782459,998886,22457
1787583,22457,435225,1787079
477120,470883
1782459,998886
1787583,21212
1782459,477120
1787583,1787079,1784937
1787583,1787079
1787583,21212,998886
1787583,22457,470883,998886,1776516
998886,1787583,1784937
1787583,21212,470883,998886
1787583,1776516
1782459,1786029,1784937
1787079,435225,1784937
1787583,22457,435225,1776516
1787079,435225
1787079,435225
1787583,21212,22457,998886,1787079
1787583,21212,22457,998886,1787079,1776516
477120,22457
998886,21212,22457,1787079
998886,435225
1782459,998886
477120,1787079,435225
1782459,998886,22457,435225
1787583,21212,470883,477120,998886,435225
21212,435225
22457,1776516,1787079
21212,1787079
477120,1787079,435225
1782459,998886
1782459,998886,1787583
1787583,22457
1786029,21212,470883,1784937,998886,435225
998886,435225,1784937
1786029,470883
435225,470883
1782459,470883
1782459,998886,477120,1787079
1782459,1786029,470883
998886,1787079,470883,435225
1787583,477120,1776516
1787583,21212,1787079
21212,1787079,470883
1787583,1776516
1787079,435225
1782459,998886,1787079
1787079,1776516
1787079,470883,22457
21212,1784937,998886,1787079,435225
998886,1787079
21212,1787079,470883
1782459,21212
1787583,477120
998886,1787583,470883,1784937
1787583,21212
1787583,477120
1787583,21212,22457,470883,477120,1787079,1776516
1787583,21212,22457,470883,998886,1787079,1776516
1787079,1784937
1787583,1787079
1787583,1787079,1784937
21212,1787079
1787583,22457,470883
1786029,1787583,470883,1782459,477120
1787583,1787079
1782459,22457,435225
477120,470883
435225,1784937
998886,470883
1787583,21212,22457,1784937,477120,435225,998886,1787079,1776516
1782459,1787583,1787079,435225
1786029,21212,470883,998886,435225
1787079,435225
998886,477120,1787583
1787583,1782459,477120,998886,1787079
1787583,22457,470883,1782459,477120,998886
998886,21212,1787583
477120,435225,470883
1787079,435225
21212,435225
477120,1787079,1776516
1782459,470883
998886,1787583
21212,1787079
1782459,998886,477120,435225
1787583,22457,470883
998886,477120
1787583,22457
998886,435225
21212,470883,477120,998886,1787079,435225
1782459,1786029,435225
21212,477120,998886,1787079,435225
22457,1776516
1782459,1787583,21212,435225
1782459,470883
22457,470883,1787079
1787583,477120
1782459,998886,22457
1786029,477120,1776516,435225
1787583,21212,22457
21212,1784937
1787583,21212,1776516,477120
1782459,22457
1786029,470883,477120,1787079,1776516
1787583,22457,1787079,998886
1787583,21212,22457,998886,1787079,1776516
998886,1787079,1776516
998886,22457
1787583,470883,998886
998886,1776516,470883
998886,1787079
1786029,21212
477120,1787079,435225
21212,1787079
21212,22457
998886,21212,470883,435225
998886,22457,1776516,1787079
1787583,22457,998886,1787079,435225
1787079,435225
1782459,1787583,1787079
477120,470883
21212,22457,435225
1787079,435225
1787079,1784937
1787583,1787079,998886
1787079,435225
1782459,1787583
477120,470883,435225
1787079,1776516
1787583,22457,998886,1787079,1776516
1786029,21212,1784937,998886,1787079,1776516
998886,1787079,435225
998886,21212
1782459,1787583,22457
1787079,435225
1787583,1776516,1784937
21212,477120
477120,470883
1787079,435225,470883
1787079,470883,1784937
1782459,435225
1786029,1784937,998886
1786029,1787079
1787583,21212,22457,470883,1782459,998886,1787079
1782459,470883
1782459,470883
1782459,1786029
1782459,477120
1787079,435225,22457
1787583,435225
1787583,1787079,470883
21212,470883
1787583,470883
1782459,998886
1787583,477120,470883,998886
1787583,22457
998886,1787079
1787079,435225
1782459,998886,435225,1776516
1782459,22457
998886,21212
1787079,435225,1784937
1787583,21212,470883
998886,1787079
998886,22457
1782459,1787079
1786029,22457,470883,1782459,998886,1776516
1787583,21212
998886,1787079,435225
1787583,1776516
21212,22457,470883,1782459,477120,1776516
1782459,1787583
998886,477120,21212
998886,1787079,435225
1782459,1787583
1787583,22457,470883,1784937,1782459,998886
21212,435225
1782459,1786029,470883
21212,477120
21212,435225
1782459,1786029
1787583,435225
1787583,22457,1784937,1787079
1782459,477120,470883
1782459,1787583
1787079,435225,470883
998886,477120
1787583,470883,1776516,1782459,998886,435225
470883,1782459,477120,998886,1787079
477120,470883
1786029,21212,435225,1784937
1787583,1787079,435225
1787079,435225
22457,470883
998886,1787079,435225
1786029,21212,470883,998886,435225
22457,1782459,435225,998886,1787079,1776516
1784937,477120,435225,998886,1787079,1776516
1782459,998886
998886,477120
1787583,477120,1787079
1787079,435225
1782459,477120,1787079
998886,1787079,470883,435225
477120,1787079
998886,1787079,470883
1782459,470883
1786029,1787583,22457,1776516
1782459,998886
1786029,998886,21212,1787079
998886,1787583
1787583,21212,470883,435225,1776516
1782459,470883
1787583,1787079
1786029,21212,22457,477120,998886,1787079
22457,470883
21212,470883,998886,1787079,435225
1787079,435225
1787079,435225,1784937
1787583,435225
1787079,1776516,435225
21212,1787079
998886,1787079
1786029,1787583,470883,477120,1776516
1787583,1784937,1782459,1787079,435225
1787079,435225,470883
1787583,470883
1782459,21212
1787583,22457,1784937,477120,998886
1782459,1786029
21212,1787079,435225
477120,21212,1776516
1782459,1787583
1782459,21212,1787079,435225
1787583,22457,470883,1782459,477120,1787079
477120,470883
477120,22457
1787079,435225
1786029,1787583,435225,1787079
1782459,22457
1787583,1787079
1782459,477120
1787583,22457
22457,477120,998886,1787079,435225
1787583,1776516
1787583,470883
1782459,470883
1782459,22457
998886,1787583,1786029
1782459,1786029
1787583,1782459,477120,998886,1787079
1786029,21212,435225,998886
1787079,470883
1786029,435225
1782459,21212,1787079,1776516
1787583,22457,470883
998886,1787079,470883
1787583,21212,470883,1782459,1787079
998886,22457
998886,1787583,1786029
1786029,1784937
1787583,22457
1787079,435225
1782459,477120,470883
998886,470883
1787583,21212,22457
1787583,1787079,1776516,435225
998886,1787079
1787079,435225
998886,1787583,1787079,1776516
21212,470883
21212,1787079,435225
1782459,1787583,477120,1786029
1782459,470883
1787583,1787079,1784937
21212,22457,470883,1782459,435225,998886,1787079,1776516
1782459,998886,1787583,435225
21212,1784937,1782459,998886,1787079,435225
1787079,435225
1787583,22457,470883,1782459,998886,1787079
1782459,1787583
1787079,435225
1787583,22457,435225
998886,470883
998886,21212,1787079,1776516
1787583,470883,435225,998886
477120,1787079
1787079,435225
21212,470883,477120,1787079,435225
1787583,998886
1786029,22457,1784937,1782459,477120,998886
1782459,477120,470883
1786029,21212,470883,998886,435225
1782459,1787079
998886,1787079,435225
998886,477120
1787583,477120,435225,998886,1776516
1787079,1784937
477120,435225
477120,1787079,470883
998886,1787079
1782459,1786029
998886,1776516
998886,477120
1787583,1787079
1782459,22457
1776516,435225
1782459,1787583,1787079,998886
1786029,21212,22457,470883,998886,1787079,435225
1787583,1787079,470883
1787079,435225,1784937
1786029,1787583,22457,1784937,477120,1787079
1782459,1787583,22457
998886,435225
470883,435225
1786029,22457,470883,477120,1787079,435225
435225,1784937
21212,435225
21212,435225
435225,1784937
1786029,470883
998886,470883
1787079,1776516,435225
1782459,470883
1787583,477120,1776516,435225
1786029,1787079,435225
998886,435225,470883
21212,22457,1784937,998886,1787079,435225
998886,477120,470883
1787583,477120
1782459,21212
1787583,21212
1786029,435225
1787583,477120
22457,477120,998886,1787079,435225
21212,1787079,22457
1787583,22457
1782459,477120,1787079
1787583,1787079
1787583,22457
1787079,435225
477120,1787079,435225
1787583,21212,1786029,1787079
1787079,435225
998886,21212
1787583,1787079
1787079,22457
435225,470883
477120,470883,1784937
1787583,477120,470883
21212,22457
998886,477120
1787079,1776516,435225
1782459,1787583
998886,1787079,435225
998886,470883
1787079,435225
1787583,21212
1782459,1787583
21212,470883,1784937,998886,435225
1782459,1787583,470883,998886
1782459,22457,435225
1787079,435225
1787583,1787079,435225
1776516,435225
470883,1784937,998886,1787079,435225
1787079,435225,1776516
1787583,477120,1787079
1782459,21212
1787583,1787079,435225,998886
1787079,435225
1787583,21212,22457,1784937,1782459,998886
477120,435225,470883
998886,22457
1787583,477120
1787079,435225
1787583,470883,1784937,477120,1787079,435225
998886,477120
1782459,998886,1787079
1787079,22457
1786029,477120
477120,21212,470883
998886,477120,1787079,470883
1787079,435225
435225,1784937
1787079,22457
21212,1787079,435225
1787079,435225,22457
1787079,435225
1787079,435225,1776516
1782459,1787079,435225,1784937
1782459,998886,21212,477120
1782459,1787583
1782459,470883
1782459,998886,1787079
1787583,22457
21212,1787079
21212,477120,1787079
1787583,22457,470883
998886,21212,1776516
1787079,435225
1782459,998886
1787079,435225
998886,21212
1787583,22457
21212,1787079
1782459,998886,470883
998886,477120
998886,477120,470883,435225
1782459,477120,998886,1787079,435225
998886,470883
1787583,998886
1782459,1787583
1782459,21212,22457,1784937
21212,1784937,1782459,998886,1787079,435225
998886,477120,1787583,435225
998886,1776516
1782459,998886
1787079,435225
998886,1787079,1784937
1786029,22457
1782459,1787079
998886,1787079
21212,1787079
21212,435225
998886,470883
477120,470883,435225
1787079,470883
1786029,1787583,1787079,435225
1786029,477120
1787079,1784937
1787079,470883
998886,1787079
470883,1784937
1787583,477120,21212,435225
998886,22457,435225,1787079
998886,21212,22457,1784937
1787583,1776516,435225
998886,435225
1782459,470883
21212,1787079,435225
998886,1787079,470883,435225
998886,1787583
998886,1787079,435225
22457,1776516
998886,477120
998886,1787079
21212,470883
1787583,1787079
1787583,21212,435225
1786029,1787583,470883,477120,435225,1776516
1782459,1786029
1786029,1787583,1784937,477120,1787079
1786029,21212,470883,1784937,998886,435225
477120,21212,470883,1776516
1787583,477120,470883
21212,1787079,477120
1787079,1784937
1787079,1784937
998886,1787583
1787583,477120
21212,1776516
1786029,1787583,998886
998886,1787079,435225
477120,435225
1782459,998886
1787079,435225
998886,1776516
1787079,435225
1787583,21212
1782459,1787079,470883
998886,1787079,435225,1784937
998886,477120,470883
477120,1787079
21212,22457,477120,998886,1787079
1782459,998886
1787079,470883,22457
1787583,22457,470883
1787583,1787079,435225
1787583,470883,477120,998886,1787079
1782459,470883
21212,470883
21212,1787079,435225
1782459,998886
998886,22457
1782459,998886,1787583
998886,22457,470883
998886,1787079,435225,22457
998886,21212,470883,1784937
21212,1784937
998886,470883
1782459,1787583
1787079,435225
1782459,998886
1787583,21212,435225
998886,21212,477120
1786029,21212,1784937,1787079,435225
477120,1787079,435225
1786029,477120,1776516,998886
1787583,998886
1787583,435225
1786029,1787079
1786029,21212
998886,22457
470883,435225,998886,1787079,1776516
998886,21212,1787079,1776516
1787583,435225,998886,1787079,1776516
21212,22457,470883,477120,1787079,1776516
1787583,21212,22457,1784937,998886,1787079
21212,22457,1776516,998886,1787079,435225
1786029,21212,477120,435225,998886,1787079,1776516
1786029,1787583,22457,477120,1787079,1776516
1786029,21212,1787079,1776516
1786029,22457,477120,1787079,435225
1787583,21212,1786029,470883,477120,998886,1787079,435225
1786029,21212,470883,1776516,477120,998886,435225
1787583,22457,470883,477120,998886,1787079,435225
1787583,1786029,21212,22457,1776516,477120,435225
1786029,21212,470883,1784937,998886
1782459,1787583
1787583,477120,435225,1784937
998886,1787079,1776516
1787079,1784937
1786029,1787583,1784937,477120,1787079
1787079,1784937
1786029,21212,1787079,470883
1786029,1787583,22457,470883,998886,1787079,435225
477120,21212,22457
1787079,435225,470883
477120,470883
1787583,477120
1786029,22457
1787583,21212
1787583,22457,1782459,477120,998886,1787079,435225
998886,477120
1787583,21212,1787079,435225
998886,1787583
22457,435225
998886,22457
1787583,22457,470883,1787079,1776516
1786029,477120,470883
1787079,435225
21212,1787079
1782459,998886,1787079,435225
1782459,998886
21212,22457,435225,470883
1787583,1776516,435225
21212,1787079
1787583,470883,1784937
1786029,1787583,22457,477120,998886
1787583,21212,1786029,1782459,1787079
1786029,1787079,1776516,435225
1786029,1787583,22457,1776516,477120,1787079,435225
21212,22457
1787079,1784937
1787583,477120
1787583,1787079,22457
1787079,1784937
998886,470883
1787583,21212
1787079,22457
435225,1784937
470883,1776516
1782459,998886
998886,1787079,435225,1784937
998886,21212,470883,1784937
1787079,435225
1786029,21212,22457,1787583,477120,435225,998886,1787079,1776516
22457,1776516
1787079,1776516
1786029,477120,998886
1786029,477120,21212
998886,477120,1787583,435225
1782459,1786029,21212,435225
1786029,477120,998886
1787079,435225
1782459,1787583
1782459,998886,470883
21212,435225,470883
1782459,435225
21212,1787079,435225
998886,1787583
21212,1787079,22457
998886,22457
998886,21212,435225
1787079,470883
1787583,21212,1784937,1787079,435225
21212,1787079,435225
1782459,998886,21212
1787583,1787079
1782459,998886
1787583,21212
998886,477120
1786029,1787583,22457,1782459,477120,998886,1787079,435225
1787079,1784937
998886,21212
1787583,22457
1782459,1786029,1787583,998886
1787583,21212,1776516
1782459,470883
1787583,21212
1787079,435225
1786029,1787079,435225
1782459,1787583,470883
1782459,21212
1787079,435225
1786029,477120,998886,1787079,435225
998886,21212,470883,1784937
1787079,435225
470883,1784937
1787079,435225
998886,22457
1787583,21212,22457,1784937,998886,1787079,435225
1786029,998886,1787079,1776516
1787583,22457,1784937,477120,998886,1787079
998886,1787079
1782459,470883
435225,1784937
1782459,1787583,21212,1787079
1787079,435225
1787079,435225
1786029,477120,1787079,435225
1786029,21212,22457,435225,998886,1787079,1776516
1782459,1786029
1782459,1787583,477120,470883
1782459,1787583,21212
1787583,22457,435225
1787079,435225,1784937
477120,1787079
22457,1787079
998886,477120
1782459,470883
1786029,21212,1787583,470883,1776516,1787079,435225
21212,435225
1782459,435225
1787079,470883,435225
1786029,21212,470883,1784937,998886
1787583,22457,435225,1787079
1787079,470883
21212,477120,435225,470883
1787583,21212,1782459,435225,1776516
21212,1776516,477120
1787583,21212,22457
1786029,1776516
21212,477120
1786029,477120,998886,1787079,435225
1787079,470883
1787583,477120,998886
1782459,22457
1786029,21212
21212,470883
21212,470883
1782459,470883,435225
477120,470883
1787079,470883
1782459,998886
1787583,1786029
1787583,21212,1787079
998886,1787583
1786029,477120
998886,1787583,1787079,435225
477120,22457
1782459,477120
21212,1784937
22457,435225
22457,435225
1787079,435225
1782459,477120
1782459,470883,435225
477120,470883
1786029,1787079,435225,470883
998886,1787583
998886,470883
1787583,1787079,435225
1787583,1787079
1786029,1787583,1782459,477120,998886,1787079
1787583,1787079,435225
21212,1787079,435225
1787583,22457,1784937,1787079,435225
1786029,21212
1782459,998886,1787583,470883
1782459,477120
21212,1776516
1787583,1787079
1786029,21212,470883,1784937,998886
998886,1787079,470883
21212,1787079,435225,477120
22457,1776516
1782459,477120,1787079
1782459,1787583
1787583,1787079,470883
1786029,1787583,22457,477120,998886,1787079
1782459,1787583,22457,470883
1782459,1787079
1782459,470883,1784937
1787079,435225,22457
1787079,22457
1787583,470883
998886,21212
1787079,470883
1786029,21212,1787079,1776516
1786029,1784937,1776516,998886,1787079,435225
1787583,1786029,1776516,435225
998886,435225
998886,21212
1782459,1787583
1786029,21212
1786029,22457,1784937
998886,1787583,22457
1787583,1787079,470883
1786029,21212,470883,998886,1787079
1782459,998886
1787079,1784937
1782459,998886
1787583,1784937,998886,1787079,435225
1782459,470883,435225
1787583,477120,1787079,998886
477120,470883
1787583,1787079,1776516
1782459,1787079,435225
21212,435225
21212,1787079,477120,435225
1787583,21212,1786029
1787583,470883
1787079,435225
1787583,22457
1786029,21212,22457,1784937,1787079,435225
1787079,435225
1782459,1786029
1786029,1787583,21212,470883,477120,1787079,435225
1782459,1787079,22457
1787079,470883
1786029,1787583,1787079
477120,1787079,470883
1787583,22457,1784937,998886,1787079
1786029,21212,470883,1784937,998886
435225,1784937
1787079,435225
998886,1786029
1786029,1787079,1784937
1787583,477120,1787079,435225
1782459,21212,22457
477120,1787079
998886,1787079
477120,1787079
1787583,1787079,998886
998886,477120
1782459,1786029,470883,998886
1786029,22457,1784937,1782459,1787079
1787583,1787079,1776516,998886
1786029,470883,1782459,998886,435225
998886,477120
1787583,21212,1787079
1786029,435225
1787079,435225
1787079,435225
21212,435225,470883
1782459,435225
1787583,1787079
1787583,21212,998886,1787079,1776516
1787583,435225
21212,470883,1784937,1787079,435225
21212,1787079,1784937
1787079,435225
470883,1784937
1782459,21212
998886,21212
21212,1776516
477120,435225
1782459,435225
1787583,21212,998886
998886,22457,1784937
1787583,1787079,998886
1782459,470883
1786029,21212,470883,1784937,998886,435225
1787583,21212,22457,1787079,1776516
1787583,21212
477120,1776516
1787583,21212
1787079,435225
477120,435225
477120,470883
1787583,1786029,998886,1787079
21212,1787079
1786029,21212,477120
1782459,1786029
998886,470883
1782459,470883
1786029,21212,22457,470883,1776516
477120,1776516
1787079,435225
21212,477120,998886,1787079,1776516
1787583,21212,1786029,1787079,1776516
1786029,21212,1776516,998886
1786029,21212,477120,1787079,435225
1787583,21212,22457,470883,1784937,477120,1787079
1786029,1787583
1787583,21212,1786029,22457,477120,998886,1787079
477120,1784937
998886,1787079,470883
477120,1787079,470883,1784937
21212,1787079
1787583,21212,1786029,470883
470883,1782459,477120,998886,435225
21212,470883
1786029,1787079
998886,1787583
998886,1787583,1786029
477120,1787079,435225,1784937
21212,435225
21212,1787079
1787079,435225
21212,470883,1784937,477120,998886,1787079
998886,470883
21212,22457,1776516
1782459,1786029,477120
1782459,470883
22457,470883
1782459,1786029,470883
1787583,1787079
1787583,21212,1786029,1776516,477120,1787079,435225
1786029,477120
998886,21212
1787583,435225
1787079,435225
21212,477120,1787079,435225
1787583,1787079,435225
1782459,435225
1786029,21212,470883,1784937,998886,435225
1787583,1787079,435225
1787583,477120,1776516
1787583,22457
998886,1787583,1787079,1784937
998886,470883
1787583,1784937,998886
1787583,1787079
1786029,477120,1787583
1787583,477120
1782459,21212
1786029,21212,477120
1787583,998886
1786029,21212,470883,477120,1787079
1787583,21212,22457,1784937,1782459,477120,435225,1787079,1776516
998886,477120
998886,1787079
1787583,22457,1787079
1787583,21212
1782459,1787079,435225
477120,470883
1787583,22457
1782459,21212,477120
1782459,435225
1787079,470883,435225
1787079,435225
22457,470883
1786029,21212
1787079,1784937
1787583,1787079
1786029,1787583
1786029,477120,470883
1782459,470883
1782459,21212
1782459,1787079,1784937
1782459,477120
1786029,21212,22457,470883,477120,435225,1787079,1776516
477120,470883
998886,477120,21212
1786029,21212,470883,1784937,998886,435225
1787583,477120,1787079,1784937
1782459,998886,22457
1787583,1787079
1787079,435225
1782459,1787079
1787583,22457
1787079,435225
998886,1787079
1782459,435225
1787583,477120,22457,998886
1782459,1787583
477120,1787079,470883,435225
1787079,435225
998886,1787079,435225
1782459,477120,1787079
1787079,435225
1786029,470883
998886,21212,477120
1782459,998886
998886,21212
1787583,435225
1787583,22457
1786029,470883
477120,470883,1784937
1782459,998886
21212,1787079,477120
1787079,1776516
1782459,1787583
435225,1784937
1782459,477120,22457
21212,1787079,435225
998886,470883
21212,435225
1787583,21212
1786029,22457,435225
21212,22457,1776516
1786029,21212,470883,435225,1787079,1776516
1787583,21212,22457,477120,998886,1787079
1787079,1784937
1787583,477120,998886
1787079,435225,470883
1787079,435225
1787583,1787079
1782459,470883
21212,435225
1787583,22457
1786029,998886
1787079,435225
1787079,1784937
998886,21212,435225
998886,1787079
1782459,1787079,22457
1787079,435225
1786029,1787079
477120,1776516
1782459,1787583,22457
998886,21212,477120,470883
1782459,470883
21212,435225
998886,1787583,435225,22457
21212,477120,1776516
1786029,21212,1787583,470883,1782459,1787079
1782459,1786029
1782459,998886,470883
998886,21212
1782459,21212,435225
1786029,435225
1782459,21212
1782459,998886,21212
998886,21212
998886,21212,1787079
477120,435225,1784937
477120,21212
1787583,1786029,435225
1786029,1787583,22457,1787079
1787583,1782459,435225,998886,1787079,1776516
1787583,477120,998886,1787079,435225
1787583,21212
998886,22457
1787583,1787079,1784937
1787583,470883
1782459,1787583
1786029,21212,1787079,435225
1782459,1787583
1787079,470883
1786029,470883
998886,21212,1787079
1787583,477120,21212,22457
1787583,470883
1787583,998886
1786029,998886
1786029,1787583,22457,470883,435225,998886,1776516
1782459,998886
1782459,1787583,1786029
1787583,1776516
1787079,435225
1787583,1776516,998886
21212,1784937
477120,1787079,435225,1776516
998886,477120
998886,435225
1782459,22457,470883
477120,22457
21212,22457,470883,1784937,477120,435225,1787079,1776516
1787583,1786029,21212,470883,1784937,477120,998886,1787079,435225
21212,1776516,435225
1782459,1787583,1787079
22457,1787079
1782459,998886,21212,22457
1786029,21212,470883,1784937,998886,435225
1786029,22457,1784937,1787079
22457,435225
1786029,21212,477120
1786029,21212,1787583,435225
1782459,1787079
477120,22457
1782459,998886
1786029,1776516
22457,1787079
1782459,477120
1787583,998886
1787079,435225
1782459,1786029,21212
998886,1787079
1786029,21212,1787079,1784937
1787583,1786029,22457,477120,1787079,435225
998886,470883
1782459,22457
470883,1784937,1782459,998886,1787079,435225
1782459,1787583,435225
998886,1786029,435225
1782459,1787079,435225,22457
477120,470883
1786029,435225,1784937
1787583,470883
1787583,22457
1782459,1787583
998886,22457
1787079,435225
998886,21212
1786029,21212,1784937,477120,1787079,1776516
1782459,1787583
1787583,22457
1782459,22457
22457,1787079
1787079,435225
998886,21212,1787079,470883
1787079,1784937
1782459,21212,1776516,477120
1782459,477120,22457,470883
1782459,21212,1787079
477120,1787079
1786029,1787079
1787079,470883,1784937,435225
21212,22457
1786029,22457,1782459,477120,998886
1787583,470883,1784937,998886,1787079
998886,21212,1787079,435225
1787079,435225
1782459,435225
998886,477120,1787079,435225
477120,470883
998886,1787583,435225
1782459,1787583,22457,998886
21212,470883,477120
1787583,21212,1787079
1787079,1776516
21212,1784937
1786029,21212,470883,1784937,998886,435225
1787583,477120,1787079,435225
1786029,998886
1787583,22457,998886
21212,1787079,435225
1787583,1787079
1786029,477120,998886
998886,1784937
21212,435225
1787583,1786029,1776516,1784937
1782459,1786029
1786029,1787079
998886,21212,1787079,435225
1786029,21212,1787583
1776516,1784937
1786029,1787583,1784937,477120,1787079
1787583,22457
1787583,1787079,470883
21212,477120,470883
21212,1787079,435225
21212,477120
21212,435225
1786029,1787583
1786029,1787079,435225
477120,22457
1786029,22457,470883,1784937,477120,1787079,435225
21212,435225
21212,477120
435225,1784937
1787079,435225
1786029,21212,22457,1784937,1776516,477120,1787079,435225
998886,1787079,470883
21212,435225,1784937
1782459,21212,1787079,435225
435225,470883
1786029,21212,470883,1784937,998886,435225
22457,470883
470883,1784937
1786029,1787079
1787079,435225
1782459,21212,1787079,470883
1787583,1787079
1787079,470883
1786029,1787583,21212,22457,470883,477120,1787079,1776516
21212,22457,1776516
477120,22457,470883
477120,470883
1787583,1787079
1787583,21212,470883,477120,1787079,435225
1782459,998886,470883
21212,435225
1787079,435225
1787583,477120
21212,477120
1787583,1786029,22457,477120,1787079,435225
1786029,470883,477120,1787079,1776516
1787583,21212
477120,470883
1787583,1787079,435225
998886,1787583,1786029
477120,1787079
21212,22457
477120,1787079
21212,1787079,470883
998886,1787583
477120,1787079,470883
998886,1787079,470883,435225
1787583,22457,470883,1782459,477120,1787079
21212,1784937
1782459,1786029
1787079,470883
1786029,477120,1787079,22457
21212,470883,1784937,477120
1786029,477120,21212,1787079
1787583,1787079,470883,22457
21212,435225
1786029,435225
1786029,21212,470883,1784937,998886,435225
1786029,477120,1787583
21212,477120,1776516
1786029,477120
21212,1784937
21212,435225
21212,1787079,435225
1782459,1787079,1784937
1787583,1787079,470883
477120,435225
1782459,470883,1776516
1787583,477120,1776516
1787079,435225
477120,22457
1776516,1784937
1787079,435225
21212,470883,1784937,1782459,998886
1782459,1786029,470883
1787583,1786029,470883,1784937,1787079
1787079,22457
1782459,998886,477120
998886,477120
998886,470883
1787583,470883
1787079,435225
1787583,1787079,470883,998886
1787583,21212,22457,1787079
1782459,998886,1787079
1786029,1787079,1776516,22457
998886,21212,1787079
477120,21212
1782459,1786029,435225
477120,470883
1786029,1787583,22457
1782459,998886,22457
1787583,435225
1787583,477120
1782459,1786029
1786029,477120,21212,470883
1782459,477120,470883
1786029,1787583,22457,21212,470883,1776516
1782459,435225,1776516
1787583,1776516,435225
1787079,1776516
1786029,1787583,998886
1786029,1787583,22457,470883,1784937,1787079,1776516
1787583,1787079
21212,470883,1784937,998886,435225
1787583,1787079,435225
1787079,22457
21212,470883,1784937
1787583,1786029
998886,1787079
1787583,1787079,22457
21212,470883
21212,1787079,1776516
1786029,477120,435225,1787079,1776516
1786029,21212
477120,1787079,22457
998886,1787079
1787583,477120
470883,435225
1786029,21212,1787583,470883,1787079,1776516
1786029,21212,470883,477120,1787079,1776516
1786029,21212
1782459,22457
1787079,435225
1782459,1787079
1787583,1786029,1784937,477120,998886,1787079
1787583,477120
1786029,477120
998886,477120,1787079,1776516
1786029,22457
1782459,1787583
1782459,1776516
22457,1787079
1786029,21212,1787583,477120,998886,1787079,435225
1787079,1776516
1782459,998886
22457,470883,998886,1787079,435225
1787079,435225,1784937,470883
1786029,998886
1782459,1786029,1787079
1782459,1786029,477120
1782459,1787583,470883
1782459,998886,477120,21212
21212,470883
1787583,477120,22457
1782459,470883
1782459,1786029
21212,22457,470883,998886,1776516
477120,435225
1786029,21212,470883,1784937,998886,435225
1787583,435225
998886,1776516
1787583,22457,435225,1776516
1787583,1787079
477120,1787079
477120,1776516
1782459,1786029
1782459,1786029
998886,1787079
21212,1787079,435225
477120,435225
1786029,1784937
1786029,1787583
1787583,477120
22457,470883
1782459,1786029,1787583
1782459,22457
1786029,477120,470883
1786029,21212
1776516,435225
21212,1787079
1782459,1787079
1787583,998886
21212,435225,1784937
1786029,1784937,477120,998886,1787079
21212,1787079
1782459,1787079
1782459,22457,470883
1786029,477120,1787079,21212
1786029,21212,22457,1787583,470883,477120,435225,1787079,1776516
1787583,22457,1782459,1787079,1776516
21212,1784937
1782459,998886,1787079
998886,470883
1782459,1787079
1786029,21212,1784937,477120,435225
1787583,21212,435225
1786029,1787079
21212,470883
1786029,21212,470883,1784937,998886,435225
477120,435225,1784937
1782459,470883
1787583,477120,470883,998886
1787583,477120,435225
1787583,477120,435225,1787079,1776516
21212,470883
1787583,1787079,22457
1787079,470883
1776516,1784937
21212,1776516,435225
1787079,1784937
1782459,1786029
1786029,1787583,1784937,477120,1787079
1782459,1784937
998886,1787583
1782459,998886
21212,1784937
1782459,477120
1787583,1787079
21212,1776516
998886,477120
1787583,435225,1784937
1787079,22457
21212,1787079,477120
21212,1784937
477120,470883
477120,470883
1782459,477120,470883
1787583,21212,22457,470883,477120,1787079
22457,435225,1784937
1782459,1787583,470883
1786029,21212
435225,1784937
1782459,477120,22457
1786029,21212
21212,1787079,470883
22457,470883
1787079,435225
1787583,1787079
1786029,21212,1784937,998886,435225
1782459,1787583,1786029
1782459,998886,1787079,470883
1786029,470883
1782459,22457
1786029,1787583,1787079,21212
1787583,477120,470883
1786029,1787079
1787583,470883
1787583,435225,1784937
1787583,21212,1776516,435225
21212,1787079
1787079,435225
1782459,21212,1787079,435225
1787079,435225
477120,1787079
1782459,1786029
1787583,477120
477120,21212
1787583,21212,22457
1782459,1787583
1782459,22457
1787583,1787079
1782459,1787583
1787583,1776516
1787583,22457
1787079,435225
1782459,1787583
1782459,1786029
1787583,477120,22457
998886,477120,1787079,470883
998886,21212,435225,1784937
1782459,1787583
1787079,1776516
1787583,1787079,435225
1787583,1776516
1786029,1787583,22457,477120,998886,1787079,1776516
1782459,1787079
1786029,998886
1786029,21212,22457,1787583,470883,1784937,477120,435225,1787079,1776516
998886,477120,1786029,1787079
21212,470883
1787583,470883,1784937
1786029,21212,22457,1787583,470883,1784937,477120,435225,998886,1787079,1776516
1786029,1787583,22457,477120,998886,1787079
22457,470883
1782459,1787079,1784937
477120,470883
1782459,470883
1776516,435225
1787583,477120
1787583,1787079
1782459,21212,1787079,435225
21212,1787079,470883
1782459,1786029,21212
1787583,1787079
1782459,1776516
1782459,22457
477120,470883
1787583,1787079
1787583,1784937
1787079,1776516
1782459,470883
1782459,470883
1782459,477120,21212
1782459,1787079
1786029,21212
998886,477120
1782459,477120,470883
1787583,477120,1787079,435225
21212,1787079,435225,1784937
1787583,1786029,1784937,477120,998886
477120,470883
1786029,1787583,470883,477120,1787079,1776516
1786029,22457,470883,1784937,477120,1787079,435225
21212,1787079
1782459,477120
1786029,1787079
998886,435225
1782459,22457
1786029,1787583,21212,477120,1787079,1776516
1782459,1786029
1787583,22457,470883,1782459,477120,1787079
470883,1784937
1787583,21212,1787079
1786029,1776516
1787583,21212,470883,477120,998886,435225
477120,470883
1782459,21212
1786029,1776516
1787079,1784937
21212,1787079
1786029,21212,470883,1784937,998886,435225
477120,1787079
1787583,1787079,1784937
1787583,22457
22457,470883
21212,1787079,1776516
1787583,470883
1787583,470883
21212,470883
477120,470883
1787583,477120,22457,1787079
1787583,1787079,22457
1786029,22457,470883,477120,998886,1787079
1782459,22457
1787583,21212,1787079
1782459,998886,477120,1787079
1776516,470883
1787583,435225
1787583,477120
21212,470883
1782459,1787079
1776516,1784937
21212,1787079,435225
998886,21212,1787079,435225
1786029,22457
477120,470883
1782459,477120
998886,22457,1776516,470883
1782459,998886
1787583,477120
477120,435225
1786029,477120,1776516
1782459,22457
1786029,1787079,470883
1782459,1787583
21212,22457
998886,1787079
1787583,22457
1782459,998886,470883
1787583,1787079
1786029,21212
1787583,22457
1786029,21212,998886
21212,435225
1786029,1787583,22457,1784937,477120,1787079
1787583,21212,22457,477120,998886,1787079,1776516
1787583,1787079,22457
1787583,435225
1776516,470883
1787079,435225,22457
1786029,477120,1787079,470883
477120,470883
1786029,21212,470883,1784937,998886,435225
1782459,477120,1787079,470883
477120,21212
1787583,1787079
998886,1787583
477120,1787079,470883
1787079,435225
998886,477120,1787079
21212,1787079
1787583,1786029
1787583,21212,998886,1787079,435225
1786029,1787583,22457,1784937,477120,998886,1787079
22457,435225
1786029,21212,1784937,477120,998886,1787079,435225
1786029,21212,1787583,1784937,1782459,477120,1787079,1776516
1782459,22457,470883
1786029,1787079
21212,1787079,435225,1784937
998886,1787079
1787583,1787079,435225
1782459,477120
1787583,477120,1784937,998886
1787079,435225
1787079,435225
1782459,1786029
1787079,435225
21212,470883,1784937,1787079,435225
1782459,998886,22457
477120,470883
477120,470883
22457,470883,477120,998886,1787079,1776516
998886,477120,21212,470883
1787079,22457
470883,1784937
998886,477120,1787079
1787583,1787079,998886
1787583,1784937,1782459,435225,998886,1787079,1776516
1786029,21212,22457,1787583,470883,435225,1787079,1776516
1782459,1787583
1787583,1786029,477120,1787079
1782459,22457
1787079,435225
1782459,1787583
1787079,435225
998886,22457
1782459,21212,470883
1782459,470883
1782459,435225
1782459,1787079,435225
1787583,435225
1782459,1787583,470883,435225
1786029,1787583,22457,21212,470883,1784937,477120,435225,1787079,1776516
1782459,1787583
1787079,435225
1786029,21212,470883,1784937,998886,435225
1786029,477120,1787079
1787583,22457
1782459,1787583,1787079
1787079,1784937
1782459,470883
470883,1784937,1782459,1787079,1776516
1787583,22457
1786029,21212,477120,998886,435225
1786029,21212
477120,1787079,22457
998886,21212,1786029
1782459,1786029
1786029,1784937
1782459,1787583,22457,470883
1787583,470883
1782459,1787583,998886
1786029,21212,1784937,477120,998886,1787079
1787583,435225,1776516,470883
477120,21212
1786029,1787583,22457,1784937,477120,1787079
1786029,1787583,1787079,470883
1786029,1787583
1787583,22457
1782459,470883
1787079,1784937
21212,470883,477120
1786029,1787583
21212,435225
1787583,1787079
1786029,21212,1782459,998886,435225
998886,1787079,435225
1786029,21212,435225
1786029,21212,1787079,1776516
1787079,435225
1787079,470883
1782459,1784937
1782459,1784937
1787079,435225
1782459,1787583
22457,435225
1787583,477120
1787079,1784937
998886,21212
1782459,1787079
1782459,1787583
1787583,470883
1787583,21212,1786029,22457,470883,1784937,477120,1776516
1786029,1787583,22457,21212,1784937,477120,435225,1776516
1782459,1787079
1782459,1787583,22457
1787583,1787079,435225
21212,1787079,22457
1786029,21212,470883,1784937,998886,435225
1782459,1787583,477120
1782459,435225
1787583,22457
22457,470883
1782459,1787583,1776516
1782459,477120,1787079,435225
1787079,435225
998886,477120,1787079,470883
998886,477120,470883
1782459,1787583
1782459,470883
1787583,21212,22457,1786029,1776516,1787079,435225
1786029,21212,22457,470883,1784937,435225,1787079,1776516
1787583,22457,470883
1787583,1786029,22457,477120,1787079
435225,1784937
21212,477120
1787583,22457,477120,998886,1787079,435225
1782459,21212,435225
1787583,470883
1786029,1776516,1784937
1782459,1786029,1787079
1787583,21212
1786029,21212
1782459,477120
1787583,1787079
21212,1784937,1782459,477120,1787079
21212,1776516
1786029,1787079
1786029,21212,22457,1787583,470883,477120,1787079,1776516
1787583,1786029,21212,470883,1784937,477120,1787079,1776516
1782459,470883
21212,1787079,435225
21212,22457,1776516
1782459,1787583
21212,22457
477120,470883
1787079,1776516
1787583,1786029
998886,1787583
1786029,22457
1782459,435225,1784937
1782459,1787079
435225,1776516
998886,477120,1787079
477120,470883
1782459,1787583
21212,1776516
477120,1776516
1782459,435225
1787583,435225
1786029,21212,1787583,22457,470883,1776516,477120,1787079,435225
1787583,22457
998886,21212,470883
1787079,435225
1787583,1787079
1787079,1784937
21212,470883
21212,1787079
1786029,21212,470883,1784937,998886,435225
21212,435225,1784937
998886,1776516
477120,470883,1784937
1787583,435225,998886
1782459,477120
1782459,1787079,435225,1784937
1782459,1787583
470883,1784937
1787079,435225
1782459,21212
1786029,477120
22457,1787079
1787583,470883
1786029,21212,1787583,22457,1784937,477120,435225,1776516
22457,1776516
477120,1787079
1782459,470883
1782459,1787079,435225
477120,22457
1782459,998886,21212,1786029
1787583,1786029
21212,435225
1786029,1787079
1787583,21212,477120,435225,1787079,1776516
1782459,1787583
21212,1784937
1786029,1787583,22457,1784937,477120,1787079
1786029,1784937
998886,1776516
477120,1787079,435225
1782459,21212
1787583,470883
477120,470883
998886,21212
1782459,470883
1787583,435225,1784937
1786029,1787583,1787079,1784937
1786029,21212
1782459,21212
1787079,435225
21212,22457,1787079
1787583,1776516
998886,1776516
1787079,435225
1787583,1786029,21212,1782459,435225,1787079,1776516
1787079,435225
1787079,435225
477120,470883
1786029,21212,470883,1784937,998886,435225
1782459,1787079
1782459,22457
21212,1784937
1787583,21212
1787583,470883
1787583,470883
1786029,1787583,22457,21212,470883,477120,1787079
1787583,1786029,22457,21212,470883,1776516,477120,1787079,435225
1782459,1787583
1782459,1787583,470883
1787583,477120
1787583,21212,1787079
1787079,470883
1787583,1786029,22457,477120,1787079
1782459,1786029
1786029,435225
22457,470883
1786029,1784937
998886,1787583,1787079
1787583,477120,1786029
21212,1787079,435225
1787583,21212,1786029,22457,470883,1784937,477120,435225,998886,1776516
1787079,470883
1787583,1787079
998886,477120
1782459,1786029,477120
1786029,1787583,22457,470883,477120,998886,1787079
1787583,1786029,22457,470883,477120,1787079,435225
1787079,22457
477120,1787079
1782459,21212,1787079
1787583,1787079
1782459,1787583,1786029
22457,1784937,1782459,1787079,435225
1787079,470883,435225
1787079,435225
1782459,470883,1776516
1782459,1787583,1787079
22457,435225,470883
1782459,1787583
1782459,1787583,477120,22457
477120,1784937
1787079,435225
1787583,1787079,1776516
1782459,1787583
22457,1784937,998886,1787079,435225
435225,1784937
21212,470883,1784937,998886,435225
1786029,1784937
1782459,22457
1787079,435225
1786029,21212,470883,1787079,435225
1787583,1786029,22457,470883,1784937,477120,998886,1787079
1786029,1787583,22457,477120,1787079
477120,21212
1786029,21212,22457,1787583,470883,1784937,1787079,435225
470883,1784937
21212,470883,1784937,998886,435225
1776516,1784937
1787583,1786029,435225,1784937
1787583,1787079,470883
1787583,435225
1786029,21212
1787079,435225
1782459,1786029
22457,470883
1786029,21212,477120
21212,1776516
1787079,435225
21212,1784937
1782459,1776516
1787583,21212,470883,1776516,1782459,477120,1787079,435225
1786029,21212,22457,1787583,470883,477120,435225,998886,1787079,1776516
1782459,1786029
21212,477120,470883
21212,470883,1784937,998886,435225
1786029,1787583,22457,477120,1787079
1786029,1787583,22457,1784937,477120,1787079
1782459,21212
1787583,22457
477120,22457,435225
1786029,998886
477120,1787079
1787583,1787079,1784937
1787583,1776516
1787583,1787079,998886
1786029,1787583,1787079
1786029,477120,22457,1787079
1786029,1787583,22457,1782459,1787079,1776516
1782459,1787583,22457,435225
1786029,21212,1787583,470883,1782459,477120,435225,1787079,1776516
1782459,477120,1787079,1784937
1786029,21212,22457,1787583,470883,1787079,435225
1786029,435225
1787583,22457
1787583,21212
1786029,21212,470883,1784937,998886,435225
1787583,21212,22457
1787583,1787079,435225
1787079,470883
998886,470883
21212,470883
1786029,1787079
1786029,21212,470883
1787079,435225
1782459,1776516
477120,1776516
1787583,1786029,22457,477120,1787079
1787583,477120,1787079,1784937
1782459,1786029,1787079,1784937
1786029,21212,22457,470883,477120,435225,1787079,1776516
1786029,22457,1784937,477120,1787079
1782459,22457,435225,1787079
1782459,1787583,470883
1782459,22457
21212,470883
1782459,1786029,470883
1787583,477120
1782459,477120
1787583,22457
1787079,1784937
1787079,1776516
998886,477120
1786029,1787583
1786029,1787583,435225
1786029,477120
1782459,21212
1787583,1786029,21212,22457,470883,477120,435225,1787079,1776516
1787583,477120,470883
1787583,22457
1787583,477120
1786029,21212,470883,1784937,998886,435225
477120,1787079
998886,1787079
1787583,21212
1782459,1786029
1782459,470883
1787079,1784937
477120,470883
1782459,998886,470883,1784937
1786029,477120,470883
1782459,1787583,435225
1787079,435225
21212,1787079,435225
1787583,470883
1786029,21212,1787583,22457,470883,477120,998886,1776516
1786029,435225
1786029,22457
1782459,470883
998886,1787583,1776516,1787079
998886,21212,435225,470883
1786029,1787583
21212,435225,1784937
22457,470883
477120,1787079
1786029,1787583,1784937,477120,1787079,1776516
1787583,1786029
1786029,1787583,22457,1784937,477120,1787079
477120,22457
1787583,21212,435225
1782459,1787583
21212,470883,477120
1786029,21212,1776516
1787583,1787079
1787583,1787079
1786029,470883
1782459,435225,1776516,470883
1782459,998886,22457,435225
1782459,21212,22457
1787583,470883
998886,22457
1787583,1786029,22457,21212,470883,1784937,1776516,477120,435225
1786029,1787583,22457,21212,470883,1782459,477120,435225,1787079,1776516
1786029,1787583,22457,21212,470883,1784937,1776516,1782459,477120,998886,1787079,435225
1787079,1776516
1787079,435225
1787079,435225
1787583,477120
998886,21212,1787079,470883
1786029,21212,470883,1784937,998886
21212,22457
1787583,435225
1787079,435225
1782459,21212,1787079
470883,1784937,1776516
1782459,1787583
21212,1787079
1782459,1787079
1787079,1784937
1782459,1787079,435225
1786029,21212,22457,477120,998886,1787079,1776516
1787583,21212,477120
1787583,1787079
1782459,1787583
1786029,1787583,22457,1784937,477120,1787079
22457,470883
1787079,1776516
22457,1787079
1782459,1787583,22457
1782459,1787583
1787583,21212
1787583,21212
1787583,1787079
21212,1784937
1787079,435225
21212,435225
21212,1787079
1786029,21212,22457,1787583,470883,1782459,477120,998886,1787079
1786029,21212,22457,1787583,470883,477120,435225,1787079,1776516
1786029,1787583,22457,1784937,1787079
1786029,21212,470883,1784937,998886,435225
1787583,1784937
477120,435225
1782459,1776516
1787583,1787079,435225
477120,22457
21212,1776516,470883
1786029,1787583,22457,21212,470883,1784937,477120,1787079,435225
477120,435225
1787583,470883
477120,1776516
1786029,21212,22457,1787583,1784937,1782459,477120,435225,998886,1787079,1776516
1786029,21212,470883,1784937,998886
1786029,1787079,1784937,22457
1787583,435225
